"Time_Iter","Outer_Iter","Inner_Iter",    "rms[Rho]"    ,    "rms[RhoU]"   ,    "rms[RhoV]"   ,    "rms[RhoE]"   ,     "rms[nu]"    ,    "RefForce"    ,       "CD"       ,       "CL"       ,       "CSF"      ,       "CMx"      ,       "CMy"      ,       "CMz"      ,       "CFx"      ,       "CFy"      ,       "CFz"      ,      "CEff"      ,     "Buffet"     
          0,           0,           0,       -4.34800066,      -16.16746852,        -16.302636,      -2.896555382,      -10.35137198,               0.5,      0.4330217809,      0.2992723457,                 0,                 0,                 0,      0.2337448308,      0.4330217809,      0.2992723457,                 0,      0.6911253865,    0.002683839546
          0,           0,           1,      -4.784828836,      -4.593832135,      -4.340811991,      -3.325765012,      -10.72962475,               0.5,      0.5061299295,      0.2038664711,                 0,                 0,                 0,      0.2331069904,      0.5061299295,      0.2038664711,                 0,      0.4027947355,    0.002683839546
          0,           0,           2,       -4.97952898,      -4.808148098,      -4.596735531,      -3.524711205,      -10.77943327,               0.5,      0.4591189522,      0.1288862457,                 0,                 0,                 0,      0.1961535043,      0.4591189522,      0.1288862457,                 0,      0.2807251695,    0.002929053614
          0,           0,           3,      -5.133018875,       -4.87370844,       -4.69357669,      -3.681096594,      -10.73646881,               0.5,      0.4239076882,     0.09224219338,                 0,                 0,                 0,      0.1757591022,      0.4239076882,     0.09224219338,                 0,      0.2175997179,    0.002929053614
          0,           0,           4,      -5.195604467,      -4.893523075,      -4.723704097,      -3.746692406,      -10.67635563,               0.5,      0.3992430834,      0.0791754484,                 0,                 0,                 0,      0.1662444691,      0.3992430834,      0.0791754484,                 0,      0.1983138887,    0.003490329898
          0,           0,           5,      -5.216188911,      -4.888246957,      -4.724740491,      -3.769770887,      -10.61749744,               0.5,      0.3773594188,     0.07776503069,                 0,                 0,                 0,       0.162491339,      0.3773594188,     0.07776503069,                 0,      0.2060768245,    0.002683839546
          0,           0,           6,      -5.217957303,      -4.868221329,      -4.715379246,      -3.773787751,      -10.56618107,               0.5,      0.3552906667,     0.08138179128,                 0,                 0,                 0,      0.1607334737,      0.3552906667,     0.08138179128,                 0,      0.2290569353,    0.003490329898
          0,           0,           7,       -5.21254137,      -4.843212797,      -4.701060009,      -3.770436515,      -10.52695325,               0.5,      0.3321526044,     0.08848627727,                 0,                 0,                 0,       0.159080186,      0.3321526044,     0.08848627727,                 0,      0.2664024791,    0.004760657185
          0,           0,           8,      -5.203847569,        -4.8162457,      -4.685469943,      -3.763437223,      -10.50070598,               0.5,      0.3078368392,     0.09708669698,                 0,                 0,                 0,      0.1570559687,      0.3078368392,     0.09708669698,                 0,      0.3153836209,    0.005567147538
          0,           0,           9,      -5.193833659,      -4.788232796,      -4.670224671,      -3.754820828,      -10.48706412,               0.5,       0.282645336,      0.1057529137,                 0,                 0,                 0,      0.1533281121,       0.282645336,      0.1057529137,                 0,      0.3741541084,    0.004760657185
          0,           0,          10,      -5.183813922,      -4.760911489,      -4.656006491,      -3.745819189,      -10.48379423,               0.5,      0.2572025633,       0.115769978,                 0,                 0,                 0,      0.1491659379,      0.2572025633,       0.115769978,                 0,      0.4501120693,    0.005567147538
          0,           0,          11,      -5.173871519,      -4.734539492,      -4.643012334,      -3.736625264,      -10.48652856,               0.5,      0.2317862097,      0.1252919814,                 0,                 0,                 0,      0.1435376295,      0.2317862097,      0.1252919814,                 0,      0.5405497658,    0.004760657185
          0,           0,          12,      -5.164726256,      -4.709299941,      -4.631041049,      -3.727908948,      -10.49177138,               0.5,      0.2068088591,      0.1357460569,                 0,                 0,                 0,      0.1376202954,      0.2068088591,      0.1357460569,                 0,      0.6563841488,    0.005567147538
          0,           0,          13,      -5.156150589,      -4.685468866,       -4.61992528,      -3.719532249,      -10.49749732,               0.5,      0.1823872424,      0.1454307546,                 0,                 0,                 0,      0.1305659767,      0.1823872424,      0.1454307546,                 0,      0.7973735044,    0.004760657185
          0,           0,          14,      -5.148388395,      -4.663553094,      -4.609454574,      -3.711738616,      -10.50298276,               0.5,      0.1589894164,      0.1558067653,                 0,                 0,                 0,      0.1230754218,      0.1589894164,      0.1558067653,                 0,       0.979981994,    0.005567147538
          0,           0,          15,       -5.14142745,      -4.643395717,      -4.599709231,      -3.704591065,       -10.5075945,               0.5,       0.136756356,      0.1647656896,                 0,                 0,                 0,      0.1142745427,       0.136756356,      0.1647656896,                 0,       1.204811933,    0.004760657185
          0,           0,          16,      -5.135032683,      -4.624962653,      -4.590674522,      -3.697845781,      -10.51148304,               0.5,      0.1158992995,      0.1735130063,                 0,                 0,                 0,      0.1050086918,      0.1158992995,      0.1735130063,                 0,       1.497101424,    0.005567147538
          0,           0,          17,      -5.128762073,      -4.608058044,      -4.582485035,      -3.691054358,      -10.51456568,               0.5,     0.09641512593,      0.1809867679,                 0,                 0,                 0,     0.09504495173,     0.09641512593,      0.1809867679,                 0,       1.877161557,    0.004760657185
          0,           0,          18,      -5.122404224,      -4.592582214,      -4.575206926,      -3.683992335,      -10.51709938,               0.5,     0.07854111076,      0.1879369829,                 0,                 0,                 0,     0.08488715491,     0.07854111076,      0.1879369829,                 0,       2.392848549,    0.005567147538
          0,           0,          19,      -5.116109611,      -4.579355437,      -4.569010609,      -3.676836148,      -10.51916874,               0.5,     0.06249862863,      0.1936376848,                 0,                 0,                 0,     0.07431277668,     0.06249862863,      0.1936376848,                 0,       3.098270938,    0.004760657185
          0,           0,          20,      -5.109729099,       -4.56805546,      -4.564226256,      -3.669431691,         -10.52093,               0.5,     0.04817411521,      0.1985279299,                 0,                 0,                 0,     0.06371412238,     0.04817411521,      0.1985279299,                 0,       4.121049843,    0.005567147538
          0,           0,          21,       -5.10304674,      -4.559118877,      -4.561211677,      -3.661502402,      -10.52242692,               0.5,     0.03538132408,      0.2023966772,                 0,                 0,                 0,     0.05305336422,     0.03538132408,      0.2023966772,                 0,       5.720438181,    0.004760657185
          0,           0,          22,       -5.09629263,      -4.552990703,      -4.560528145,      -3.653253736,      -10.52358791,               0.5,     0.02421025287,      0.2055559787,                 0,                 0,                 0,     0.04258220333,     0.02421025287,      0.2055559787,                 0,       8.490451536,    0.004760657185
          0,           0,          23,      -5.089968959,      -4.550088847,      -4.562917777,      -3.645149335,      -10.52447649,               0.5,     0.01443743114,      0.2080521463,                 0,                 0,                 0,     0.03242928166,     0.01443743114,      0.2080521463,                 0,         14.410607,    0.004760657185
          0,           0,          24,      -5.084675145,      -4.550711078,      -4.569133209,      -3.637756449,      -10.52508873,               0.5,     0.00598733482,      0.2099957194,                 0,                 0,                 0,      0.0227673888,     0.00598733482,      0.2099957194,                 0,       35.07332156,    0.004760657185
          0,           0,          25,      -5.081241432,      -4.555230074,      -4.579768314,       -3.63192447,      -10.52550264,               0.5,    -0.00119805353,      0.2110806827,                 0,                 0,                 0,     0.01347926227,    -0.00119805353,      0.2110806827,                 0,      -176.1863535,    0.004760657185
          0,           0,          26,      -5.080227812,      -4.563091319,      -4.594961884,      -3.628290361,      -10.52572758,               0.5,   -0.007401585523,      0.2117204274,                 0,                 0,                 0,    0.004933503319,   -0.007401585523,      0.2117204274,                 0,      -28.60473971,    0.004760657185
          0,           0,          27,      -5.081817598,      -4.573344964,      -4.614055222,      -3.627182448,       -10.5257067,               0.5,     -0.0127534698,      0.2118676892,                 0,                 0,                 0,   -0.002818821949,     -0.0127534698,      0.2118676892,                 0,       -16.6125527,    0.004760657185
          0,           0,          28,      -5.085900517,      -4.584411185,      -4.635323373,      -3.628703497,      -10.52542245,               0.5,     -0.0173569475,      0.2116271041,                 0,                 0,                 0,   -0.009669127351,     -0.0173569475,      0.2116271041,                 0,      -12.19264529,    0.004760657185
          0,           0,          29,      -5.092012226,      -4.594545417,      -4.656055811,      -3.632612828,      -10.52478711,               0.5,    -0.02122061767,      0.2107103881,                 0,                 0,                 0,    -0.01577241733,    -0.02122061767,      0.2107103881,                 0,      -9.929512486,    0.004760657185
          0,           0,          30,      -5.099203064,      -4.601667402,      -4.673150502,      -3.638140459,       -10.5237751,               0.5,    -0.02450610756,      0.2093442671,                 0,                 0,                 0,    -0.02097479833,    -0.02450610756,      0.2093442671,                 0,       -8.54253441,    0.004760657185
          0,           0,          31,      -5.106687185,      -4.604911065,      -4.684260556,      -3.644551827,      -10.52250413,               0.5,    -0.02729331758,      0.2075290488,                 0,                 0,                 0,    -0.02526525179,    -0.02729331758,      0.2075290488,                 0,      -7.603657862,    0.004760657185
          0,           0,          32,      -5.114175116,      -4.604442065,      -4.688926863,      -3.651449921,      -10.52114545,               0.5,    -0.02964322587,      0.2053763584,                 0,                 0,                 0,     -0.0285707117,    -0.02964322587,      0.2053763584,                 0,      -6.928272897,    0.004760657185
          0,           0,          33,      -5.121583302,      -4.601197959,       -4.68848149,      -3.658535806,      -10.51988017,               0.5,    -0.03152146428,      0.2027640973,                 0,                 0,                 0,    -0.03098387491,    -0.03152146428,      0.2027640973,                 0,      -6.432572278,    0.007072267429
          0,           0,          34,      -5.129126143,      -4.596257965,      -4.685087683,      -3.665800976,      -10.51874252,               0.5,    -0.03301196708,      0.1997395531,                 0,                 0,                 0,    -0.03249765344,    -0.03301196708,      0.1997395531,                 0,      -6.050519577,    0.007072267429
          0,           0,          35,      -5.137085363,      -4.590545143,      -4.680661241,      -3.673367528,      -10.51767022,               0.5,    -0.03415483326,      0.1963593608,                 0,                 0,                 0,    -0.03309925437,    -0.03415483326,      0.1963593608,                 0,      -5.749094406,    0.007072267429
          0,           0,          36,      -5.145694385,       -4.58476357,      -4.676276513,      -3.681417294,       -10.5165755,               0.5,    -0.03491372335,      0.1924812373,                 0,                 0,                 0,    -0.03292701093,    -0.03491372335,      0.1924812373,                 0,       -5.51305386,    0.007072267429
          0,           0,          37,      -5.154913253,      -4.579230862,      -4.672280199,      -3.689949807,        -10.515451,               0.5,    -0.03525643552,      0.1879495312,                 0,                 0,                 0,    -0.03213454643,    -0.03525643552,      0.1879495312,                 0,      -5.330928338,    0.007072267429
          0,           0,          38,      -5.164504282,      -4.574163266,      -4.668574238,      -3.698821581,      -10.51421477,               0.5,     -0.0351731917,      0.1827293159,                 0,                 0,                 0,    -0.03082084732,     -0.0351731917,      0.1827293159,                 0,      -5.195130356,    0.007072267429
          0,           0,          39,      -5.174120899,      -4.569523873,      -4.665016928,      -3.707782961,       -10.5127831,               0.5,     -0.0347515148,       0.176948827,                 0,                 0,                 0,    -0.02892514414,     -0.0347515148,       0.176948827,                 0,      -5.091830616,    0.007072267429
          0,           0,          40,      -5.183413142,      -4.565520454,       -4.66144479,      -3.716559478,      -10.51119957,               0.5,     -0.0339604504,       0.170526483,                 0,                 0,                 0,    -0.02657508335,     -0.0339604504,       0.170526483,                 0,      -5.021325718,    0.007072267429
          0,           0,          41,      -5.192430076,      -4.562309619,      -4.657908914,      -3.725248583,      -10.50960054,               0.5,     -0.0327886636,       0.163366083,                 0,                 0,                 0,    -0.02393002723,     -0.0327886636,       0.163366083,                 0,      -4.982395288,    0.007072267429
          0,           0,          42,      -5.201075048,      -4.560109872,      -4.654518014,      -3.733778961,      -10.50805937,               0.5,    -0.03125828838,      0.1553619963,                 0,                 0,                 0,    -0.02117083741,    -0.03125828838,      0.1553619963,                 0,      -4.970265626,    0.007072267429
          0,           0,          43,      -5.209418415,      -4.558981418,      -4.651438168,      -3.742243438,      -10.50652178,               0.5,    -0.02944606166,      0.1465433956,                 0,                 0,                 0,    -0.01837377479,    -0.02944606166,      0.1465433956,                 0,      -4.976672172,    0.007072267429
          0,           0,          44,      -5.217314739,      -4.558963227,      -4.648779793,      -3.750517536,       -10.5050078,               0.5,    -0.02742417288,      0.1370441647,                 0,                 0,                 0,     -0.0155437514,    -0.02742417288,      0.1370441647,                 0,      -4.997203209,    0.007072267429
          0,           0,          45,      -5.224636018,      -4.560142109,       -4.64661081,      -3.758496152,      -10.50365119,               0.5,    -0.02521711527,      0.1268056959,                 0,                 0,                 0,    -0.01284463899,    -0.02521711527,      0.1268056959,                 0,      -5.028556777,    0.007072267429
          0,           0,          46,      -5.231136264,      -4.562614111,      -4.644968299,      -3.765949192,      -10.50238651,               0.5,    -0.02284838599,      0.1159451484,                 0,                 0,                 0,    -0.01032262464,    -0.02284838599,      0.1159451484,                 0,      -5.074544368,    0.007072267429
          0,           0,          47,      -5.236371286,      -4.566521041,      -4.643868116,      -3.772430773,      -10.50121958,               0.5,    -0.02043450423,      0.1044626849,                 0,                 0,                 0,   -0.008115034421,    -0.02043450423,      0.1044626849,                 0,      -5.112073368,    0.007072267429
          0,           0,          48,      -5.239881379,      -4.571791647,       -4.64335621,      -3.777456175,      -10.50000821,               0.5,    -0.01804606126,     0.09251420489,                 0,                 0,                 0,   -0.006241475349,    -0.01804606126,     0.09251420489,                 0,      -5.126559394,    0.007072267429
          0,           0,          49,      -5.241290701,       -4.57828371,      -4.643469746,      -3.780570555,      -10.49887262,               0.5,    -0.01575491764,     0.08030015365,                 0,                 0,                 0,   -0.004678730996,    -0.01575491764,     0.08030015365,                 0,      -5.096831066,    0.007072267429
          0,           0,          50,      -5.240615016,      -4.585945577,      -4.644228359,      -3.781669764,      -10.49774793,               0.5,    -0.01356099283,     0.06796008036,                 0,                 0,                 0,   -0.003441416157,    -0.01356099283,     0.06796008036,                 0,      -5.011438413,    0.007072267429
          0,           0,          51,       -5.23809521,      -4.594704052,      -4.645666393,      -3.780864811,      -10.49673062,               0.5,    -0.01158906302,     0.05559478449,                 0,                 0,                 0,   -0.002552766685,    -0.01158906302,     0.05559478449,                 0,      -4.797176819,    0.007072267429
          0,           0,          52,      -5.234267632,       -4.60422168,      -4.647805885,      -3.778581969,      -10.49566645,               0.5,   -0.009879399071,     0.04324147278,                 0,                 0,                 0,   -0.002063565986,   -0.009879399071,     0.04324147278,                 0,      -4.376933503,    0.007072267429
          0,           0,          53,      -5.229730402,      -4.614078911,      -4.650570888,      -3.775336636,      -10.49456915,               0.5,   -0.008469236123,     0.03098818892,                 0,                 0,                 0,   -0.001977278303,   -0.008469236123,     0.03098818892,                 0,       -3.65891191,    0.007072267429
          0,           0,          54,      -5.225309021,      -4.624158079,      -4.653792246,      -3.771914578,      -10.49324414,               0.5,   -0.007267915416,     0.01893811329,                 0,                 0,                 0,   -0.002297465497,   -0.007267915416,     0.01893811329,                 0,      -2.605714597,    0.007633543714
          0,           0,          55,      -5.221552458,      -4.634139348,      -4.657258129,      -3.768861448,      -10.49205161,               0.5,   -0.006459201328,    0.007378711216,                 0,                 0,                 0,   -0.002845821117,   -0.006459201328,    0.007378711216,                 0,      -1.142356592,    0.007633543714
          0,           0,          56,      -5.219026679,      -4.643784308,      -4.660676655,      -3.766750465,      -10.49065165,               0.5,   -0.005950904683,   -0.003863305105,                 0,                 0,                 0,   -0.003787435224,   -0.005950904683,   -0.003863305105,                 0,      0.6491962669,    0.007633543714
          0,           0,          57,      -5.217918324,      -4.652693536,      -4.663718729,      -3.765805452,      -10.48905677,               0.5,     -0.0058036738,    -0.01464569707,                 0,                 0,                 0,   -0.005050739153,     -0.0058036738,    -0.01464569707,                 0,        2.52352175,    0.007633543714
          0,           0,          58,       -5.21831183,       -4.66082413,      -4.666094479,      -3.766130693,      -10.48712167,               0.5,   -0.005880626386,    -0.02493705418,                 0,                 0,                 0,   -0.006629293112,   -0.005880626386,    -0.02493705418,                 0,       4.240543871,    0.007633543714
          0,           0,          59,       -5.22013351,      -4.667861155,      -4.667564302,      -3.767673069,       -10.4850966,               0.5,   -0.006285766225,    -0.03461971093,                 0,                 0,                 0,   -0.008432425543,   -0.006285766225,    -0.03461971093,                 0,       5.507635774,    0.007633543714
          0,           0,          60,      -5.223433621,      -4.673894581,      -4.668013344,      -3.770507114,       -10.4828414,               0.5,   -0.006882083883,    -0.04378486752,                 0,                 0,                 0,    -0.01052232327,   -0.006882083883,    -0.04378486752,                 0,       6.362152549,    0.007633543714
          0,           0,          61,      -5.228004119,      -4.678658635,      -4.667503191,      -3.774447274,      -10.48054412,               0.5,   -0.007724865143,    -0.05222960542,                 0,                 0,                 0,    -0.01273609272,   -0.007724865143,    -0.05222960542,                 0,       6.761232003,    0.007633543714
          0,           0,          62,      -5.233712551,      -4.682006731,      -4.666134727,      -3.779383755,      -10.47797709,               0.5,    -0.00865659355,    -0.06007326167,                 0,                 0,                 0,    -0.01514033541,    -0.00865659355,    -0.06007326167,                 0,       6.939595964,    0.007633543714
          0,           0,          63,      -5.240189736,      -4.683597629,      -4.664155817,      -3.784970412,      -10.47523382,               0.5,   -0.009745905229,    -0.06724575649,                 0,                 0,                 0,    -0.01765469385,   -0.009745905229,    -0.06724575649,                 0,        6.89989846,    0.007633543714
          0,           0,          64,      -5.247426538,      -4.683470672,      -4.661798196,      -3.791233044,      -10.47234414,               0.5,    -0.01088203203,    -0.07371921133,                 0,                 0,                 0,     -0.0202250415,    -0.01088203203,    -0.07371921133,                 0,       6.774397568,    0.007633543714
          0,           0,          65,      -5.255394173,       -4.68175676,      -4.659367607,      -3.798174762,      -10.46939775,               0.5,    -0.01195366596,    -0.07945692867,                 0,                 0,                 0,    -0.02278858513,    -0.01195366596,    -0.07945692867,                 0,       6.647076212,    0.007633543714
          0,           0,          66,      -5.263969039,      -4.678202039,      -4.657141366,      -3.805709967,       -10.4664404,               0.5,    -0.01294291617,    -0.08433059106,                 0,                 0,                 0,    -0.02521305267,    -0.01294291617,    -0.08433059106,                 0,       6.515578867,    0.007633543714
          0,           0,          67,      -5.272798171,      -4.673010977,      -4.655319567,      -3.813521264,      -10.46339958,               0.5,    -0.01377489508,    -0.08853844776,                 0,                 0,                 0,    -0.02760423752,    -0.01377489508,    -0.08853844776,                 0,       6.427522478,    0.007878757782
          0,           0,          68,      -5.281981431,      -4.666595382,      -4.654113474,      -3.821756521,       -10.4603595,               0.5,    -0.01448819951,    -0.09191693342,                 0,                 0,                 0,    -0.02979771777,    -0.01448819951,    -0.09191693342,                 0,       6.344261987,    0.007878757782
          0,           0,          69,      -5.291419862,      -4.659323949,      -4.653716693,      -3.830353869,      -10.45734827,               0.5,    -0.01494718417,     -0.0945222127,                 0,                 0,                 0,    -0.03179701182,    -0.01494718417,     -0.0945222127,                 0,        6.32374711,    0.007633543714
          0,           0,          70,      -5.300893162,      -4.651720196,      -4.654256485,      -3.839127542,      -10.45442852,               0.5,    -0.01510010007,    -0.09605950037,                 0,                 0,                 0,    -0.03334844575,    -0.01510010007,    -0.09605950037,                 0,       6.361514157,    0.007878757782
          0,           0,          71,      -5.310068356,      -4.644159996,      -4.655863925,       -3.84778496,       -10.4515508,               0.5,    -0.01500889255,     -0.0967800099,                 0,                 0,                 0,    -0.03460918047,    -0.01500889255,     -0.0967800099,                 0,       6.448177945,    0.007878757782
          0,           0,          72,      -5.318674417,      -4.637262507,      -4.658605646,      -3.856083191,      -10.44879687,               0.5,    -0.01459554222,    -0.09659861815,                 0,                 0,                 0,    -0.03549546514,    -0.01459554222,    -0.09659861815,                 0,       6.618364478,    0.007878757782
          0,           0,          73,      -5.326510151,      -4.631461485,      -4.662569276,       -3.86383957,      -10.44602046,               0.5,    -0.01380504083,    -0.09552419993,                 0,                 0,                 0,    -0.03599871845,    -0.01380504083,    -0.09552419993,                 0,       6.919515931,    0.007878757782
          0,           0,          74,      -5.333320094,      -4.627104369,      -4.667752919,      -3.870813483,      -10.44327537,               0.5,    -0.01269902847,    -0.09356272273,                 0,                 0,                 0,    -0.03610216901,    -0.01269902847,    -0.09356272273,                 0,       7.367707139,    0.007878757782
          0,           0,          75,      -5.338885928,      -4.624511839,       -4.67418246,      -3.876780965,      -10.44056924,               0.5,    -0.01124099796,    -0.09059583572,                 0,                 0,                 0,    -0.03569703547,    -0.01124099796,    -0.09059583572,                 0,       8.059412167,    0.007878757782
          0,           0,          76,      -5.343017898,      -4.623785219,      -4.681757296,      -3.881539237,      -10.43781582,               0.5,   -0.009512260034,    -0.08678859571,                 0,                 0,                 0,    -0.03490195991,   -0.009512260034,    -0.08678859571,                 0,        9.12386703,    0.007878757782
          0,           0,          77,      -5.345235853,      -4.624851755,      -4.690333898,      -3.884565882,      -10.43494862,               0.5,   -0.007457679844,     -0.0821633261,                 0,                 0,                 0,    -0.03373405062,   -0.007457679844,     -0.0821633261,                 0,        11.0172772,    0.007878757782
          0,           0,          78,      -5.345723737,      -4.627724722,      -4.699694392,      -3.885996207,      -10.43210995,               0.5,   -0.005183601084,    -0.07666791295,                 0,                 0,                 0,    -0.03215446784,   -0.005183601084,    -0.07666791295,                 0,       14.79047321,    0.007878757782
          0,           0,          79,      -5.344920072,      -4.632502363,       -4.70954173,      -3.886203728,      -10.42934354,               0.5,   -0.002692901105,    -0.07036617608,                 0,                 0,                 0,    -0.03021308552,   -0.002692901105,    -0.07036617608,                 0,       26.13024887,    0.007878757782
          0,           0,          80,      -5.343430874,      -4.638851874,      -4.719554886,      -3.885759284,      -10.42655181,               0.5,  -2.470935427e-05,    -0.06327957528,                 0,                 0,                 0,    -0.02792638076,  -2.470935427e-05,    -0.06327957528,                 0,       2560.956251,    0.007878757782
          0,           0,          81,      -5.340983358,      -4.646270995,      -4.729267946,       -3.88431781,      -10.42381014,               0.5,    0.002760756865,    -0.05561239369,                 0,                 0,                 0,    -0.02544992992,    0.002760756865,    -0.05561239369,                 0,      -20.14389401,    0.007878757782
          0,           0,          82,      -5.338111081,      -4.654494527,       -4.73819941,      -3.882377609,      -10.42113887,               0.5,    0.005592890187,    -0.04730554074,                 0,                 0,                 0,    -0.02274123519,    0.005592890187,    -0.04730554074,                 0,      -8.458156545,    0.007878757782
          0,           0,          83,      -5.335191221,      -4.662912792,      -4.745875432,      -3.880278075,       -10.4184833,               0.5,    0.008489963374,    -0.03847771639,                 0,                 0,                 0,    -0.01988805155,    0.008489963374,    -0.03847771639,                 0,      -4.532141623,    0.007878757782
          0,           0,          84,      -5.332664087,      -4.671219317,      -4.751861639,      -3.878439459,      -10.41597559,               0.5,     0.01132876041,    -0.02914796706,                 0,                 0,                 0,    -0.01690604882,     0.01132876041,    -0.02914796706,                 0,      -2.572917603,    0.007878757782
          0,           0,          85,      -5.331206777,      -4.679183503,      -4.755845166,        -3.8775438,       -10.4136852,               0.5,     0.01412548549,    -0.01945930477,                 0,                 0,                 0,    -0.01390371798,     0.01412548549,    -0.01945930477,                 0,      -1.377602546,    0.007878757782
          0,           0,          86,      -5.330796573,       -4.68600545,      -4.757679908,      -3.877560109,      -10.41152829,               0.5,     0.01677022683,   -0.009445847195,                 0,                 0,                 0,     -0.0109034794,     0.01677022683,   -0.009445847195,                 0,     -0.5632510096,    0.007878757782
          0,           0,          87,      -5.331261964,      -4.691429401,      -4.757361693,       -3.87830155,      -10.40937802,               0.5,     0.01930449685,   0.0008057607192,                 0,                 0,                 0,   -0.007966496108,     0.01930449685,   0.0008057607192,                 0,     0.04173953486,    0.007878757782
          0,           0,          88,      -5.332909129,      -4.695206252,      -4.755081371,      -3.880081711,      -10.40731359,               0.5,     0.02159199818,       0.011390762,                 0,                 0,                 0,    -0.00500654129,     0.02159199818,       0.011390762,                 0,      0.5275455242,    0.007878757782
          0,           0,          89,      -5.335746533,      -4.697296566,       -4.75119069,      -3.882919757,       -10.4053773,               0.5,     0.02366331919,     0.02209317487,                 0,                 0,                 0,   -0.002165762895,     0.02366331919,     0.02209317487,                 0,      0.9336464883,    0.007878757782
          0,           0,          90,      -5.339907618,      -4.697813693,      -4.746136987,       -3.88694221,      -10.40343231,               0.5,     0.02547091652,      0.0328437281,                 0,                 0,                 0,   0.0005151246215,     0.02547091652,      0.0328437281,                 0,       1.289460003,    0.007878757782
          0,           0,          91,       -5.34530336,       -4.69696083,      -4.740461766,      -3.892079837,      -10.40183246,               0.5,     0.02700140096,     0.04357449786,                 0,                 0,                 0,    0.003003827588,     0.02700140096,     0.04357449786,                 0,       1.613786556,    0.007878757782
          0,           0,          92,       -5.35163342,      -4.694816392,      -4.734622424,      -3.898034672,      -10.40015613,               0.5,     0.02825899126,     0.05437858362,                 0,                 0,                 0,    0.005392746106,     0.02825899126,     0.05437858362,                 0,       1.924293161,    0.007878757782
          0,           0,          93,      -5.358695904,      -4.691852524,      -4.729101992,        -3.9046009,      -10.39841803,               0.5,     0.02919495345,     0.06518447787,                 0,                 0,                 0,    0.007655160096,     0.02919495345,     0.06518447787,                 0,       2.232731009,    0.007878757782
          0,           0,          94,      -5.366567267,      -4.688488299,      -4.724317657,      -3.911879312,      -10.39697588,               0.5,     0.02980179039,     0.07596817848,                 0,                 0,                 0,    0.009808771267,     0.02980179039,     0.07596817848,                 0,       2.549114583,    0.007878757782
          0,           0,          95,      -5.375087912,      -4.685167542,       -4.72063675,      -3.919713762,      -10.39548515,               0.5,     0.03011624635,     0.08660904188,                 0,                 0,                 0,     0.01180250422,     0.03011624635,     0.08660904188,                 0,       2.875824592,    0.007878757782
          0,           0,          96,      -5.384212192,      -4.682343054,      -4.718371088,      -3.928086706,      -10.39440429,               0.5,     0.03008548171,     0.09704728944,                 0,                 0,                 0,     0.01363209596,     0.03008548171,     0.09704728944,                 0,       3.225718317,    0.007878757782
          0,           0,          97,      -5.393660158,      -4.680127198,      -4.717747733,      -3.936737392,      -10.39310309,               0.5,     0.02978109782,      0.1072870051,                 0,                 0,                 0,     0.01534220201,     0.02978109782,      0.1072870051,                 0,       3.602520154,    0.007878757782
          0,           0,          98,      -5.402718086,      -4.678799253,      -4.718946209,       -3.94496825,      -10.39170647,               0.5,     0.02914007205,       0.117296698,                 0,                 0,                 0,     0.01695345355,     0.02914007205,       0.117296698,                 0,       4.025271378,    0.007878757782
          0,           0,          99,       -5.41152312,      -4.678756883,      -4.722081358,      -3.952948715,      -10.39053331,               0.5,     0.02825704517,      0.1270469169,                 0,                 0,                 0,     0.01849119074,     0.02825704517,      0.1270469169,                 0,       4.496114725,    0.007878757782
          0,           0,         100,      -5.419826103,      -4.680070212,      -4.727263273,      -3.960477552,       -10.3892637,               0.5,     0.02707757144,      0.1364627131,                 0,                 0,                 0,     0.01994589291,     0.02707757144,      0.1364627131,                 0,       5.039695432,    0.007878757782
          0,           0,         101,      -5.427257462,      -4.682983209,      -4.734496371,      -3.967236003,      -10.38826656,               0.5,     0.02567176515,      0.1453954008,                 0,                 0,                 0,     0.02125338903,     0.02567176515,      0.1453954008,                 0,       5.663630839,    0.007878757782
          0,           0,         102,      -5.433910605,      -4.687465395,      -4.743767745,      -3.973376149,      -10.38712415,               0.5,     0.02406458541,      0.1538950396,                 0,                 0,                 0,     0.02249540942,     0.02406458541,      0.1538950396,                 0,        6.39508377,    0.007878757782
          0,           0,         103,      -5.439237532,      -4.693520735,      -4.755003305,      -3.978399959,      -10.38574947,               0.5,     0.02227101252,      0.1618824754,                 0,                 0,                 0,     0.02365538808,     0.02227101252,      0.1618824754,                 0,       7.268752388,    0.007878757782
          0,           0,         104,      -5.443279066,      -4.701051872,      -4.768018288,      -3.982369832,      -10.38453478,               0.5,      0.0202886324,       0.169449557,                 0,                 0,                 0,     0.02484168888,      0.0202886324,       0.169449557,                 0,       8.351945743,    0.007878757782
          0,           0,         105,      -5.446241932,      -4.709935879,      -4.782561937,      -3.985522105,       -10.3831595,               0.5,     0.01823148268,      0.1764167026,                 0,                 0,                 0,     0.02595752084,     0.01823148268,      0.1764167026,                 0,       9.676486863,    0.007878757782
          0,           0,         106,      -5.448541396,      -4.720294134,      -4.798321135,      -3.988261864,      -10.38209267,               0.5,     0.01600685657,      0.1827296689,                 0,                 0,                 0,     0.02699414345,     0.01600685657,      0.1827296689,                 0,       11.41571227,    0.007878757782
          0,           0,         107,       -5.45076165,      -4.731874904,      -4.814873089,      -3.991166497,      -10.38085713,               0.5,     0.01375549277,      0.1884253548,                 0,                 0,                 0,     0.02800589009,     0.01375549277,      0.1884253548,                 0,       13.69819009,    0.007878757782
          0,           0,         108,      -5.452993832,      -4.744412735,      -4.831652152,      -3.994301697,      -10.37943498,               0.5,     0.01146080778,      0.1934251729,                 0,                 0,                 0,     0.02895829684,     0.01146080778,      0.1934251729,                 0,       16.87709772,    0.007878757782
          0,           0,         109,      -5.455428327,      -4.757346468,      -4.847972942,      -3.997799328,      -10.37817249,               0.5,    0.009141312789,      0.1977503373,                 0,                 0,                 0,     0.02988650539,    0.009141312789,      0.1977503373,                 0,       21.63259718,    0.007878757782
          0,           0,         110,       -5.45837512,      -4.770357751,      -4.863089387,      -4.001921882,      -10.37670421,               0.5,    0.006881878985,      0.2013465369,                 0,                 0,                 0,     0.03076186176,    0.006881878985,      0.2013465369,                 0,       29.25749456,    0.007878757782
          0,           0,         111,      -5.462650384,      -4.783467186,      -4.876320378,      -4.007433216,       -10.3755084,               0.5,    0.004613032405,      0.2041412911,                 0,                 0,                 0,     0.03153628109,    0.004613032405,      0.2041412911,                 0,        44.2531665,    0.007878757782
          0,           0,         112,      -5.468757267,      -4.796236391,      -4.887101673,      -4.014810973,      -10.37419553,               0.5,    0.002465684517,       0.206145632,                 0,                 0,                 0,     0.03221841001,    0.002465684517,       0.206145632,                 0,       83.60584277,    0.007878757782
          0,           0,         113,      -5.476589818,      -4.808253742,      -4.894913812,       -4.02392299,      -10.37289717,               0.5,   0.0003764542761,      0.2073851671,                 0,                 0,                 0,     0.03282363029,   0.0003764542761,      0.2073851671,                 0,       550.8907196,    0.007878757782
          0,           0,         114,      -5.486131197,      -4.818751901,      -4.899610083,      -4.034684349,      -10.37160516,               0.5,   -0.001526447983,       0.207819634,                 0,                 0,                 0,     0.03331263668,   -0.001526447983,       0.207819634,                 0,      -136.1458997,    0.007878757782
          0,           0,         115,      -5.497350199,      -4.827625666,      -4.901298468,       -4.04702073,      -10.37022052,               0.5,   -0.003346030702,      0.2074926553,                 0,                 0,                 0,     0.03370334709,   -0.003346030702,      0.2074926553,                 0,      -62.01158141,    0.007878757782
          0,           0,         116,      -5.510872971,       -4.83508297,      -4.900407229,      -4.061552472,      -10.36900343,               0.5,   -0.004977821981,      0.2062968095,                 0,                 0,                 0,     0.03389674238,   -0.004977821981,      0.2062968095,                 0,      -41.44318746,    0.007878757782
          0,           0,         117,      -5.526827968,       -4.84095271,      -4.897620829,      -4.078387792,      -10.36764561,               0.5,   -0.006453059492,      0.2043713172,                 0,                 0,                 0,     0.03397232755,   -0.006453059492,      0.2043713172,                 0,      -31.67045297,    0.007878757782
          0,           0,         118,       -5.54483671,      -4.845212965,         -4.893542,      -4.097121871,      -10.36643911,               0.5,   -0.007689635063,      0.2016174929,                 0,                 0,                 0,     0.03382866001,   -0.007689635063,      0.2016174929,                 0,      -26.21938378,    0.007878757782
          0,           0,         119,       -5.56434934,      -4.847654051,      -4.888870882,      -4.117138462,      -10.36506019,               0.5,   -0.008760538731,      0.1981554353,                 0,                 0,                 0,     0.03352586125,   -0.008760538731,      0.1981554353,                 0,      -22.61909243,    0.007878757782
          0,           0,         120,      -5.584821922,       -4.84881141,      -4.884204192,      -4.137837724,      -10.36353949,               0.5,   -0.009595593488,      0.1940071985,                 0,                 0,                 0,     0.03304699044,   -0.009595593488,      0.1940071985,                 0,      -20.21836364,    0.007878757782
          0,           0,         121,      -5.606232291,      -4.849154328,      -4.880053088,      -4.159219131,      -10.36219316,               0.5,    -0.01024828723,      0.1891517087,                 0,                 0,                 0,     0.03233967084,    -0.01024828723,      0.1891517087,                 0,      -18.45690937,    0.007878757782
          0,           0,         122,      -5.628173134,      -4.849001765,      -4.876872108,      -4.180849674,      -10.36066929,               0.5,    -0.01064027769,      0.1836586655,                 0,                 0,                 0,     0.03141929811,    -0.01064027769,      0.1836586655,                 0,       -17.2607023,    0.007878757782
          0,           0,         123,       -5.64936452,      -4.848718237,      -4.874931061,       -4.20147467,       -10.3592532,               0.5,     -0.0108551388,      0.1775646017,                 0,                 0,                 0,      0.0302763045,     -0.0108551388,      0.1775646017,                 0,      -16.35765373,    0.007878757782
          0,           0,         124,      -5.668148314,      -4.848332003,      -4.874382573,      -4.219414949,      -10.35764906,               0.5,    -0.01077644705,      0.1709319287,                 0,                 0,                 0,     0.02891553135,    -0.01077644705,      0.1709319287,                 0,      -15.86162192,    0.007878757782
          0,           0,         125,      -5.683541888,      -4.848281967,      -4.875310012,      -4.233754408,      -10.35593559,               0.5,    -0.01057104334,      0.1638951192,                 0,                 0,                 0,     0.02739724211,    -0.01057104334,      0.1638951192,                 0,      -15.50415735,    0.007878757782
          0,           0,         126,      -5.694886749,      -4.848789404,      -4.877725415,      -4.243981982,      -10.35434123,               0.5,    -0.01007358073,      0.1564035157,                 0,                 0,                 0,     0.02564500759,    -0.01007358073,      0.1564035157,                 0,      -15.52610932,    0.007878757782
          0,           0,         127,       -5.70228931,      -4.850226955,      -4.881643753,      -4.250337337,      -10.35266724,               0.5,   -0.009456706524,      0.1485134442,                 0,                 0,                 0,     0.02366113042,   -0.009456706524,      0.1485134442,                 0,      -15.70456309,    0.007878757782
          0,           0,         128,      -5.704568801,       -4.85235016,      -4.886909538,      -4.251782889,      -10.35107458,               0.5,   -0.008608418643,      0.1403821696,                 0,                 0,                 0,     0.02152535657,   -0.008608418643,      0.1403821696,                 0,      -16.30754444,    0.007878757782
          0,           0,         129,      -5.702337576,      -4.855246663,       -4.89332057,      -4.248966043,      -10.34939439,               0.5,   -0.007581985598,      0.1320187969,                 0,                 0,                 0,     0.01920900872,   -0.007581985598,      0.1320187969,                 0,      -17.41216667,    0.007878757782
          0,           0,         130,      -5.696286481,      -4.858708933,      -4.900677803,      -4.242568415,      -10.34763735,               0.5,   -0.006429594402,      0.1235939515,                 0,                 0,                 0,     0.01680366612,   -0.006429594402,      0.1235939515,                 0,       -19.2226669,    0.007878757782
          0,           0,         131,      -5.687607953,      -4.862821669,      -4.908687148,      -4.233769231,      -10.34589503,               0.5,    -0.00510339092,      0.1150036422,                 0,                 0,                 0,      0.0142002999,    -0.00510339092,      0.1150036422,                 0,      -22.53475072,    0.007878757782
          0,           0,         132,      -5.678717485,      -4.867708297,      -4.917127978,       -4.22494396,      -10.34407352,               0.5,   -0.003686504608,        0.10640644,                 0,                 0,                 0,     0.01149024268,   -0.003686504608,        0.10640644,                 0,      -28.86377512,    0.007878757782
          0,           0,         133,       -5.66964428,      -4.872895673,      -4.925740319,      -4.216073027,      -10.34256307,               0.5,   -0.002145165709,     0.09777784328,                 0,                 0,                 0,    0.008628381481,   -0.002145165709,     0.09777784328,                 0,      -45.58055487,    0.007878757782
          0,           0,         134,      -5.660855943,      -4.878249919,      -4.934156977,      -4.207565182,      -10.34088381,               0.5,  -0.0005260928569,     0.08935353291,                 0,                 0,                 0,    0.005766617915,  -0.0005260928569,     0.08935353291,                 0,      -169.8436535,    0.007878757782
          0,           0,         135,      -5.653449585,      -4.883353878,      -4.942171454,      -4.200444703,      -10.33919805,               0.5,    0.001160253623,     0.08105106173,                 0,                 0,                 0,    0.002821517325,    0.001160253623,     0.08105106173,                 0,       69.85633153,    0.007878757782
          0,           0,         136,      -5.647518294,      -4.888213419,      -4.949563138,      -4.194803933,      -10.33744998,               0.5,    0.002840380408,     0.07295425367,                 0,                 0,                 0,  -0.0001634161491,    0.002840380408,     0.07295425367,                 0,       25.68467712,    0.007878757782
          0,           0,         137,      -5.643669666,      -4.892763418,      -4.956260371,      -4.191263902,      -10.33555538,               0.5,    0.004537028864,     0.06511564208,                 0,                 0,                 0,   -0.003162987599,    0.004537028864,     0.06511564208,                 0,       14.35204493,    0.007878757782
          0,           0,         138,      -5.641778044,       -4.89661876,      -4.962246368,      -4.189688497,      -10.33412051,               0.5,    0.006262258051,     0.05757016315,                 0,                 0,                 0,    -0.00616259614,    0.006262258051,     0.05757016315,                 0,       9.193195599,    0.007878757782
          0,           0,         139,      -5.641608797,      -4.899780463,      -4.967522619,      -4.189844009,      -10.33248765,               0.5,     0.00791508745,     0.05043261991,                 0,                 0,                 0,   -0.009086761389,     0.00791508745,     0.05043261991,                 0,       6.371707227,    0.007878757782
          0,           0,         140,      -5.643202857,      -4.901868779,      -4.972261691,      -4.191766939,      -10.33078078,               0.5,    0.009581039942,     0.04369828553,                 0,                 0,                 0,    -0.01194586362,    0.009581039942,     0.04369828553,                 0,       4.560912572,    0.007878757782
          0,           0,         141,      -5.646277166,      -4.903085499,      -4.976670138,       -4.19518547,      -10.32902778,               0.5,     0.01109224729,     0.03735758489,                 0,                 0,                 0,    -0.01475120274,     0.01109224729,     0.03735758489,                 0,       3.367900473,    0.007878757782
          0,           0,         142,      -5.650941778,      -4.903639483,      -4.981014164,      -4.200240912,      -10.32704813,               0.5,     0.01256710967,     0.03147383515,                 0,                 0,                 0,    -0.01745649085,     0.01256710967,     0.03147383515,                 0,       2.504460929,    0.007878757782
          0,           0,         143,      -5.656414301,      -4.903272949,      -4.985579313,      -4.206142576,      -10.32562794,               0.5,     0.01390865439,     0.02603288799,                 0,                 0,                 0,    -0.02007076869,     0.01390865439,     0.02603288799,                 0,       1.871704283,    0.007878757782
          0,           0,         144,      -5.662561763,      -4.902293381,      -4.990567912,      -4.212762383,       -10.3239049,               0.5,     0.01519074857,     0.02117927017,                 0,                 0,                 0,    -0.02248243133,     0.01519074857,     0.02117927017,                 0,       1.394221626,    0.007878757782
          0,           0,         145,      -5.668929201,      -4.900556581,       -4.99626689,      -4.219634262,      -10.32210704,               0.5,     0.01627048281,     0.01687182134,                 0,                 0,                 0,    -0.02471645631,     0.01627048281,     0.01687182134,                 0,       1.036958862,    0.007878757782
          0,           0,         146,      -5.674689873,      -4.898226886,      -5.002821351,      -4.225904473,      -10.32025034,               0.5,     0.01723511925,      0.0130089496,                 0,                 0,                 0,    -0.02684026332,     0.01723511925,      0.0130089496,                 0,      0.7547931294,    0.007878757782
          0,           0,         147,      -5.680462634,      -4.896023003,      -5.010425692,      -4.232200313,      -10.31821233,               0.5,     0.01803418592,    0.009727460566,                 0,                 0,                 0,    -0.02874091387,     0.01803418592,    0.009727460566,                 0,      0.5393900567,    0.007878757782
          0,           0,         148,      -5.685391692,      -4.893628045,      -5.019221412,      -4.237624908,       -10.3167077,               0.5,     0.01867896003,    0.006949338763,                 0,                 0,                 0,    -0.03046366951,     0.01867896003,    0.006949338763,                 0,       0.372040989,    0.007878757782
          0,           0,         149,      -5.689447223,      -4.891368065,      -5.029155653,      -4.242111741,      -10.31477496,               0.5,     0.01917192531,    0.004755623305,                 0,                 0,                 0,    -0.03193395813,     0.01917192531,    0.004755623305,                 0,      0.2480514204,    0.007878757782
          0,           0,         150,       -5.69230813,      -4.889101903,      -5.040224556,      -4.245307691,      -10.31284969,               0.5,     0.01949798442,     0.00308488073,                 0,                 0,                 0,    -0.03318358192,     0.01949798442,     0.00308488073,                 0,      0.1582153655,    0.007878757782
          0,           0,         151,      -5.693946167,      -4.887094355,      -5.052240187,      -4.247126278,      -10.31093293,               0.5,     0.01962389682,     0.00193396324,                 0,                 0,                 0,    -0.03419639271,     0.01962389682,     0.00193396324,                 0,     0.09855143745,    0.007878757782
          0,           0,         152,      -5.695155872,      -4.885822794,       -5.06504506,       -4.24839883,      -10.30879205,               0.5,     0.01962742121,    0.001202303047,                 0,                 0,                 0,    -0.03502828203,     0.01962742121,    0.001202303047,                 0,     0.06125629209,    0.007878757782
          0,           0,         153,      -5.695794013,      -4.885069606,      -5.078367285,      -4.248959596,      -10.30713956,               0.5,     0.01943685597,    0.001011335086,                 0,                 0,                 0,    -0.03556848731,     0.01943685597,    0.001011335086,                 0,     0.05203182485,    0.007878757782
          0,           0,         154,      -5.696201305,      -4.885017804,      -5.091784203,      -4.249137549,      -10.30516052,               0.5,     0.01910009116,    0.001221189705,                 0,                 0,                 0,    -0.03590330019,     0.01910009116,    0.001221189705,                 0,     0.06393632863,    0.007878757782
          0,           0,         155,       -5.69616047,      -4.885329917,       -5.10486432,      -4.248736514,      -10.30321895,               0.5,     0.01859430422,    0.001898851372,                 0,                 0,                 0,     -0.0359627526,     0.01859430422,    0.001898851372,                 0,      0.1021200551,    0.007878757782
          0,           0,         156,      -5.696817661,      -4.886606649,      -5.117082496,       -4.24889718,      -10.30135693,               0.5,     0.01800531741,    0.002882609561,                 0,                 0,                 0,    -0.03584723265,     0.01800531741,    0.002882609561,                 0,      0.1600976808,    0.007878757782
          0,           0,         157,      -5.698030858,      -4.888753841,      -5.127959437,       -4.24954906,       -10.2991949,               0.5,     0.01722271576,    0.004265025442,                 0,                 0,                 0,    -0.03546748504,     0.01722271576,    0.004265025442,                 0,      0.2476395419,    0.007878757782
          0,           0,         158,      -5.699729943,      -4.891549356,      -5.137029807,      -4.250598659,      -10.29743016,               0.5,     0.01629267109,     0.00606717455,                 0,                 0,                 0,    -0.03478855967,     0.01629267109,     0.00606717455,                 0,      0.3723867325,    0.007878757782
          0,           0,         159,      -5.702294164,       -4.89499883,      -5.144016731,      -4.252463853,      -10.29547735,               0.5,     0.01531448576,    0.008070836943,                 0,                 0,                 0,    -0.03395551146,     0.01531448576,    0.008070836943,                 0,      0.5270067221,    0.007878757782
          0,           0,         160,      -5.705275554,       -4.89887697,      -5.148655319,      -4.254714633,      -10.29357762,               0.5,     0.01419566911,     0.01032581302,                 0,                 0,                 0,    -0.03291443192,     0.01419566911,     0.01032581302,                 0,      0.7273917797,    0.007878757782
          0,           0,         161,      -5.709254129,      -4.903466729,      -5.150987015,      -4.257921466,        -10.291832,               0.5,     0.01297307165,     0.01279861137,                 0,                 0,                 0,    -0.03167489285,     0.01297307165,     0.01279861137,                 0,      0.9865521228,    0.007878757782
          0,           0,         162,      -5.714151166,      -4.908653166,      -5.151159097,      -4.262086917,       -10.2898378,               0.5,     0.01168770481,     0.01547999582,                 0,                 0,                 0,    -0.03022989191,     0.01168770481,     0.01547999582,                 0,       1.324468411,    0.007878757782
          0,           0,         163,      -5.719616879,      -4.914057202,       -5.14957877,      -4.266825239,      -10.28815964,               0.5,     0.01032635398,     0.01840708334,                 0,                 0,                 0,    -0.02854016562,     0.01032635398,     0.01840708334,                 0,       1.782534607,    0.007878757782
          0,           0,         164,      -5.725160419,      -4.919550543,      -5.146733651,      -4.271681689,      -10.28625948,               0.5,    0.008897019729,     0.02141382195,                 0,                 0,                 0,    -0.02672046868,    0.008897019729,     0.02141382195,                 0,       2.406853374,    0.007633543714
          0,           0,         165,      -5.730226638,      -4.924588648,      -5.142981373,      -4.276106045,      -10.28447758,               0.5,    0.007462811061,     0.02451253189,                 0,                 0,                 0,     -0.0247549762,    0.007462811061,     0.02451253189,                 0,       3.284624478,    0.007878757782
          0,           0,         166,      -5.735222094,      -4.929509095,       -5.13884212,      -4.280486726,      -10.28272384,               0.5,    0.006017589411,     0.02764129859,                 0,                 0,                 0,    -0.02268603496,    0.006017589411,     0.02764129859,                 0,       4.593417181,    0.007878757782
          0,           0,         167,         -5.739721,      -4.934116848,      -5.134699902,      -4.284447631,      -10.28076534,               0.5,    0.004506161204,     0.03092050319,                 0,                 0,                 0,    -0.02042267082,    0.004506161204,     0.03092050319,                 0,       6.861828016,    0.007878757782
          0,           0,         168,       -5.74436799,      -4.938415381,      -5.130888247,      -4.288597968,      -10.27927108,               0.5,    0.003030277911,     0.03423884418,                 0,                 0,                 0,    -0.01804965105,    0.003030277911,     0.03423884418,                 0,       11.29891224,    0.007878757782
          0,           0,         169,      -5.748090483,      -4.941906841,      -5.127815861,      -4.291917371,      -10.27764028,               0.5,    0.001534650633,     0.03759317254,                 0,                 0,                 0,    -0.01557387347,    0.001534650633,     0.03759317254,                 0,       24.49624151,    0.007878757782
          0,           0,         170,      -5.750278132,      -4.944212448,       -5.12558037,      -4.293743749,      -10.27580809,               0.5,   0.0001212674996,     0.04086135299,                 0,                 0,                 0,    -0.01309345081,   0.0001212674996,     0.04086135299,                 0,       336.9522183,    0.007878757782
          0,           0,         171,      -5.751315818,      -4.945929548,      -5.124349918,      -4.294459383,      -10.27419391,               0.5,   -0.001303069016,     0.04415234777,                 0,                 0,                 0,    -0.01053651269,   -0.001303069016,     0.04415234777,                 0,      -33.88335324,    0.007878757782
          0,           0,         172,      -5.751971373,      -4.946845432,      -5.124236862,      -4.294815712,      -10.27257235,               0.5,   -0.002607876057,     0.04741171975,                 0,                 0,                 0,   -0.007956044004,   -0.002607876057,     0.04741171975,                 0,       -18.1802044,    0.007878757782
          0,           0,         173,      -5.752268278,      -4.947191187,      -5.125259842,      -4.294833913,      -10.27066372,               0.5,    -0.00392709308,     0.05079652874,                 0,                 0,                 0,   -0.005248786629,    -0.00392709308,     0.05079652874,                 0,      -12.93489299,    0.007878757782
          0,           0,         174,      -5.752187435,      -4.947004256,       -5.12749148,      -4.294495426,      -10.26924945,               0.5,   -0.005135045903,     0.05407523455,                 0,                 0,                 0,   -0.002603956516,   -0.005135045903,     0.05407523455,                 0,       -10.5306234,    0.007633543714
          0,           0,         175,      -5.751724659,      -4.945940232,      -5.130891463,      -4.293792501,      -10.26763838,               0.5,   -0.006275116187,     0.05735095434,                 0,                 0,                 0,   3.733998323e-05,   -0.006275116187,     0.05735095434,                 0,      -9.139425092,    0.007878757782
          0,           0,         176,      -5.751235013,       -4.94497496,      -5.135412016,      -4.293047892,      -10.26595612,               0.5,   -0.007291042672,     0.06052084048,                 0,                 0,                 0,    0.002579504971,   -0.007291042672,     0.06052084048,                 0,      -8.300711326,    0.007878757782
          0,           0,         177,      -5.751458651,      -4.944074262,      -5.141025016,      -4.293040822,      -10.26441896,               0.5,   -0.008259603305,     0.06373375648,                 0,                 0,                 0,     0.00511376616,   -0.008259603305,     0.06373375648,                 0,      -7.716321733,    0.007878757782
          0,           0,         178,       -5.75257847,      -4.943182317,      -5.147666362,      -4.293917491,       -10.2629144,               0.5,   -0.009093257377,     0.06699994175,                 0,                 0,                 0,    0.007627474507,   -0.009093257377,     0.06699994175,                 0,       -7.36809033,    0.007633543714
          0,           0,         179,       -5.75408759,      -4.942378926,      -5.155385024,      -4.295218917,      -10.26100552,               0.5,   -0.009846821092,     0.07026794898,                 0,                 0,                 0,     0.01006146773,   -0.009846821092,     0.07026794898,                 0,      -7.136104975,    0.007633543714
          0,           0,         180,      -5.756133306,      -4.941803828,      -5.163951737,      -4.297077029,      -10.25952443,               0.5,    -0.01045031957,     0.07347876051,                 0,                 0,                 0,     0.01235113791,    -0.01045031957,     0.07347876051,                 0,      -7.031245316,    0.007878757782
          0,           0,         181,      -5.759202916,      -4.942000264,      -5.173370888,      -4.299982693,      -10.25785108,               0.5,    -0.01098015468,     0.07667904015,                 0,                 0,                 0,     0.01451218138,    -0.01098015468,     0.07667904015,                 0,       -6.98342076,    0.007878757782
          0,           0,         182,      -5.763545193,      -4.942891916,      -5.183559241,      -4.304215224,      -10.25614705,               0.5,    -0.01134414747,     0.07991547614,                 0,                 0,                 0,     0.01656078699,    -0.01134414747,     0.07991547614,                 0,      -7.044643621,    0.007633543714
          0,           0,         183,      -5.769214954,      -4.944608007,      -5.194496101,      -4.309819514,      -10.25460244,               0.5,     -0.0116609596,     0.08327649183,                 0,                 0,                 0,     0.01854608414,     -0.0116609596,     0.08327649183,                 0,       -7.14147846,    0.007878757782
          0,           0,         184,      -5.775955803,      -4.946834575,      -5.206145827,      -4.316549159,      -10.25285647,               0.5,    -0.01180737922,     0.08658608359,                 0,                 0,                 0,     0.02032124966,    -0.01180737922,     0.08658608359,                 0,      -7.333217808,    0.007633543714
          0,           0,         185,      -5.783812186,      -4.949778044,      -5.218404829,      -4.324470089,      -10.25136329,               0.5,    -0.01185720378,     0.08993228058,                 0,                 0,                 0,      0.0219386633,    -0.01185720378,     0.08993228058,                 0,      -7.584611198,    0.007878757782
          0,           0,         186,      -5.792086465,      -4.953546533,      -5.231266188,      -4.332876881,      -10.24969229,               0.5,    -0.01182961401,     0.09327466575,                 0,                 0,                 0,     0.02335753766,    -0.01182961401,     0.09327466575,                 0,      -7.884844399,    0.007878757782
          0,           0,         187,      -5.801187981,      -4.958108428,      -5.244472774,      -4.342216307,      -10.24786074,               0.5,    -0.01164111831,     0.09668261063,                 0,                 0,                 0,     0.02462150309,    -0.01164111831,     0.09668261063,                 0,      -8.305268277,    0.007878757782
          0,           0,         188,      -5.811405012,      -4.963355587,      -5.258069498,      -4.352711016,      -10.24611696,               0.5,    -0.01140074675,      0.1002040762,                 0,                 0,                 0,     0.02576070969,    -0.01140074675,      0.1002040762,                 0,      -8.789255511,    0.007878757782
          0,           0,         189,      -5.821423077,      -4.968883451,      -5.271964275,       -4.36309797,      -10.24440752,               0.5,    -0.01102163786,      0.1037203178,                 0,                 0,                 0,     0.02668386445,    -0.01102163786,      0.1037203178,                 0,      -9.410608397,    0.007633543714
          0,           0,         190,      -5.830933663,      -4.974514725,      -5.285906996,      -4.373033439,      -10.24238803,               0.5,    -0.01059411373,      0.1072710282,                 0,                 0,                 0,     0.02742175766,    -0.01059411373,      0.1072710282,                 0,      -10.12553111,    0.007878757782
          0,           0,         191,      -5.840886117,      -4.980839173,      -5.299762976,      -4.383398312,      -10.24079029,               0.5,    -0.01004806324,      0.1108195886,                 0,                 0,                 0,     0.02795110582,    -0.01004806324,      0.1108195886,                 0,      -11.02895014,    0.007633543714
          0,           0,         192,      -5.850138082,      -4.987273452,      -5.313272442,      -4.393107508,      -10.23894034,               0.5,   -0.009484249534,      0.1144578925,                 0,                 0,                 0,     0.02834710199,   -0.009484249534,      0.1144578925,                 0,      -12.06820762,    0.007878757782
          0,           0,         193,      -5.860201837,      -4.993877846,      -5.326357266,      -4.403557994,       -10.2371608,               0.5,   -0.008767177639,      0.1180557671,                 0,                 0,                 0,     0.02852283771,   -0.008767177639,      0.1180557671,                 0,      -13.46565246,    0.007878757782
          0,           0,         194,      -5.868837893,      -5.000426062,       -5.33872418,      -4.412587136,      -10.23518036,               0.5,   -0.008043185726,      0.1216652265,                 0,                 0,                 0,     0.02853068993,   -0.008043185726,      0.1216652265,                 0,      -15.12649722,    0.007633543714
          0,           0,         195,      -5.876556674,      -5.006165378,      -5.350209321,      -4.420568669,      -10.23334545,               0.5,   -0.007260607268,      0.1252930284,                 0,                 0,                 0,     0.02839147106,   -0.007260607268,      0.1252930284,                 0,      -17.25654946,    0.007878757782
          0,           0,         196,      -5.883805288,      -5.011949862,      -5.360375425,      -4.427893766,      -10.23122975,               0.5,   -0.006395018102,      0.1288611493,                 0,                 0,                 0,     0.02806539884,   -0.006395018102,      0.1288611493,                 0,      -20.15023996,    0.007878757782
          0,           0,         197,      -5.890625849,      -5.017309382,      -5.369018857,      -4.434658014,      -10.22941233,               0.5,   -0.005532302448,      0.1324113444,                 0,                 0,                 0,     0.02760606289,   -0.005532302448,      0.1324113444,                 0,       -23.9342201,    0.007878757782
          0,           0,         198,      -5.898006615,      -5.022092797,      -5.376109963,      -4.441779237,      -10.22741101,               0.5,   -0.004609651883,      0.1358719204,                 0,                 0,                 0,     0.02698479441,   -0.004609651883,      0.1358719204,                 0,      -29.47552741,    0.007878757782
          0,           0,         199,      -5.904154612,      -5.026359294,      -5.381516458,      -4.447577562,      -10.22550235,               0.5,   -0.003686831983,      0.1392792943,                 0,                 0,                 0,     0.02625535223,   -0.003686831983,      0.1392792943,                 0,      -37.77749975,    0.007878757782
          0,           0,         200,      -5.909719697,      -5.029614756,      -5.385220646,      -4.452618485,       -10.2233696,               0.5,   -0.002706953722,      0.1425307936,                 0,                 0,                 0,      0.0253691983,   -0.002706953722,      0.1425307936,                 0,      -52.65357601,    0.007878757782
          0,           0,         201,      -5.914561742,      -5.032303849,       -5.38710505,      -4.456754285,      -10.22137696,               0.5,   -0.001778548501,      0.1457083476,                 0,                 0,                 0,     0.02441739505,   -0.001778548501,      0.1457083476,                 0,      -81.92542826,    0.007878757782
          0,           0,         202,       -5.92095626,      -5.034740238,      -5.387632823,      -4.462300695,       -10.2191768,               0.5,  -0.0007471593379,      0.1486912432,                 0,                 0,                 0,     0.02334087355,  -0.0007471593379,      0.1486912432,                 0,      -199.0087464,    0.007878757782
          0,           0,         203,       -5.92920521,      -5.036824887,      -5.386915399,      -4.469550603,      -10.21723194,               0.5,   0.0002138981827,      0.1515348774,                 0,                 0,                 0,     0.02221213195,   0.0002138981827,      0.1515348774,                 0,       708.4439686,    0.007633543714
          0,           0,         204,      -5.936763945,      -5.038196833,       -5.38520371,      -4.476048251,      -10.21492946,               0.5,    0.001159895823,      0.1541576362,                 0,                 0,                 0,       0.021002085,    0.001159895823,      0.1541576362,                 0,         132.90645,    0.007878757782
          0,           0,         205,      -5.944842185,      -5.039025713,      -5.382771532,      -4.483017964,      -10.21293327,               0.5,    0.002181309364,       0.156493713,                 0,                 0,                 0,     0.01969353633,    0.002181309364,       0.156493713,                 0,       71.74301621,    0.007878757782
          0,           0,         206,      -5.954417353,      -5.039976487,      -5.379846766,      -4.491371557,       -10.2107318,               0.5,    0.003112887854,       0.158597282,                 0,                 0,                 0,     0.01835806471,    0.003112887854,       0.158597282,                 0,       50.94860124,    0.007878757782
          0,           0,         207,      -5.963711471,      -5.040648823,      -5.376814981,      -4.499520254,      -10.20861072,               0.5,    0.004019232008,      0.1604907611,                 0,                 0,                 0,     0.01704295589,    0.004019232008,      0.1604907611,                 0,       39.93070338,    0.007878757782
          0,           0,         208,      -5.975285302,      -5.041328928,      -5.373913267,      -4.509795804,      -10.20630289,               0.5,    0.004944793912,      0.1620526281,                 0,                 0,                 0,     0.01568682789,    0.004944793912,      0.1620526281,                 0,       32.77237251,    0.007633543714
          0,           0,         209,      -5.987792686,      -5.042219232,       -5.37138321,      -4.521026959,      -10.20427227,               0.5,    0.005812512559,      0.1633084378,                 0,                 0,                 0,     0.01433696347,    0.005812512559,      0.1633084378,                 0,       28.09601461,    0.007878757782
          0,           0,         210,      -6.000624178,      -5.042664705,      -5.369410331,      -4.532585399,       -10.2019149,               0.5,    0.006696351835,      0.1641640246,                 0,                 0,                 0,      0.0129489394,    0.006696351835,      0.1641640246,                 0,       24.51544194,    0.007878757782
          0,           0,         211,      -6.012822075,       -5.04362437,      -5.368097645,      -4.543658329,      -10.19982459,               0.5,    0.007486925512,      0.1646476849,                 0,                 0,                 0,     0.01156748349,    0.007486925512,      0.1646476849,                 0,       21.99136143,    0.007878757782
          0,           0,         212,      -6.025843057,      -5.044964702,      -5.367538779,      -4.555634905,      -10.19744674,               0.5,     0.00830839871,      0.1647534948,                 0,                 0,                 0,     0.01020898893,     0.00830839871,      0.1647534948,                 0,       19.82975306,    0.007878757782
          0,           0,         213,       -6.04060275,      -5.046610194,      -5.367975882,      -4.569240343,        -10.195337,               0.5,    0.009023130082,      0.1645827361,                 0,                 0,                 0,    0.008967711722,    0.009023130082,      0.1645827361,                 0,       18.24009347,    0.007878757782
          0,           0,         214,      -6.052992107,      -5.048279594,      -5.369458928,      -4.580804301,       -10.1930019,               0.5,    0.009719866739,      0.1639830265,                 0,                 0,                 0,    0.007744465203,    0.009719866739,      0.1639830265,                 0,       16.87091304,    0.007072267429
          0,           0,         215,      -6.065103636,      -5.050180542,      -5.372029688,        -4.5921826,      -10.19086002,               0.5,     0.01037982601,      0.1629602078,                 0,                 0,                 0,    0.006555284625,     0.01037982601,      0.1629602078,                 0,       15.69970514,    0.007878757782
          0,           0,         216,      -6.076513742,      -5.052750062,      -5.375638491,      -4.602938116,      -10.18842227,               0.5,     0.01099764843,       0.161461589,                 0,                 0,                 0,    0.005369428486,     0.01099764843,       0.161461589,                 0,       14.68146486,    0.007633543714
          0,           0,         217,      -6.085658152,      -5.055564785,      -5.380226823,      -4.611791001,      -10.18633953,               0.5,     0.01154431472,      0.1595852392,                 0,                 0,                 0,    0.004265030837,     0.01154431472,      0.1595852392,                 0,        13.8237083,    0.007878757782
          0,           0,         218,      -6.093785632,       -5.05848623,      -5.385933409,      -4.619692392,      -10.18402799,               0.5,     0.01207323908,      0.1572687208,                 0,                 0,                 0,    0.003196282438,     0.01207323908,      0.1572687208,                 0,       13.02622434,    0.007878757782
          0,           0,         219,      -6.096603819,      -5.061786995,      -5.392572722,      -4.622799006,      -10.18185323,               0.5,      0.0125294181,      0.1546401338,                 0,                 0,                 0,    0.002255920702,      0.0125294181,      0.1546401338,                 0,       12.34216406,    0.007878757782
          0,           0,         220,      -6.099260734,      -5.065201489,      -5.400207107,      -4.625658337,       -10.1795858,               0.5,     0.01293580101,        0.15152859,                 0,                 0,                 0,    0.001309265427,     0.01293580101,        0.15152859,                 0,       11.71389309,    0.007072267429
          0,           0,         221,      -6.099988956,      -5.068989771,      -5.408375842,       -4.62666114,      -10.17757104,               0.5,     0.01327228925,      0.1481001372,                 0,                 0,                 0,   0.0004701941081,     0.01327228925,      0.1481001372,                 0,       11.15859777,    0.007878757782
          0,           0,         222,      -6.100566015,      -5.072905075,      -5.417614253,      -4.627419217,      -10.17527809,               0.5,     0.01358468053,      0.1442239579,                 0,                 0,                 0,  -0.0003725124318,     0.01358468053,      0.1442239579,                 0,       10.61666173,    0.007878757782
          0,           0,         223,      -6.097340687,      -5.076991908,       -5.42729427,      -4.624611655,      -10.17331176,               0.5,     0.01380837771,      0.1400469619,                 0,                 0,                 0,   -0.001127049688,     0.01380837771,      0.1400469619,                 0,       10.14217346,    0.007878757782
          0,           0,         224,       -6.09261992,      -5.081102028,      -5.437402507,      -4.620316556,      -10.17108421,               0.5,     0.01397233319,      0.1355378333,                 0,                 0,                 0,    -0.00183731132,     0.01397233319,      0.1355378333,                 0,       9.700443834,    0.007072267429
          0,           0,         225,      -6.088943321,      -5.085284478,      -5.447753369,      -4.616794411,       -10.1690854,               0.5,     0.01408246926,      0.1308104685,                 0,                 0,                 0,   -0.002441643927,     0.01408246926,      0.1308104685,                 0,       9.288887198,    0.007878757782
          0,           0,         226,      -6.083738846,      -5.089069951,      -5.458267635,       -4.61174544,      -10.16707685,               0.5,     0.01415350693,      0.1257285907,                 0,                 0,                 0,   -0.003068291468,     0.01415350693,      0.1257285907,                 0,       8.883211161,    0.007878757782
          0,           0,         227,      -6.078129363,      -5.092839969,      -5.468605585,      -4.606172836,      -10.16521554,               0.5,     0.01410512662,      0.1203944434,                 0,                 0,                 0,   -0.003669254074,     0.01410512662,      0.1203944434,                 0,       8.535509587,    0.007072267429
          0,           0,         228,      -6.074987579,      -5.096844163,      -5.478583965,      -4.602795866,      -10.16308596,               0.5,     0.01406077945,      0.1148988673,                 0,                 0,                 0,   -0.004207283335,     0.01406077945,      0.1148988673,                 0,       8.171585918,    0.007878757782
          0,           0,         229,      -6.073764081,      -5.100521821,      -5.488098376,       -4.60112338,      -10.16131498,               0.5,     0.01393103974,      0.1092708478,                 0,                 0,                 0,     -0.0046937221,     0.01393103974,      0.1092708478,                 0,       7.843696515,    0.007878757782
          0,           0,         230,      -6.070697011,      -5.103739011,      -5.497096784,      -4.597775993,      -10.15929657,               0.5,     0.01370818329,      0.1035712987,                 0,                 0,                 0,   -0.005117504816,     0.01370818329,      0.1035712987,                 0,       7.555435793,    0.007072267429
          0,           0,         231,      -6.067835548,      -5.106393203,      -5.505238091,      -4.594599023,      -10.15762691,               0.5,     0.01346489777,       0.097731741,                 0,                 0,                 0,   -0.005565467358,     0.01346489777,       0.097731741,                 0,         7.2582609,    0.007072267429
          0,           0,         232,      -6.066006121,      -5.108886117,      -5.512296515,       -4.59230381,      -10.15583443,               0.5,     0.01310109642,     0.09189825106,                 0,                 0,                 0,   -0.005964906209,     0.01310109642,     0.09189825106,                 0,       7.014546579,    0.007878757782
          0,           0,         233,      -6.069366073,       -5.11156173,       -5.51836651,      -4.594723355,      -10.15422563,               0.5,     0.01274530114,     0.08601266831,                 0,                 0,                 0,    -0.00639562457,     0.01274530114,     0.08601266831,                 0,       6.748578738,    0.007878757782
          0,           0,         234,      -6.074069731,      -5.113641583,      -5.523774643,      -4.598457938,      -10.15237435,               0.5,     0.01231402988,     0.08022732597,                 0,                 0,                 0,   -0.006780409745,     0.01231402988,     0.08022732597,                 0,       6.515115419,    0.007072267429
          0,           0,         235,      -6.075502467,      -5.115039792,      -5.527963245,       -4.59928141,      -10.15081411,               0.5,     0.01177904494,     0.07460983589,                 0,                 0,                 0,   -0.007104371163,     0.01177904494,     0.07460983589,                 0,       6.334115906,    0.007878757782
          0,           0,         236,      -6.082352344,      -5.116436845,      -5.531273794,      -4.604988682,      -10.14916805,               0.5,     0.01127424504,     0.06905698132,                 0,                 0,                 0,   -0.007479243266,     0.01127424504,     0.06905698132,                 0,       6.125197834,    0.007878757782
          0,           0,         237,      -6.089639129,      -5.117656743,      -5.533313719,      -4.611194481,      -10.14765782,               0.5,     0.01066077203,     0.06372109398,                 0,                 0,                 0,    -0.00782484722,     0.01066077203,     0.06372109398,                 0,       5.977155672,    0.007072267429
          0,           0,         238,      -6.098318234,      -5.118061118,      -5.534890941,      -4.618655184,      -10.14610187,               0.5,    0.009990289223,     0.05866071971,                 0,                 0,                 0,   -0.008129413424,    0.009990289223,     0.05866071971,                 0,       5.871773919,    0.007878757782
          0,           0,         239,       -6.10737794,      -5.118970765,      -5.535610453,      -4.626558154,      -10.14466902,               0.5,    0.009331904129,     0.05380527307,                 0,                 0,                 0,   -0.008475216041,    0.009331904129,     0.05380527307,                 0,       5.765733587,    0.007072267429
          0,           0,         240,      -6.117913832,       -5.11918835,      -5.535635273,      -4.635806645,      -10.14297606,               0.5,    0.008609236811,     0.04934471372,                 0,                 0,                 0,   -0.008748211627,    0.008609236811,     0.04934471372,                 0,       5.731601395,    0.007878757782
          0,           0,         241,      -6.131030972,      -5.119356737,         -5.535083,      -4.647326545,      -10.14166328,               0.5,    0.007883111864,     0.04517187262,                 0,                 0,                 0,    -0.00905260872,    0.007883111864,     0.04517187262,                 0,       5.730208248,    0.007878757782
          0,           0,         242,      -6.143642524,      -5.119409438,       -5.53421731,      -4.658608025,      -10.14012303,               0.5,    0.007131458674,     0.04139303711,                 0,                 0,                 0,   -0.009330060003,    0.007131458674,     0.04139303711,                 0,       5.804287594,    0.007072267429
          0,           0,         243,      -6.155647893,      -5.119282583,       -5.53302128,      -4.669431035,      -10.13869054,               0.5,    0.006295463454,     0.03802795939,                 0,                 0,                 0,    -0.00958383467,    0.006295463454,     0.03802795939,                 0,       6.040533738,    0.007878757782
          0,           0,         244,      -6.168563898,       -5.11959259,      -5.531362139,      -4.681173643,      -10.13722535,               0.5,    0.005506443941,     0.03507924303,                 0,                 0,                 0,    -0.00982666858,    0.005506443941,     0.03507924303,                 0,       6.370580251,    0.007072267429
          0,           0,         245,      -6.181761579,      -5.119769426,      -5.529339911,      -4.693200085,      -10.13587612,               0.5,    0.004684961722,     0.03268315796,                 0,                 0,                 0,   -0.009968380587,    0.004684961722,     0.03268315796,                 0,       6.976184631,    0.007878757782
          0,           0,         246,      -6.197156356,      -5.119934165,      -5.527405395,      -4.707213131,      -10.13426566,               0.5,    0.003908429251,     0.03066764739,                 0,                 0,                 0,    -0.01014517754,    0.003908429251,     0.03066764739,                 0,       7.846540238,    0.007317481498
          0,           0,         247,      -6.208425794,      -5.120164577,      -5.525424406,      -4.717943013,      -10.13300146,               0.5,    0.003138275881,     0.02913792782,                 0,                 0,                 0,    -0.01028318682,    0.003138275881,     0.02913792782,                 0,       9.284692909,    0.007317481498
          0,           0,         248,      -6.219792887,      -5.120805289,      -5.523535191,      -4.728744551,      -10.13149896,               0.5,    0.002287206374,     0.02813332454,                 0,                 0,                 0,    -0.01035380234,    0.002287206374,     0.02813332454,                 0,       12.30029999,    0.007878757782
          0,           0,         249,      -6.230751687,      -5.121791091,        -5.5214662,      -4.739406055,      -10.13007714,               0.5,    0.001544273189,     0.02760745204,                 0,                 0,                 0,    -0.01038918231,    0.001544273189,     0.02760745204,                 0,       17.87731098,    0.007072267429
          0,           0,         250,      -6.235598014,      -5.122286525,      -5.519720021,      -4.745104595,      -10.12864598,               0.5,   0.0007583819099,     0.02762000981,                 0,                 0,                 0,    -0.01033928854,   0.0007583819099,     0.02762000981,                 0,       36.41965803,    0.007878757782
          0,           0,         251,      -6.241645416,      -5.123608247,      -5.518029218,      -4.751608145,      -10.12723396,               0.5,   0.0001034818091,     0.02804885645,                 0,                 0,                 0,    -0.01028661593,   0.0001034818091,     0.02804885645,                 0,       271.0510832,    0.007878757782
          0,           0,         252,       -6.24712442,      -5.124953808,      -5.516703785,      -4.757910272,      -10.12567896,               0.5,  -0.0006037200231,     0.02896206412,                 0,                 0,                 0,     -0.0101686931,  -0.0006037200231,     0.02896206412,                 0,      -47.97267444,    0.007072267429
          0,           0,         253,       -6.24953827,      -5.126391779,      -5.515640448,      -4.761312058,      -10.12437396,               0.5,   -0.001262980708,     0.03044263459,                 0,                 0,                 0,   -0.009909743185,   -0.001262980708,     0.03044263459,                 0,      -24.10380015,    0.007878757782
          0,           0,         254,      -6.249313339,      -5.128164905,       -5.51475447,      -4.762495364,      -10.12284254,               0.5,   -0.001835556414,     0.03230901744,                 0,                 0,                 0,   -0.009628608673,   -0.001835556414,     0.03230901744,                 0,      -17.60175672,    0.007072267429
          0,           0,         255,      -6.239511652,      -5.129634825,        -5.5142143,      -4.755442662,      -10.12137634,               0.5,   -0.002432153188,     0.03463227314,                 0,                 0,                 0,   -0.009253880413,   -0.002432153188,     0.03463227314,                 0,      -14.23934697,    0.007878757782
          0,           0,         256,      -6.235339214,      -5.131813677,      -5.514048881,      -4.752737964,      -10.11986687,               0.5,   -0.002855836229,     0.03729106364,                 0,                 0,                 0,   -0.008855953291,   -0.002855836229,     0.03729106364,                 0,      -13.05784388,    0.007878757782
          0,           0,         257,      -6.232350786,      -5.134466369,      -5.514414116,      -4.750969293,      -10.11842029,               0.5,   -0.003327656667,      0.0403673326,                 0,                 0,                 0,   -0.008351913384,   -0.003327656667,      0.0403673326,                 0,      -12.13085863,    0.007072267429
          0,           0,         258,      -6.224732628,       -5.13626836,      -5.515248965,      -4.744795791,      -10.11685331,               0.5,   -0.003725312203,     0.04387394242,                 0,                 0,                 0,   -0.007709893735,   -0.003725312203,     0.04387394242,                 0,      -11.77725249,    0.007878757782
          0,           0,         259,      -6.215842024,        -5.1385316,      -5.516435467,      -4.737231992,      -10.11541199,               0.5,    -0.00401702535,     0.04758913696,                 0,                 0,                 0,   -0.007071870893,    -0.00401702535,     0.04758913696,                 0,         -11.84686,    0.007072267429
          0,           0,         260,      -6.203991286,      -5.141178503,        -5.5180088,      -4.726839119,      -10.11383904,               0.5,   -0.004297242252,     0.05168473493,                 0,                 0,                 0,     -0.0062860516,   -0.004297242252,     0.05168473493,                 0,      -12.02741942,    0.007878757782
          0,           0,         261,      -6.199287365,      -5.144054243,      -5.520049133,      -4.722507697,      -10.11235857,               0.5,   -0.004472884659,     0.05594646562,                 0,                 0,                 0,   -0.005488442165,   -0.004472884659,     0.05594646562,                 0,      -12.50791601,    0.007878757782
          0,           0,         262,      -6.192492264,      -5.146966447,      -5.522274333,      -4.716343595,      -10.11081671,               0.5,   -0.004583179151,     0.06048414173,                 0,                 0,                 0,   -0.004573495781,   -0.004583179151,     0.06048414173,                 0,      -13.19698396,    0.007878757782
          0,           0,         263,      -6.180546608,      -5.148676636,      -5.524977375,      -4.705232882,       -10.1093135,               0.5,   -0.004726237529,     0.06523155793,                 0,                 0,                 0,   -0.003567424517,   -0.004726237529,     0.06523155793,                 0,      -13.80200583,    0.007878757782
          0,           0,         264,      -6.174039915,      -5.151484614,      -5.527767209,      -4.698709991,      -10.10766968,               0.5,     -0.0046676716,     0.07006339464,                 0,                 0,                 0,   -0.002541454779,     -0.0046676716,     0.07006339464,                 0,      -15.01035219,    0.007878757782
          0,           0,         265,       -6.16875378,      -5.154657623,      -5.530964384,       -4.69337154,      -10.10616585,               0.5,   -0.004680784843,     0.07505239474,                 0,                 0,                 0,   -0.001419731695,   -0.004680784843,     0.07505239474,                 0,      -16.03414753,    0.007878757782
          0,           0,         266,       -6.16630682,      -5.157423128,      -5.534581695,      -4.690441941,      -10.10454996,               0.5,   -0.004546661607,     0.08011482157,                 0,                 0,                 0,  -0.0002445467129,   -0.004546661607,     0.08011482157,                 0,      -17.62058154,    0.007878757782
          0,           0,         267,      -6.163871958,      -5.160162841,       -5.53812852,      -4.687611902,      -10.10298533,               0.5,   -0.004411757888,     0.08525132452,                 0,                 0,                 0,    0.001003653029,   -0.004411757888,     0.08525132452,                 0,      -19.32366342,    0.007878757782
          0,           0,         268,      -6.158551208,       -5.16193332,      -5.541762281,      -4.682107993,      -10.10141483,               0.5,   -0.004167274388,     0.09032558031,                 0,                 0,                 0,     0.00224056615,   -0.004167274388,     0.09032558031,                 0,      -21.67497791,    0.007878757782
          0,           0,         269,      -6.152350156,      -5.163803474,      -5.545462748,      -4.675802262,       -10.0996704,               0.5,   -0.003943572198,     0.09541214693,                 0,                 0,                 0,    0.003537852068,   -0.003943572198,     0.09541214693,                 0,      -24.19434516,    0.007878757782
          0,           0,         270,       -6.15194297,      -5.166126093,      -5.548955166,      -4.674598217,       -10.0981184,               0.5,    -0.00359382837,        0.10042014,                 0,                 0,                 0,    0.004842062415,    -0.00359382837,        0.10042014,                 0,      -27.94238614,    0.007878757782
          0,           0,         271,      -6.154941873,      -5.168524591,        -5.5524331,      -4.676548668,      -10.09643076,               0.5,   -0.003309065771,      0.1053977962,                 0,                 0,                 0,    0.006201919172,   -0.003309065771,      0.1053977962,                 0,      -31.85122433,    0.007317481498
          0,           0,         272,      -6.156436068,       -5.17050458,       -5.55584353,      -4.677179947,      -10.09469099,               0.5,   -0.002884665518,       0.110226049,                 0,                 0,                 0,    0.007539375175,   -0.002884665518,       0.110226049,                 0,       -38.2110329,    0.007072267429
          0,           0,         273,      -6.157970721,      -5.171719135,      -5.559117501,      -4.678038953,      -10.09307672,               0.5,   -0.002520607985,      0.1149090628,                 0,                 0,                 0,    0.008866779365,   -0.002520607985,      0.1149090628,                 0,      -45.58783575,    0.007878757782
          0,           0,         274,      -6.160341591,      -5.173072721,       -5.56233991,      -4.679503649,       -10.0912795,               0.5,     -0.0020628593,      0.1193667232,                 0,                 0,                 0,     0.01013209706,     -0.0020628593,      0.1193667232,                 0,       -57.8646945,    0.007072267429
          0,           0,         275,      -6.162687023,       -5.17449764,      -5.565071173,      -4.681125927,      -10.08959868,               0.5,   -0.001627411303,      0.1237273168,                 0,                 0,                 0,     0.01143706752,   -0.001627411303,      0.1237273168,                 0,      -76.02707227,    0.007878757782
          0,           0,         276,      -6.170422942,      -5.175894046,      -5.567878025,      -4.687448005,      -10.08774429,               0.5,   -0.001138187364,      0.1278153273,                 0,                 0,                 0,     0.01265537755,   -0.001138187364,      0.1278153273,                 0,      -112.2972643,    0.007317481498
          0,           0,         277,      -6.178460388,      -5.177409727,      -5.570253363,      -4.694237802,       -10.0859396,               0.5,  -0.0006380159525,      0.1317746709,                 0,                 0,                 0,     0.01389745162,  -0.0006380159525,      0.1317746709,                 0,       -206.538207,    0.007878757782
          0,           0,         278,      -6.183406298,      -5.178108393,      -5.572601392,      -4.698545606,      -10.08419962,               0.5,  -0.0001590127113,      0.1353878165,                 0,                 0,                 0,     0.01500278909,  -0.0001590127113,      0.1353878165,                 0,      -851.4276335,    0.007072267429
          0,           0,         279,      -6.189725434,      -5.178773342,      -5.574362918,      -4.703939935,      -10.08231216,               0.5,   0.0003356036698,      0.1388475123,                 0,                 0,                 0,     0.01611588384,   0.0003356036698,      0.1388475123,                 0,       413.7246544,    0.007878757782
          0,           0,         280,      -6.197929023,      -5.179925416,      -5.576116786,      -4.711072612,      -10.08058483,               0.5,   0.0008563209063,      0.1419040362,                 0,                 0,                 0,       0.017049948,   0.0008563209063,      0.1419040362,                 0,       165.7136187,    0.007072267429
          0,           0,         281,      -6.210494068,      -5.180910431,      -5.577534876,      -4.722063861,      -10.07868592,               0.5,     0.00130852549,      0.1447958452,                 0,                 0,                 0,        0.01798155,     0.00130852549,      0.1447958452,                 0,       110.6557314,    0.007317481498
          0,           0,         282,      -6.218059574,      -5.181613029,      -5.578747796,      -4.728935222,      -10.07676314,               0.5,    0.001855611618,      0.1473534172,                 0,                 0,                 0,     0.01878208928,    0.001855611618,      0.1473534172,                 0,       79.40962201,    0.007878757782
          0,           0,         283,      -6.225587069,       -5.18224072,      -5.580023397,      -4.736001546,      -10.07493779,               0.5,    0.002291849668,      0.1496438018,                 0,                 0,                 0,     0.01949869154,    0.002291849668,      0.1496438018,                 0,       65.29389948,    0.007878757782
          0,           0,         284,      -6.234221743,      -5.183407046,      -5.581087688,      -4.743953457,      -10.07314013,               0.5,     0.00277191589,      0.1516514215,                 0,                 0,                 0,     0.02011681068,     0.00277191589,      0.1516514215,                 0,       54.70996506,    0.007878757782
          0,           0,         285,      -6.240629524,      -5.184457304,      -5.581768081,      -4.750303707,       -10.0711674,               0.5,    0.003182592538,       0.153368255,                 0,                 0,                 0,     0.02062724512,    0.003182592538,       0.153368255,                 0,        48.1897237,    0.007878757782
          0,           0,         286,      -6.250850508,      -5.185592912,      -5.582590519,      -4.759726327,      -10.06931087,               0.5,     0.00366623016,      0.1547535846,                 0,                 0,                 0,     0.02099582432,     0.00366623016,      0.1547535846,                 0,       42.21054811,    0.007072267429
          0,           0,         287,      -6.255546835,      -5.186797624,      -5.583509319,      -4.765001432,      -10.06731723,               0.5,    0.004032990179,      0.1559091924,                 0,                 0,                 0,     0.02129478108,    0.004032990179,      0.1559091924,                 0,       38.65846073,    0.007878757782
          0,           0,         288,      -6.262777112,       -5.18787153,      -5.584432035,      -4.772314423,      -10.06542609,               0.5,    0.004439180145,      0.1566703795,                 0,                 0,                 0,     0.02139714869,    0.004439180145,      0.1566703795,                 0,       35.29263836,    0.007072267429
          0,           0,         289,       -6.26623894,      -5.189625078,      -5.584873147,       -4.77664079,      -10.06352384,               0.5,    0.004805866607,      0.1571990742,                 0,                 0,                 0,     0.02141986575,    0.004805866607,      0.1571990742,                 0,       32.70982886,    0.007072267429
          0,           0,         290,      -6.261406834,      -5.190843786,      -5.585256757,       -4.77383355,      -10.06152519,               0.5,    0.005084893137,      0.1575425548,                 0,                 0,                 0,     0.02139476091,    0.005084893137,      0.1575425548,                 0,       30.98247113,    0.007878757782
          0,           0,         291,      -6.269283118,      -5.192690082,      -5.585756975,      -4.781776398,      -10.05965666,               0.5,    0.005452682568,      0.1575441975,                 0,                 0,                 0,     0.02120124227,    0.005452682568,      0.1575441975,                 0,       28.89297067,    0.007878757782
          0,           0,         292,      -6.269312996,       -5.19470775,      -5.586592553,      -4.783260235,      -10.05768214,               0.5,    0.005694529317,      0.1573342523,                 0,                 0,                 0,     0.02093328258,    0.005694529317,      0.1573342523,                 0,       27.62901787,    0.007878757782
          0,           0,         293,      -6.269270771,       -5.19639506,      -5.587425785,      -4.784582864,      -10.05571616,               0.5,    0.006000257694,      0.1567737068,                 0,                 0,                 0,     0.02048383631,    0.006000257694,      0.1567737068,                 0,       26.12782896,    0.007878757782
          0,           0,         294,      -6.269463494,      -5.199071033,      -5.587776387,      -4.786064688,      -10.05381979,               0.5,    0.006187859526,      0.1560124557,                 0,                 0,                 0,     0.01996215975,    0.006187859526,      0.1560124557,                 0,       25.21266926,    0.007878757782
          0,           0,         295,      -6.263700909,      -5.200898359,      -5.588047469,      -4.782259089,      -10.05193605,               0.5,    0.006350304371,      0.1550769237,                 0,                 0,                 0,     0.01938543601,    0.006350304371,      0.1550769237,                 0,       24.42039226,    0.007317481498
          0,           0,         296,      -6.259319583,      -5.203059499,      -5.588293252,      -4.779592031,       -10.0500328,               0.5,    0.006588271334,      0.1538764576,                 0,                 0,                 0,     0.01868352478,    0.006588271334,      0.1538764576,                 0,       23.35612027,    0.007072267429
          0,           0,         297,       -6.25039604,       -5.20507174,      -5.588393896,      -4.772800176,      -10.04818031,               0.5,    0.006663303315,      0.1525060865,                 0,                 0,                 0,     0.01792512646,    0.006663303315,      0.1525060865,                 0,       22.88745975,    0.007878757782
          0,           0,         298,      -6.249716199,        -5.2076319,       -5.58879711,       -4.77287105,      -10.04629766,               0.5,    0.006840756761,      0.1508816626,                 0,                 0,                 0,     0.01704539326,    0.006840756761,      0.1508816626,                 0,       22.05628234,    0.007878757782
          0,           0,         299,      -6.245106513,      -5.210166359,      -5.588605558,      -4.769603519,      -10.04441159,               0.5,    0.006902153845,      0.1490572571,                 0,                 0,                 0,     0.01608310814,    0.006902153845,      0.1490572571,                 0,       21.59575988,    0.007317481498
          0,           0,         300,      -6.237484255,      -5.211457736,       -5.58886795,      -4.763319488,      -10.04257209,               0.5,    0.006939898953,       0.147185819,                 0,                 0,                 0,     0.01515069364,    0.006939898953,       0.147185819,                 0,       21.20864007,    0.007878757782
          0,           0,         301,      -6.234763153,      -5.214599233,      -5.589020481,      -4.761418004,      -10.04076576,               0.5,    0.006997440275,      0.1450690941,                 0,                 0,                 0,     0.01409829637,    0.006997440275,      0.1450690941,                 0,       20.73173738,    0.007072267429
          0,           0,         302,      -6.234627635,       -5.21743899,      -5.589227723,      -4.761703703,      -10.03895236,               0.5,    0.006968725074,      0.1428713698,                 0,                 0,                 0,     0.01304662443,    0.006968725074,      0.1428713698,                 0,       20.50179455,    0.007878757782
          0,           0,         303,      -6.233816308,      -5.219697504,      -5.589495199,      -4.761219791,      -10.03722199,               0.5,    0.006965171227,      0.1405378868,                 0,                 0,                 0,     0.01195316204,    0.006965171227,      0.1405378868,                 0,       20.17723359,    0.007072267429
          0,           0,         304,      -6.232984879,      -5.222266126,      -5.589715317,      -4.760692688,      -10.03543885,               0.5,    0.006886091693,      0.1381108102,                 0,                 0,                 0,     0.01084713325,    0.006886091693,      0.1381108102,                 0,       20.05648725,    0.007878757782
          0,           0,         305,      -6.229733202,      -5.224272612,      -5.590416423,      -4.757837984,      -10.03370258,               0.5,    0.006792558975,      0.1355293335,                 0,                 0,                 0,    0.009680807741,    0.006792558975,      0.1355293335,                 0,       19.95261786,    0.007317481498
          0,           0,         306,      -6.221100655,      -5.225766017,      -5.590437585,      -4.749993005,      -10.03197991,               0.5,    0.006660918946,      0.1329811861,                 0,                 0,                 0,     0.00859176302,    0.006660918946,      0.1329811861,                 0,       19.96439038,    0.007878757782
          0,           0,         307,      -6.223092305,      -5.227987682,      -5.591581907,      -4.751813383,      -10.03034867,               0.5,    0.006554493125,        0.13025375,                 0,                 0,                 0,    0.007418477515,    0.006554493125,        0.13025375,                 0,       19.87243674,    0.007317481498
          0,           0,         308,      -6.225162964,      -5.231043014,      -5.592895683,      -4.753646276,      -10.02867625,               0.5,    0.006391457803,      0.1275830077,                 0,                 0,                 0,    0.006333695227,    0.006391457803,      0.1275830077,                 0,       19.96148791,    0.007317481498
          0,           0,         309,      -6.227760953,      -5.233238405,      -5.594900877,      -4.755939643,      -10.02711965,               0.5,    0.006191049254,      0.1247866502,                 0,                 0,                 0,    0.005197742119,    0.006191049254,      0.1247866502,                 0,       20.15597762,    0.007072267429
          0,           0,         310,      -6.224811145,      -5.234662022,      -5.596949538,       -4.75309428,      -10.02543974,               0.5,    0.005972345459,      0.1220681147,                 0,                 0,                 0,    0.004158489738,    0.005972345459,      0.1220681147,                 0,       20.43889047,    0.007878757782
          0,           0,         311,      -6.224926776,       -5.23638415,      -5.599523773,      -4.752962157,      -10.02385681,               0.5,    0.005767884216,      0.1192119436,                 0,                 0,                 0,    0.003050760181,    0.005767884216,      0.1192119436,                 0,       20.66822758,    0.007072267429
          0,           0,         312,      -6.226413418,      -5.239182418,      -5.602684833,      -4.754216697,       -10.0222875,               0.5,    0.005512349191,      0.1165051098,                 0,                 0,                 0,    0.002083859486,    0.005512349191,      0.1165051098,                 0,       21.13529201,    0.007878757782
          0,           0,         313,      -6.230201636,      -5.241881607,      -5.606474157,      -4.757489456,      -10.02079752,               0.5,    0.005267934785,      0.1136858405,                 0,                 0,                 0,    0.001057284473,    0.005267934785,      0.1136858405,                 0,       21.58072283,    0.007878757782
          0,           0,         314,      -6.236632902,      -5.244728939,      -5.610749205,      -4.763274492,      -10.01924973,               0.5,    0.004990638471,      0.1110136187,                 0,                 0,                 0,   0.0001595512666,    0.004990638471,      0.1110136187,                 0,       22.24437201,    0.007878757782
          0,           0,         315,      -6.238904195,      -5.246865783,      -5.615714073,      -4.765289471,      -10.01776958,               0.5,    0.004686802218,      0.1083732386,                 0,                 0,                 0,  -0.0007008453315,    0.004686802218,      0.1083732386,                 0,       23.12306634,    0.007878757782
          0,           0,         316,      -6.237814042,      -5.248929661,      -5.620957227,      -4.764184586,      -10.01621224,               0.5,    0.004356850256,       0.105751752,                 0,                 0,                 0,   -0.001539448388,    0.004356850256,       0.105751752,                 0,        24.2725239,    0.007317481498
          0,           0,         317,      -6.236175403,      -5.251379132,      -5.626034292,      -4.762631739,      -10.01469419,               0.5,    0.004109660758,      0.1032128765,                 0,                 0,                 0,   -0.002314528405,    0.004109660758,      0.1032128765,                 0,       25.11469499,    0.007072267429
          0,           0,         318,      -6.239667961,      -5.254565232,      -5.631667442,      -4.765789059,      -10.01321711,               0.5,    0.003716252689,      0.1008422831,                 0,                 0,                 0,   -0.002968052946,    0.003716252689,      0.1008422831,                 0,       27.13547532,    0.007878757782
          0,           0,         319,      -6.245468505,       -5.25769136,      -5.638482968,      -4.771036029,       -10.0117675,               0.5,    0.003440708941,     0.09846808209,                 0,                 0,                 0,   -0.003634546367,    0.003440708941,     0.09846808209,                 0,       28.61854454,    0.007878757782
          0,           0,         320,      -6.250330103,      -5.260776608,      -5.644931516,      -4.775708692,        -10.010234,               0.5,    0.003090555956,     0.09620681946,                 0,                 0,                 0,   -0.004232693423,    0.003090555956,     0.09620681946,                 0,       31.12929222,    0.007878757782
          0,           0,         321,      -6.251846092,      -5.263737541,      -5.651655107,      -4.777188816,      -10.00872384,               0.5,    0.002741743653,     0.09411836894,                 0,                 0,                 0,   -0.004723827066,    0.002741743653,     0.09411836894,                 0,       34.32792444,    0.007878757782
          0,           0,         322,      -6.257164672,      -5.267317762,      -5.658256608,      -4.782228893,      -10.00720056,               0.5,    0.002445773084,     0.09207828275,                 0,                 0,                 0,   -0.005206202528,    0.002445773084,     0.09207828275,                 0,       37.64792546,    0.007072267429
          0,           0,         323,      -6.262292952,      -5.270418371,       -5.66425162,      -4.787131948,        -10.005665,               0.5,    0.002093177409,     0.09029055731,                 0,                 0,                 0,   -0.005532952926,    0.002093177409,     0.09029055731,                 0,       43.13564484,    0.007878757782
          0,           0,         324,      -6.265832039,      -5.273824153,      -5.670116628,      -4.790624056,      -10.00419844,               0.5,    0.001842424675,     0.08852004941,                 0,                 0,                 0,   -0.005884810879,    0.001842424675,     0.08852004941,                 0,       48.04541029,    0.007878757782
          0,           0,         325,      -6.273037302,      -5.277505868,      -5.675460585,      -4.797602919,      -10.00266877,               0.5,    0.001524556021,      0.0868959068,                 0,                 0,                 0,   -0.006169841358,    0.001524556021,      0.0868959068,                 0,        56.9975164,    0.007878757782
          0,           0,         326,      -6.280605165,      -5.281175341,      -5.680480633,      -4.804744857,      -10.00120862,               0.5,    0.001246788112,     0.08545353925,                 0,                 0,                 0,   -0.006366009423,    0.001246788112,     0.08545353925,                 0,       68.53894292,    0.007878757782
          0,           0,         327,       -6.28709176,      -5.284871056,      -5.684606055,       -4.81109059,      -9.999586623,               0.5,   0.0009732100148,     0.08415082584,                 0,                 0,                 0,   -0.006508376689,   0.0009732100148,     0.08415082584,                 0,       86.46728307,    0.007878757782
          0,           0,         328,      -6.294383877,      -5.288035371,      -5.687470068,       -4.81805269,      -9.998095948,               0.5,   0.0007678048323,     0.08297851143,                 0,                 0,                 0,   -0.006607387343,   0.0007678048323,     0.08297851143,                 0,       108.0724006,    0.007878757782
          0,           0,         329,      -6.297098743,      -5.290771052,      -5.689642042,      -4.821238654,      -9.996484777,               0.5,   0.0005212330399,     0.08203509364,                 0,                 0,                 0,   -0.006592257047,   0.0005212330399,     0.08203509364,                 0,       157.3865956,    0.007878757782
          0,           0,         330,      -6.304824358,      -5.293504641,      -5.691200191,      -4.828665707,      -9.994916139,               0.5,   0.0003921695565,     0.08116039534,                 0,                 0,                 0,   -0.006585045743,   0.0003921695565,     0.08116039534,                 0,       206.9523093,    0.007878757782
          0,           0,         331,      -6.314769109,      -5.297042571,      -5.692038751,      -4.838124978,      -9.993359904,               0.5,   0.0001812453979,     0.08044214456,                 0,                 0,                 0,   -0.006522134281,   0.0001812453979,     0.08044214456,                 0,       443.8299978,    0.007317481498
          0,           0,         332,      -6.320389687,       -5.29990389,      -5.691787282,      -4.843717898,      -9.991687917,               0.5,   7.732036829e-05,     0.07996098022,                 0,                 0,                 0,   -0.006344625197,   7.732036829e-05,     0.07996098022,                 0,       1034.151569,    0.007878757782
          0,           0,         333,      -6.329096376,      -5.302478477,      -5.690734202,      -4.852018033,      -9.990078574,               0.5,  -1.788640961e-05,      0.0795628437,                 0,                 0,                 0,   -0.006168457302,  -1.788640961e-05,      0.0795628437,                 0,      -4448.228875,    0.007072267429
          0,           0,         334,      -6.331088289,      -5.304625766,      -5.689237802,      -4.854505842,      -9.988391682,               0.5,  -0.0001101586774,     0.07941774154,                 0,                 0,                 0,    -0.00586740676,  -0.0001101586774,     0.07941774154,                 0,      -720.9394974,    0.007878757782
          0,           0,         335,      -6.339177498,      -5.307386169,       -5.68731135,      -4.862263808,      -9.986743799,               0.5,  -0.0001206029937,     0.07929631682,                 0,                 0,                 0,   -0.005612640982,  -0.0001206029937,     0.07929631682,                 0,      -657.4987435,    0.007878757782
          0,           0,         336,      -6.343459771,      -5.309980632,      -5.684706075,      -4.866748333,      -9.985039119,               0.5,  -0.0001439129726,       0.079326522,                 0,                 0,                 0,    -0.00530846915,  -0.0001439129726,       0.079326522,                 0,      -551.2117535,    0.007072267429
          0,           0,         337,      -6.342419197,      -5.311212443,      -5.681983669,      -4.866071633,       -9.98338093,               0.5,  -0.0001222607901,     0.07960703181,                 0,                 0,                 0,   -0.004880530984,  -0.0001222607901,     0.07960703181,                 0,      -651.1247943,    0.007878757782
          0,           0,         338,      -6.353610965,      -5.313607099,      -5.679790276,      -4.876620899,      -9.981610013,               0.5,   -3.27274752e-05,     0.07989694131,                 0,                 0,                 0,   -0.004507796507,   -3.27274752e-05,     0.07989694131,                 0,      -2441.280325,    0.007317481498
          0,           0,         339,      -6.353666273,      -5.315124196,      -5.677094584,      -4.877285613,      -9.979925243,               0.5,    5.12418355e-05,     0.08043435339,                 0,                 0,                 0,    -0.00401141212,    5.12418355e-05,     0.08043435339,                 0,       1569.700863,    0.007878757782
          0,           0,         340,      -6.359557434,      -5.317093907,      -5.675210629,      -4.882928622,      -9.978109909,               0.5,   0.0001867166937,     0.08101196579,                 0,                 0,                 0,   -0.003544711074,   0.0001867166937,     0.08101196579,                 0,       433.8763943,    0.007878757782
          0,           0,         341,      -6.368648716,      -5.320013067,       -5.67365226,      -4.891332408,      -9.976395515,               0.5,   0.0003359553866,     0.08180232374,                 0,                 0,                 0,   -0.002977575423,   0.0003359553866,     0.08180232374,                 0,       243.4916272,    0.007878757782
          0,           0,         342,      -6.371144288,      -5.321251208,      -5.672341149,      -4.893879958,      -9.974580887,               0.5,   0.0004703743645,     0.08272715463,                 0,                 0,                 0,   -0.002366824452,   0.0004703743645,     0.08272715463,                 0,       175.8751345,    0.007878757782
          0,           0,         343,      -6.365123277,      -5.322884774,      -5.671595693,      -4.888998712,      -9.972820875,               0.5,   0.0007187738307,     0.08362390852,                 0,                 0,                 0,   -0.001832321133,   0.0007187738307,     0.08362390852,                 0,       116.3424501,    0.007072267429
          0,           0,         344,      -6.364770793,      -5.323969147,      -5.671470522,      -4.889120883,      -9.971015458,               0.5,   0.0009156106785,     0.08473124833,                 0,                 0,                 0,   -0.001194046416,   0.0009156106785,     0.08473124833,                 0,       92.54069477,    0.007878757782
          0,           0,         345,      -6.365829888,       -5.32553507,      -5.672974839,      -4.890216868,      -9.969248462,               0.5,    0.001204887529,      0.0858767207,                 0,                 0,                 0,  -0.0005791375269,    0.001204887529,      0.0858767207,                 0,       71.27364061,    0.007878757782
          0,           0,         346,      -6.368934417,      -5.327669895,      -5.674551723,       -4.89341741,      -9.967391888,               0.5,    0.001455285314,     0.08715206285,                 0,                 0,                 0,   8.249583793e-05,    0.001455285314,     0.08715206285,                 0,       59.88658171,    0.007878757782
          0,           0,         347,      -6.369359806,      -5.329560106,      -5.677119527,       -4.89406019,      -9.965642223,               0.5,    0.001729171932,     0.08856332127,                 0,                 0,                 0,   0.0007969463209,    0.001729171932,     0.08856332127,                 0,       51.21718647,    0.007878757782
          0,           0,         348,      -6.363762703,      -5.331196727,      -5.680099958,      -4.889417502,      -9.963836299,               0.5,    0.002001464208,     0.09002891577,                 0,                 0,                 0,    0.001504708827,    0.002001464208,     0.09002891577,                 0,       44.98152672,    0.007878757782
          0,           0,         349,      -6.363539142,      -5.332658437,      -5.684137674,      -4.889488309,      -9.962050464,               0.5,    0.002357869808,     0.09149289072,                 0,                 0,                 0,    0.002165414645,    0.002357869808,     0.09149289072,                 0,       38.80319872,    0.007317481498
          0,           0,         350,      -6.364494958,      -5.334738221,      -5.689440589,      -4.890785642,      -9.960311634,               0.5,    0.002658192315,     0.09309838168,                 0,                 0,                 0,    0.002887371269,    0.002658192315,     0.09309838168,                 0,        35.0231927,    0.007878757782
          0,           0,         351,      -6.358716572,      -5.336057573,      -5.695274909,      -4.886000229,      -9.958487505,               0.5,    0.002991811877,     0.09472926921,                 0,                 0,                 0,    0.003585176396,    0.002991811877,     0.09472926921,                 0,       31.66284283,    0.007878757782
          0,           0,         352,       -6.35167195,      -5.337914887,      -5.701804772,      -4.879887407,      -9.956672178,               0.5,    0.003277190005,     0.09648704526,                 0,                 0,                 0,    0.004335715105,    0.003277190005,     0.09648704526,                 0,       29.44200523,    0.007878757782
          0,           0,         353,      -6.355729787,      -5.340514169,      -5.709105251,      -4.883843895,       -9.95489574,               0.5,    0.003629150331,     0.09821740151,                 0,                 0,                 0,    0.005024939335,    0.003629150331,     0.09821740151,                 0,       27.06347011,    0.007878757782
          0,           0,         354,      -6.357369293,      -5.342398382,       -5.71700312,      -4.885847564,      -9.953074235,               0.5,    0.003893113124,      0.1000708149,                 0,                 0,                 0,    0.005766428934,    0.003893113124,      0.1000708149,                 0,       25.70457413,    0.007878757782
          0,           0,         355,      -6.356392135,      -5.344757128,      -5.726179209,      -4.885208215,      -9.951300887,               0.5,    0.004235762871,       0.101889762,                 0,                 0,                 0,    0.006443569459,    0.004235762871,       0.101889762,                 0,       24.05464261,    0.007878757782
          0,           0,         356,      -6.357859033,      -5.347141778,      -5.735288506,      -4.887132123,      -9.949514049,               0.5,    0.004512590044,      0.1037468764,                 0,                 0,                 0,    0.007111859196,    0.004512590044,      0.1037468764,                 0,       22.99053878,    0.007072267429
          0,           0,         357,      -6.357995838,      -5.349640012,       -5.74502491,      -4.887374132,      -9.947813823,               0.5,    0.004791104423,      0.1057262327,                 0,                 0,                 0,    0.007835218694,    0.004791104423,      0.1057262327,                 0,       22.06719441,    0.007878757782
          0,           0,         358,      -6.362775661,      -5.352841054,      -5.755907943,      -4.892150566,       -9.94603033,               0.5,    0.005055960528,      0.1076069477,                 0,                 0,                 0,    0.008450086684,    0.005055960528,      0.1076069477,                 0,       21.28318587,    0.007072267429
          0,           0,         359,      -6.370043824,      -5.355084841,      -5.766850264,      -4.899199538,      -9.944317166,               0.5,    0.005301671695,      0.1095918099,                 0,                 0,                 0,    0.009109248414,    0.005301671695,      0.1095918099,                 0,       20.67118001,    0.007878757782
          0,           0,         360,      -6.368180298,      -5.357266743,      -5.777181534,      -4.897715975,      -9.942610532,               0.5,    0.005540361764,      0.1114683582,                 0,                 0,                 0,    0.009655732107,    0.005540361764,      0.1114683582,                 0,       20.11932847,    0.007317481498
          0,           0,         361,      -6.370881434,      -5.359422291,      -5.788714996,      -4.900696254,      -9.940896134,               0.5,    0.005758464395,      0.1134269898,                 0,                 0,                 0,     0.01023343395,    0.005758464395,      0.1134269898,                 0,       19.69743703,    0.007878757782
          0,           0,         362,      -6.377375365,      -5.362607695,      -5.798888648,      -4.906672787,      -9.939234562,               0.5,     0.00591680638,      0.1153735068,                 0,                 0,                 0,     0.01077416448,     0.00591680638,      0.1153735068,                 0,       19.49928718,    0.007317481498
          0,           0,         363,      -6.384965525,      -5.366023549,      -5.809452654,      -4.913881976,      -9.937528805,               0.5,    0.006082846902,      0.1173460931,                 0,                 0,                 0,     0.01130862569,    0.006082846902,      0.1173460931,                 0,       19.29131129,    0.007878757782
          0,           0,         364,      -6.389420799,      -5.367568544,      -5.819637489,      -4.918205078,      -9.935860649,               0.5,    0.006226786387,      0.1192286795,                 0,                 0,                 0,     0.01175261406,    0.006226786387,      0.1192286795,                 0,       19.14770671,    0.007072267429
          0,           0,         365,      -6.392015884,      -5.370105289,      -5.828013781,      -4.920679175,      -9.934209621,               0.5,    0.006304071928,      0.1211307025,                 0,                 0,                 0,     0.01219054923,    0.006304071928,      0.1211307025,                 0,       19.21467646,    0.007878757782
          0,           0,         366,      -6.399080266,      -5.372636676,      -5.836823775,      -4.927179655,      -9.932564006,               0.5,    0.006399406773,      0.1229550323,                 0,                 0,                 0,     0.01255320022,    0.006399406773,      0.1229550323,                 0,       19.21350473,    0.007878757782
          0,           0,         367,      -6.410302868,      -5.375296102,      -5.843457185,      -4.937388126,      -9.930975902,               0.5,    0.006430042727,      0.1247673761,                 0,                 0,                 0,     0.01289292114,    0.006430042727,      0.1247673761,                 0,       19.40381758,    0.007878757782
          0,           0,         368,       -6.41225993,      -5.377259887,      -5.848533921,      -4.939102065,      -9.929320177,               0.5,    0.006432176617,      0.1265686029,                 0,                 0,                 0,     0.01321418972,    0.006432176617,      0.1265686029,                 0,       19.67741411,    0.007878757782
          0,           0,         369,      -6.422109161,      -5.379847581,      -5.853139053,        -4.9481516,      -9.927737691,               0.5,    0.006463301224,      0.1282995792,                 0,                 0,                 0,     0.01347678856,    0.006463301224,      0.1282995792,                 0,       19.85047188,    0.007317481498
          0,           0,         370,       -6.42380502,      -5.381559835,      -5.855365254,      -4.949450805,      -9.926117039,               0.5,    0.006457235744,      0.1299478318,                 0,                 0,                 0,     0.01367576933,    0.006457235744,      0.1299478318,                 0,       20.12437472,    0.007072267429
          0,           0,         371,      -6.425463861,      -5.383358825,      -5.855311919,      -4.951079516,      -9.924596126,               0.5,    0.006347363295,      0.1316089298,                 0,                 0,                 0,     0.01388694228,    0.006347363295,      0.1316089298,                 0,       20.73442525,    0.007878757782
          0,           0,         372,        -6.4417277,       -5.38604767,      -5.857796185,       -4.96513241,      -9.923032243,               0.5,    0.006300608507,      0.1331332255,                 0,                 0,                 0,     0.01400343933,    0.006300608507,      0.1331332255,                 0,       21.13021709,    0.007878757782
          0,           0,         373,      -6.444523822,      -5.387632634,       -5.85784195,      -4.967864159,      -9.921457928,               0.5,     0.00617920158,      0.1345903005,                 0,                 0,                 0,     0.01408229432,     0.00617920158,      0.1345903005,                 0,       21.78117978,    0.007878757782
          0,           0,         374,      -6.441814511,      -5.388191937,      -5.856203458,      -4.965011614,      -9.919929689,               0.5,     0.00600413968,      0.1360332393,                 0,                 0,                 0,     0.01416829287,     0.00600413968,      0.1360332393,                 0,       22.65657472,    0.007878757782
          0,           0,         375,      -6.454264201,      -5.390512069,      -5.854935766,       -4.97585116,      -9.918396694,               0.5,    0.005894988234,      0.1373021375,                 0,                 0,                 0,     0.01414754087,    0.005894988234,      0.1373021375,                 0,        23.2913336,    0.007072267429
          0,           0,         376,       -6.46038252,      -5.391917564,      -5.851692755,      -4.981277428,      -9.916848443,               0.5,    0.005689917811,       0.138547374,                 0,                 0,                 0,     0.01413770307,    0.005689917811,       0.138547374,                 0,       24.34962659,    0.007878757782
          0,           0,         377,      -6.474231856,      -5.393913414,      -5.849140195,      -4.993033553,      -9.915352433,               0.5,    0.005529294086,      0.1396458287,                 0,                 0,                 0,     0.01405242454,    0.005529294086,      0.1396458287,                 0,       25.25563418,    0.007317481498
          0,           0,         378,      -6.489144462,      -5.396196752,      -5.846697114,      -5.005873606,      -9.913908121,               0.5,     0.00530593179,      0.1406602554,                 0,                 0,                 0,     0.01394400142,     0.00530593179,      0.1406602554,                 0,       26.51000068,    0.007317481498
          0,           0,         379,      -6.489525165,      -5.396848697,      -5.843101487,      -5.005792111,      -9.912370237,               0.5,    0.005057839257,      0.1416879732,                 0,                 0,                 0,      0.0138905546,    0.005057839257,      0.1416879732,                 0,       28.01353819,    0.007878757782
          0,           0,         380,      -6.493909562,      -5.398316125,      -5.841643656,      -5.009750137,      -9.910932198,               0.5,    0.004801801505,      0.1424340386,                 0,                 0,                 0,     0.01367711484,    0.004801801505,      0.1424340386,                 0,       29.66262526,    0.007072267429
          0,           0,         381,      -6.503094455,      -5.399041749,      -5.839531938,      -5.017502448,      -9.909420645,               0.5,    0.004535953529,      0.1431632489,                 0,                 0,                 0,     0.01350659236,    0.004535953529,      0.1431632489,                 0,       31.56188617,    0.007878757782
          0,           0,         382,      -6.507930886,      -5.400180162,       -5.83774939,      -5.021334573,      -9.907963605,               0.5,    0.004278926293,      0.1436951633,                 0,                 0,                 0,     0.01324929486,    0.004278926293,      0.1436951633,                 0,        33.5820609,    0.007317481498
          0,           0,         383,       -6.51802562,      -5.401079578,       -5.83655124,      -5.030258893,      -9.906515186,               0.5,    0.004003125989,      0.1441286219,                 0,                 0,                 0,     0.01298352384,    0.004003125989,      0.1441286219,                 0,       36.00401844,    0.007878757782
          0,           0,         384,      -6.513178426,      -5.401038066,      -5.836128686,      -5.025984931,      -9.905117849,               0.5,     0.00368626493,      0.1444719921,                 0,                 0,                 0,     0.01271995433,     0.00368626493,      0.1444719921,                 0,       39.19197204,    0.007878757782
          0,           0,         385,      -6.524655773,      -5.403513415,      -5.836616943,      -5.035986782,      -9.903600875,               0.5,    0.003444928163,      0.1446612806,                 0,                 0,                 0,     0.01241461801,    0.003444928163,      0.1446612806,                 0,       41.99253912,    0.007878757782
          0,           0,         386,      -6.542935921,      -5.404340937,      -5.837833874,      -5.051454003,      -9.902201851,               0.5,    0.003150677316,      0.1447515137,                 0,                 0,                 0,     0.01211218046,    0.003150677316,      0.1447515137,                 0,       45.94298278,    0.007072267429
          0,           0,         387,      -6.523823219,      -5.404137996,      -5.839096349,      -5.035951503,      -9.900724056,               0.5,    0.002833775742,      0.1447647157,                 0,                 0,                 0,     0.01183175134,    0.002833775742,      0.1447647157,                 0,       51.08545238,    0.007878757782
          0,           0,         388,      -6.525077992,      -5.405682853,      -5.842301438,      -5.036962901,       -9.89927224,               0.5,    0.002567553694,      0.1445186501,                 0,                 0,                 0,     0.01143991222,    0.002567553694,      0.1445186501,                 0,       56.28651522,    0.007878757782
          0,           0,         389,      -6.534005198,       -5.40688161,      -5.845449928,      -5.045215613,      -9.897827277,               0.5,     0.00229461433,      0.1441831262,                 0,                 0,                 0,     0.01106528125,     0.00229461433,      0.1441831262,                 0,       62.83545097,    0.007317481498
          0,           0,         390,       -6.51924985,       -5.40717259,       -5.84918523,      -5.032611405,      -9.896430895,               0.5,    0.001994780218,      0.1437762136,                 0,                 0,                 0,     0.01072268065,    0.001994780218,      0.1437762136,                 0,        72.0762179,    0.007878757782
          0,           0,         391,      -6.546187398,      -5.410330171,      -5.856530052,      -5.056101185,      -9.894944386,               0.5,    0.001756710643,      0.1431684119,                 0,                 0,                 0,     0.01031608897,    0.001756710643,      0.1431684119,                 0,       81.49800453,    0.007878757782
          0,           0,         392,      -6.553960433,      -5.411603181,      -5.862598289,      -5.062677346,      -9.893520283,               0.5,    0.001519248438,      0.1424667945,                 0,                 0,                 0,    0.009925592192,    0.001519248438,      0.1424667945,                 0,       93.77452093,    0.007072267429
          0,           0,         393,      -6.549921973,      -5.413321519,      -5.868867844,      -5.060134036,      -9.892016807,               0.5,    0.001242899111,      0.1416563254,                 0,                 0,                 0,    0.009539169457,    0.001242899111,      0.1416563254,                 0,       113.9725053,    0.007878757782
          0,           0,         394,      -6.547537277,      -5.414290221,      -5.879016829,      -5.058383474,      -9.890572962,               0.5,    0.001030490004,      0.1406812733,                 0,                 0,                 0,    0.009114086432,    0.001030490004,      0.1406812733,                 0,       136.5188141,    0.007072267429
          0,           0,         395,      -6.551697604,      -5.416432216,      -5.888863009,      -5.062356667,      -9.889156267,               0.5,   0.0008176794107,      0.1396371172,                 0,                 0,                 0,     0.00871960577,   0.0008176794107,      0.1396371172,                 0,       170.7724511,    0.007317481498
          0,           0,         396,       -6.54644865,      -5.419064483,      -5.898181491,      -5.058155015,      -9.887670269,               0.5,   0.0006011544701,      0.1384638912,                 0,                 0,                 0,    0.008308551867,   0.0006011544701,      0.1384638912,                 0,       230.3299702,    0.007317481498
          0,           0,         397,      -6.551697877,      -5.420429102,      -5.910162879,        -5.0630844,      -9.886232256,               0.5,   0.0004474578989,      0.1371862272,                 0,                 0,                 0,    0.007896135187,   0.0004474578989,      0.1371862272,                 0,       306.5902458,    0.007878757782
          0,           0,         398,      -6.536395091,      -5.421283942,      -5.921547705,      -5.050646594,      -9.884734635,               0.5,    0.000242367732,      0.1358240876,                 0,                 0,                 0,    0.007493487007,    0.000242367732,      0.1358240876,                 0,       560.4049947,    0.007878757782
          0,           0,         399,      -6.535987842,      -5.424151631,      -5.933340796,       -5.05012795,      -9.883279089,               0.5,   0.0001661530955,      0.1343174921,                 0,                 0,                 0,    0.007051511801,   0.0001661530955,      0.1343174921,                 0,       808.3959656,    0.007878757782
          0,           0,         400,      -6.545805713,      -5.425799858,      -5.946198483,      -5.059127846,      -9.881836415,               0.5,   2.406960517e-05,      0.1327420354,                 0,                 0,                 0,    0.006621917805,   2.406960517e-05,      0.1327420354,                 0,       5514.923678,    0.007072267429
          0,           0,         401,      -6.529054845,      -5.427113295,       -5.95786815,      -5.044463363,      -9.880313222,               0.5,   -7.65148772e-05,      0.1312085399,                 0,                 0,                 0,    0.006282025639,   -7.65148772e-05,      0.1312085399,                 0,      -1714.810828,    0.007878757782
          0,           0,         402,      -6.552258926,      -5.431153673,      -5.972966571,      -5.064883743,      -9.878840169,               0.5,  -0.0001451194967,      0.1294763902,                 0,                 0,                 0,    0.005846423158,  -0.0001451194967,      0.1294763902,                 0,      -892.2053419,    0.007317481498
          0,           0,         403,      -6.558421573,      -5.432813487,      -5.985600212,      -5.070183702,      -9.877305956,               0.5,  -0.0001635115739,      0.1277164342,                 0,                 0,                 0,    0.005436579524,  -0.0001635115739,      0.1277164342,                 0,      -781.0849786,    0.007072267429
          0,           0,         404,      -6.544813947,      -5.435059281,      -5.997651713,      -5.058762405,      -9.875790453,               0.5,  -0.0002223908342,      0.1259285778,                 0,                 0,                 0,    0.005045836082,  -0.0002223908342,      0.1259285778,                 0,      -566.2489563,    0.007878757782
          0,           0,         405,      -6.556996149,      -5.437297919,      -6.012111209,      -5.068944952,      -9.874281094,               0.5,  -0.0001822738067,      0.1240749008,                 0,                 0,                 0,    0.004639137033,  -0.0001822738067,      0.1240749008,                 0,      -680.7061478,    0.007878757782
          0,           0,         406,      -6.558004241,      -5.438062328,      -6.024036898,      -5.070020133,      -9.872790916,               0.5,  -0.0002025511427,      0.1222131769,                 0,                 0,                 0,    0.004252624688,  -0.0002025511427,      0.1222131769,                 0,      -603.3694763,    0.007878757782
          0,           0,         407,      -6.549100995,      -5.441210934,      -6.034075733,      -5.062303289,      -9.871234695,               0.5,  -0.0001566552001,      0.1203872998,                 0,                 0,                 0,    0.003911942965,  -0.0001566552001,      0.1203872998,                 0,      -768.4858191,    0.007878757782
          0,           0,         408,       -6.56492573,      -5.442893197,      -6.043794584,       -5.07580076,      -9.869712134,               0.5,  -6.904620897e-05,      0.1185218259,                 0,                 0,                 0,    0.003553425096,  -6.904620897e-05,      0.1185218259,                 0,      -1716.558051,    0.007317481498
          0,           0,         409,      -6.554165346,       -5.44378773,      -6.050539818,      -5.066533783,      -9.868156793,               0.5,   5.617695959e-05,      0.1166674289,                 0,                 0,                 0,    0.003207482589,   5.617695959e-05,      0.1166674289,                 0,        2076.78432,    0.007072267429
          0,           0,         410,      -6.542446835,      -5.446340921,      -6.054277725,      -5.056708256,      -9.866639113,               0.5,   0.0001093494909,       0.114872479,                 0,                 0,                 0,    0.002902965413,   0.0001093494909,       0.114872479,                 0,       1050.507671,    0.007878757782
          0,           0,         411,      -6.571998901,      -5.448008073,       -6.06028488,      -5.081281636,      -9.865089821,               0.5,   0.0002668444968,      0.1130388215,                 0,                 0,                 0,    0.002559233725,   0.0002668444968,      0.1130388215,                 0,       423.6130886,    0.007878757782
          0,           0,         412,      -6.581978865,      -5.450875368,      -6.060261056,      -5.089529254,      -9.863532012,               0.5,   0.0003673719152,      0.1113068488,                 0,                 0,                 0,    0.002274170147,   0.0003673719152,      0.1113068488,                 0,        302.981377,    0.007878757782
          0,           0,         413,      -6.589945864,      -5.453152646,      -6.063702729,      -5.096229442,      -9.861986187,               0.5,   0.0005439145368,        0.10966468,                 0,                 0,                 0,    0.002031967139,   0.0005439145368,        0.10966468,                 0,       201.6211602,    0.007878757782
          0,           0,         414,      -6.589612091,      -5.452888959,      -6.062799101,        -5.0960113,      -9.860414424,               0.5,   0.0007430204625,      0.1079782695,                 0,                 0,                 0,    0.001725743639,   0.0007430204625,      0.1079782695,                 0,        145.323413,    0.007072267429
          0,           0,         415,      -6.574094566,       -5.45418078,      -6.057883928,      -5.083147169,      -9.858818084,               0.5,   0.0009203483437,      0.1064763167,                 0,                 0,                 0,    0.001519940758,   0.0009203483437,      0.1064763167,                 0,       115.6913221,    0.007878757782
          0,           0,         416,       -6.60095971,      -5.455293826,      -6.057773637,       -5.10526973,      -9.857262404,               0.5,    0.001158744546,      0.1049868139,                 0,                 0,                 0,    0.001280215621,    0.001158744546,      0.1049868139,                 0,       90.60393359,    0.007878757782
          0,           0,         417,      -6.616856797,        -5.4572725,       -6.05374242,      -5.118273952,      -9.855705443,               0.5,     0.00136757013,      0.1036324723,                 0,                 0,                 0,    0.001092330536,     0.00136757013,      0.1036324723,                 0,       75.77854326,    0.007878757782
          0,           0,         418,      -6.610954472,      -5.458348883,      -6.048926852,      -5.113323983,      -9.854076263,               0.5,     0.00156131264,      0.1023976859,                 0,                 0,                 0,   0.0009396143869,     0.00156131264,      0.1023976859,                 0,       65.58435723,    0.007878757782
          0,           0,         419,      -6.621003651,      -5.458033128,      -6.046463317,       -5.12177932,      -9.852506437,               0.5,    0.001821314132,      0.1012275718,                 0,                 0,                 0,   0.0007763569114,    0.001821314132,      0.1012275718,                 0,        55.5794138,    0.007072267429
          0,           0,         420,      -6.606927267,      -5.457609207,      -6.039485882,      -5.110935601,       -9.85087911,               0.5,    0.002052017119,      0.1002402877,                 0,                 0,                 0,   0.0006864010567,    0.002052017119,      0.1002402877,                 0,       48.84963519,    0.007878757782
          0,           0,         421,      -6.615183693,      -5.459848239,       -6.03514931,      -5.117557604,      -9.849278747,               0.5,    0.002334659883,     0.09927496147,                 0,                 0,                 0,   0.0005461578893,    0.002334659883,     0.09927496147,                 0,       42.52223727,    0.007878757782
          0,           0,         422,      -6.657794246,      -5.461464227,      -6.033935267,      -5.151737302,      -9.847695482,               0.5,    0.002575325989,     0.09853298766,                 0,                 0,                 0,   0.0005027476438,    0.002575325989,     0.09853298766,                 0,       38.26039425,    0.007878757782
          0,           0,         423,      -6.646920138,      -5.461542089,      -6.029502684,      -5.143474517,      -9.846144519,               0.5,     0.00279529404,      0.0979455843,                 0,                 0,                 0,   0.0005022958889,     0.00279529404,      0.0979455843,                 0,       35.03945663,    0.007878757782
          0,           0,         424,      -6.659111869,      -5.462035505,       -6.02779613,      -5.153825156,      -9.844525694,               0.5,    0.003093853741,     0.09741774657,                 0,                 0,                 0,   0.0004717359184,    0.003093853741,     0.09741774657,                 0,        31.4875087,    0.007878757782
          0,           0,         425,      -6.668686615,       -5.46276355,      -6.024630836,       -5.16191205,      -9.842966426,               0.5,    0.003317065002,     0.09708616431,                 0,                 0,                 0,   0.0005118577393,    0.003317065002,     0.09708616431,                 0,       29.26869514,    0.007878757782
          0,           0,         426,      -6.659383211,      -5.463607116,      -6.023596662,      -5.155203859,      -9.841353386,               0.5,    0.003572522404,     0.09685507079,                 0,                 0,                 0,    0.000550259833,    0.003572522404,     0.09685507079,                 0,       27.11111641,    0.007072267429
          0,           0,         427,      -6.677630292,      -5.463802019,      -6.025459351,      -5.170407372,      -9.839788813,               0.5,    0.003835634938,     0.09682446824,                 0,                 0,                 0,   0.0006612868541,    0.003835634938,     0.09682446824,                 0,       25.24340032,    0.007878757782
          0,           0,         428,      -6.674005511,      -5.464530033,      -6.025654945,      -5.167896823,      -9.838235514,               0.5,    0.004037361765,      0.0969086774,                 0,                 0,                 0,   0.0007813935124,    0.004037361765,      0.0969086774,                 0,       24.00297101,    0.007878757782
          0,           0,         429,      -6.682546186,      -5.466029779,      -6.030181282,      -5.175625412,      -9.836688017,               0.5,    0.004282378746,     0.09716049838,                 0,                 0,                 0,   0.0009507568022,    0.004282378746,     0.09716049838,                 0,        22.6884412,    0.007878757782
          0,           0,         430,      -6.695122885,      -5.465797823,      -6.033780362,      -5.185916044,      -9.835101514,               0.5,    0.004500871404,     0.09753491586,                 0,                 0,                 0,    0.001137251167,    0.004500871404,     0.09753491586,                 0,        21.6702294,    0.007072267429
          0,           0,         431,      -6.677202047,      -5.467239916,      -6.036922292,      -5.173122645,      -9.833584452,               0.5,    0.004657280199,     0.09811915892,                 0,                 0,                 0,    0.001407641802,    0.004657280199,     0.09811915892,                 0,       21.06790975,    0.007878757782
          0,           0,         432,      -6.690702965,      -5.469058913,      -6.044441881,       -5.18399757,      -9.832010873,               0.5,    0.004854576173,     0.09874404797,                 0,                 0,                 0,    0.001638142658,    0.004854576173,     0.09874404797,                 0,       20.34040552,    0.007317481498
          0,           0,         433,      -6.700999857,      -5.469689684,      -6.049818798,      -5.193178436,      -9.830484892,               0.5,    0.005025100428,     0.09951294165,                 0,                 0,                 0,    0.001908590875,    0.005025100428,     0.09951294165,                 0,        19.8031747,    0.007878757782
          0,           0,         434,      -6.671901419,      -5.470585359,      -6.054820006,      -5.170808451,      -9.828980115,               0.5,    0.005164673683,      0.1004594602,                 0,                 0,                 0,    0.002247480531,    0.005164673683,      0.1004594602,                 0,       19.45126961,    0.007878757782
          0,           0,         435,      -6.702329939,      -5.472247636,      -6.063930967,      -5.196114071,      -9.827448969,               0.5,    0.005353002547,        0.10147253,                 0,                 0,                 0,    0.002575257039,    0.005353002547,        0.10147253,                 0,       18.95618938,    0.007878757782
          0,           0,         436,      -6.673247299,      -5.472375001,      -6.072336597,      -5.173140722,      -9.825956323,               0.5,    0.005491206899,      0.1025909973,                 0,                 0,                 0,    0.002924972165,    0.005491206899,      0.1025909973,                 0,        18.6827776,    0.007072267429
          0,           0,         437,      -6.676284441,      -5.475269182,      -6.078877529,      -5.176452274,      -9.824468963,               0.5,    0.005570500798,      0.1039061207,                 0,                 0,                 0,     0.00336876419,    0.005570500798,      0.1039061207,                 0,       18.65292269,    0.007878757782
          0,           0,         438,      -6.684368114,      -5.476938577,      -6.092124322,      -5.182852266,      -9.822983597,               0.5,    0.005666618997,      0.1052018564,                 0,                 0,                 0,    0.003749767685,    0.005666618997,      0.1052018564,                 0,       18.56518965,    0.007072267429
          0,           0,         439,      -6.668744177,      -5.478658131,      -6.100722652,      -5.171006761,      -9.821529325,               0.5,    0.005720312442,      0.1066761252,                 0,                 0,                 0,     0.00422031592,    0.005720312442,      0.1066761252,                 0,        18.6486536,    0.007878757782
          0,           0,         440,       -6.67312335,      -5.480751366,      -6.111119345,      -5.175021919,      -9.820089477,               0.5,    0.005795472525,      0.1081403642,                 0,                 0,                 0,    0.004644568194,    0.005795472525,      0.1081403642,                 0,       18.65945594,    0.007072267429
          0,           0,         441,       -6.67727055,       -5.48318221,      -6.119513967,      -5.178491249,      -9.818680649,               0.5,    0.005816069109,      0.1097497032,                 0,                 0,                 0,    0.005142979418,    0.005816069109,      0.1097497032,                 0,       18.87008238,    0.007878757782
          0,           0,         442,      -6.690742657,      -5.484721692,      -6.135761715,      -5.189038893,      -9.817294181,               0.5,    0.005858110986,      0.1113688754,                 0,                 0,                 0,    0.005619458683,    0.005858110986,      0.1113688754,                 0,        19.0110559,    0.007878757782
          0,           0,         443,      -6.699910331,      -5.486903021,      -6.148925517,      -5.196456274,      -9.815884818,               0.5,    0.005823914656,      0.1130717696,                 0,                 0,                 0,    0.006134044546,    0.005823914656,      0.1130717696,                 0,       19.41508011,    0.007878757782
          0,           0,         444,      -6.669719542,      -5.487426499,      -6.160248694,      -5.172607031,      -9.814520077,               0.5,    0.005820063826,       0.114736684,                 0,                 0,                 0,    0.006600864724,    0.005820063826,       0.114736684,                 0,       19.71399068,    0.007317481498
          0,           0,         445,      -6.655859077,      -5.488424167,      -6.167352241,      -5.161292114,      -9.813125869,               0.5,    0.005798725189,      0.1165320524,                 0,                 0,                 0,    0.007150526105,    0.005798725189,      0.1165320524,                 0,       20.09615021,    0.007878757782
          0,           0,         446,      -6.661062301,      -5.489851504,      -6.174910832,      -5.165363951,      -9.811773588,               0.5,    0.005776652324,      0.1182125562,                 0,                 0,                 0,     0.00760470938,    0.005776652324,      0.1182125562,                 0,       20.46385166,    0.007072267429
          0,           0,         447,      -6.641167456,      -5.490883106,      -6.181213185,      -5.149289034,       -9.81045093,               0.5,    0.005688355613,      0.1199798114,                 0,                 0,                 0,     0.00811848307,    0.005688355613,      0.1199798114,                 0,        21.0921784,    0.007878757782
          0,           0,         448,      -6.656839236,      -5.492533236,      -6.189301467,      -5.162110694,      -9.809118022,               0.5,    0.005647750581,      0.1217133026,                 0,                 0,                 0,    0.008606485803,    0.005647750581,      0.1217133026,                 0,        21.5507574,    0.007878757782
          0,           0,         449,      -6.672751809,      -5.495027074,       -6.19779311,      -5.174708495,      -9.807778241,               0.5,    0.005545617727,      0.1235037138,                 0,                 0,                 0,    0.009140441985,    0.005545617727,      0.1235037138,                 0,       22.27050617,    0.007878757782
          0,           0,         450,      -6.665470655,       -5.49593546,      -6.207793488,      -5.168665342,      -9.806497788,               0.5,    0.005440431944,      0.1252284167,                 0,                 0,                 0,    0.009632851308,    0.005440431944,      0.1252284167,                 0,       23.01810187,    0.007878757782
          0,           0,         451,       -6.65637994,      -5.496416252,      -6.212569414,      -5.161483617,      -9.805173635,               0.5,    0.005323845938,      0.1269328616,                 0,                 0,                 0,     0.01012147647,    0.005323845938,      0.1269328616,                 0,       23.84232435,    0.007878757782
          0,           0,         452,      -6.650128829,      -5.495819517,      -6.218718626,      -5.156242873,      -9.803899053,               0.5,    0.005238389755,      0.1285600696,                 0,                 0,                 0,     0.01056731628,    0.005238389755,      0.1285600696,                 0,       24.54190613,    0.007072267429
          0,           0,         453,      -6.634524108,      -5.497151805,      -6.216591491,      -5.143504264,      -9.802638131,               0.5,      0.0050666127,      0.1301862774,                 0,                 0,                 0,     0.01103051077,      0.0050666127,      0.1301862774,                 0,       25.69493369,    0.007317481498
          0,           0,         454,      -6.649139085,       -5.49846702,      -6.217940302,      -5.155468047,       -9.80138451,               0.5,    0.004992178655,      0.1316961243,                 0,                 0,                 0,      0.0114278845,    0.004992178655,      0.1316961243,                 0,       26.38049105,    0.007878757782
          0,           0,         455,      -6.665731171,      -5.499709202,        -6.2189227,      -5.169235775,      -9.800138672,               0.5,    0.004786956356,      0.1331885682,                 0,                 0,                 0,     0.01183613946,    0.004786956356,      0.1331885682,                 0,       27.82322592,    0.007878757782
          0,           0,         456,      -6.679601181,      -5.502240109,      -6.218217131,      -5.180484771,      -9.798915537,               0.5,    0.004654685948,      0.1346513505,                 0,                 0,                 0,      0.0122484896,    0.004654685948,      0.1346513505,                 0,       28.92812791,    0.007878757782
          0,           0,         457,      -6.692838606,       -5.50219856,      -6.218514937,      -5.192019865,      -9.797676795,               0.5,    0.004522957022,       0.136003181,                 0,                 0,                 0,     0.01260639079,    0.004522957022,       0.136003181,                 0,       30.06952759,    0.007878757782
          0,           0,         458,      -6.679467067,      -5.503170008,      -6.216287747,      -5.181196683,      -9.796467678,               0.5,    0.004359570541,      0.1373084137,                 0,                 0,                 0,     0.01295968714,    0.004359570541,      0.1373084137,                 0,       31.49585777,    0.007072267429
          0,           0,         459,      -6.686980375,      -5.504392993,      -6.214757379,      -5.187769601,      -9.795253299,               0.5,    0.004189837238,      0.1385230086,                 0,                 0,                 0,      0.0132769883,    0.004189837238,      0.1385230086,                 0,       33.06166822,    0.007072267429
          0,           0,         460,      -6.710073121,       -5.50502041,      -6.214897178,      -5.206139133,      -9.794066681,               0.5,    0.004044179346,      0.1395825623,                 0,                 0,                 0,     0.01351160406,    0.004044179346,      0.1395825623,                 0,       34.51443429,    0.007072267429
          0,           0,         461,      -6.697835711,      -5.504433801,      -6.207237161,       -5.19723523,       -9.79288978,               0.5,      0.0038708168,      0.1406363072,                 0,                 0,                 0,     0.01377603438,      0.0038708168,      0.1406363072,                 0,       36.33246276,    0.007878757782
          0,           0,         462,      -6.684756744,      -5.505551328,      -6.203633145,      -5.187755862,      -9.791670007,               0.5,    0.003751527959,      0.1415189406,                 0,                 0,                 0,     0.01394778514,    0.003751527959,      0.1415189406,                 0,        37.7230137,    0.007878757782
          0,           0,         463,      -6.695573133,       -5.50733147,      -6.200002325,      -5.197091093,      -9.790505593,               0.5,    0.003568798797,      0.1424003157,                 0,                 0,                 0,      0.0141541069,    0.003568798797,      0.1424003157,                 0,       39.90146932,    0.007878757782
          0,           0,         464,      -6.698431271,      -5.507227791,      -6.201707026,      -5.199734365,      -9.789290113,               0.5,    0.003425348928,      0.1431145548,                 0,                 0,                 0,     0.01427169125,    0.003425348928,      0.1431145548,                 0,       41.78101497,    0.007072267429
          0,           0,         465,      -6.716269611,      -5.508525002,      -6.204969483,      -5.214599127,      -9.788098651,               0.5,    0.003280854173,      0.1438033102,                 0,                 0,                 0,     0.01440635352,    0.003280854173,      0.1438033102,                 0,       43.83105819,    0.007072267429
          0,           0,         466,      -6.703890883,      -5.509433623,      -6.201418865,      -5.205341014,      -9.786910028,               0.5,    0.003156971302,      0.1442758262,                 0,                 0,                 0,     0.01441575594,    0.003156971302,      0.1442758262,                 0,        45.7007088,    0.007072267429
          0,           0,         467,      -6.701230852,      -5.509508487,      -6.195884635,      -5.203899331,      -9.785739761,               0.5,    0.003002670882,      0.1447503087,                 0,                 0,                 0,     0.01446281936,    0.003002670882,      0.1447503087,                 0,       48.20718434,    0.007878757782
          0,           0,         468,      -6.712067694,      -5.511715951,      -6.196029984,       -5.21307821,      -9.784529689,               0.5,    0.002913880327,      0.1450573592,                 0,                 0,                 0,     0.01442083782,    0.002913880327,      0.1450573592,                 0,       49.78150883,    0.007317481498
          0,           0,         469,      -6.712617756,      -5.512905654,      -6.194668435,      -5.214319475,      -9.783349923,               0.5,    0.002788595831,      0.1453442121,                 0,                 0,                 0,     0.01439928095,    0.002788595831,      0.1453442121,                 0,       52.12093144,    0.007878757782
          0,           0,         470,      -6.727894597,      -5.513535076,      -6.197582501,      -5.227174264,      -9.782147916,               0.5,    0.002704924401,      0.1455002104,                 0,                 0,                 0,     0.01431519466,    0.002704924401,      0.1455002104,                 0,       53.79086024,    0.007878757782
          0,           0,         471,      -6.747469994,       -5.51573531,      -6.198956419,      -5.242896415,      -9.780962242,               0.5,     0.00256889444,      0.1455927921,                 0,                 0,                 0,     0.01421829333,     0.00256889444,      0.1455927921,                 0,       56.67527236,    0.007878757782
          0,           0,         472,      -6.731230858,      -5.516673161,      -6.203284256,      -5.230611165,      -9.779800459,               0.5,    0.002485241226,      0.1455623735,                 0,                 0,                 0,     0.01406346608,    0.002485241226,      0.1455623735,                 0,       58.57072221,    0.007072267429
          0,           0,         473,      -6.707523981,      -5.516798314,      -6.203383535,      -5.212018932,      -9.778599489,               0.5,    0.002378244211,      0.1454734679,                 0,                 0,                 0,     0.01389832711,    0.002378244211,      0.1454734679,                 0,       61.16843142,    0.007317481498
          0,           0,         474,       -6.72458738,      -5.517989759,      -6.207193818,      -5.225810904,      -9.777423485,               0.5,    0.002358134552,       0.145253944,                 0,                 0,                 0,     0.01366820963,    0.002358134552,       0.145253944,                 0,       61.59697033,    0.007878757782
          0,           0,         475,      -6.728243123,      -5.520853935,      -6.207915835,      -5.228672853,      -9.776227533,               0.5,    0.002275341084,      0.1449858062,                 0,                 0,                 0,     0.01343377651,    0.002275341084,      0.1449858062,                 0,       63.72047127,    0.007072267429
          0,           0,         476,      -6.743106735,      -5.523691523,      -6.215099552,      -5.240790369,      -9.775051328,               0.5,    0.002217451782,      0.1446767947,                 0,                 0,                 0,     0.01319983301,    0.002217451782,      0.1446767947,                 0,       65.24461812,    0.007878757782
          0,           0,         477,       -6.75419253,      -5.524467188,      -6.218248593,      -5.249003812,      -9.773876715,               0.5,    0.002174552631,      0.1442050128,                 0,                 0,                 0,     0.01287462005,    0.002174552631,      0.1442050128,                 0,       66.31479539,    0.007878757782
          0,           0,         478,      -6.725912337,      -5.524777977,      -6.216361986,      -5.226680505,      -9.772693245,               0.5,    0.002106217397,      0.1437649276,                 0,                 0,                 0,     0.01260264582,    0.002106217397,      0.1437649276,                 0,       68.25740199,    0.007878757782
          0,           0,         479,      -6.742585833,      -5.527393701,      -6.220137267,      -5.239712067,      -9.771521313,               0.5,    0.002119299287,      0.1431890714,                 0,                 0,                 0,     0.01225798184,    0.002119299287,      0.1431890714,                 0,       67.56434652,    0.007072267429
          0,           0,         480,      -6.731471523,      -5.528565206,      -6.226727017,      -5.230725226,      -9.770309361,               0.5,    0.002085246237,      0.1425893794,                 0,                 0,                 0,     0.01192334268,    0.002085246237,      0.1425893794,                 0,       68.38011591,    0.007072267429
          0,           0,         481,      -6.736304336,       -5.52970664,      -6.232931499,      -5.233727334,      -9.769116856,               0.5,    0.002111594355,      0.1419330569,                 0,                 0,                 0,     0.01157344707,    0.002111594355,      0.1419330569,                 0,        67.2160619,    0.007072267429
          0,           0,         482,      -6.741605079,      -5.532414782,      -6.235058669,      -5.238021787,      -9.767918038,               0.5,     0.00210401895,      0.1412183903,                 0,                 0,                 0,     0.01120602822,     0.00210401895,      0.1412183903,                 0,       67.11840225,    0.007878757782
          0,           0,         483,      -6.720908333,      -5.531229625,      -6.231675804,      -5.220778517,      -9.766739337,               0.5,    0.002096711316,      0.1404704578,                 0,                 0,                 0,     0.01083888866,    0.002096711316,      0.1404704578,                 0,         66.995612,    0.007878757782
          0,           0,         484,      -6.685052401,      -5.533717753,      -6.236216133,      -5.191190863,        -9.7655147,               0.5,    0.002148241017,       0.139588638,                 0,                 0,                 0,     0.01039618839,    0.002148241017,       0.139588638,                 0,       64.97810854,    0.007072267429
          0,           0,         485,      -6.713678496,      -5.536415408,      -6.231454359,      -5.214463975,      -9.764307082,               0.5,    0.002140679874,      0.1388152324,                 0,                 0,                 0,     0.01005775338,    0.002140679874,      0.1388152324,                 0,       64.84632949,    0.007317481498
          0,           0,         486,      -6.720762319,      -5.537524984,      -6.242414389,      -5.219073152,      -9.763070613,               0.5,    0.002186268863,      0.1379408143,                 0,                 0,                 0,    0.009666295505,    0.002186268863,      0.1379408143,                 0,       63.09416774,    0.007072267429
          0,           0,         487,      -6.748409399,      -5.540776776,       -6.24364874,      -5.240297068,      -9.761835741,               0.5,    0.002219247569,      0.1370751199,                 0,                 0,                 0,    0.009302555826,    0.002219247569,      0.1370751199,                 0,        61.7664842,    0.007878757782
          0,           0,         488,      -6.750568344,      -5.541722956,      -6.255253825,      -5.241289648,      -9.760593882,               0.5,    0.002261471755,      0.1360980692,                 0,                 0,                 0,    0.008875842757,    0.002261471755,      0.1360980692,                 0,       60.18119347,    0.007878757782
          0,           0,         489,      -6.721758708,      -5.542097156,      -6.254158203,      -5.218793624,       -9.75938124,               0.5,    0.002305849225,      0.1351897185,                 0,                 0,                 0,    0.008519547311,    0.002305849225,      0.1351897185,                 0,       58.62903656,    0.007878757782
          0,           0,         490,      -6.759878513,      -5.544349898,      -6.259142028,      -5.247981417,      -9.758117253,               0.5,    0.002389155416,      0.1342343331,                 0,                 0,                 0,     0.00814604432,    0.002389155416,      0.1342343331,                 0,       56.18484765,    0.007878757782
          0,           0,         491,      -6.728213716,      -5.542150714,       -6.26307786,      -5.223047277,      -9.756889463,               0.5,    0.002454482852,      0.1332296452,                 0,                 0,                 0,    0.007752332706,    0.002454482852,      0.1332296452,                 0,       54.28012873,    0.007072267429
          0,           0,         492,       -6.71606299,      -5.546676459,      -6.253224146,      -5.213493968,       -9.75564965,               0.5,    0.002510717564,      0.1323138774,                 0,                 0,                 0,    0.007440221594,    0.002510717564,      0.1323138774,                 0,       52.69962629,    0.007072267429
          0,           0,         493,      -6.760186903,      -5.547080509,       -6.26243116,      -5.247769198,      -9.754407056,               0.5,    0.002561361005,      0.1313244014,                 0,                 0,                 0,    0.007086819927,    0.002561361005,      0.1313244014,                 0,       51.27133626,    0.007072267429
          0,           0,         494,      -6.742939632,      -5.548935568,      -6.264719026,      -5.234290966,      -9.753172452,               0.5,    0.002648816065,      0.1303840612,                 0,                 0,                 0,    0.006782388313,    0.002648816065,      0.1303840612,                 0,         49.223524,    0.007878757782
          0,           0,         495,      -6.728767276,      -5.548586104,      -6.268472854,      -5.223849423,      -9.751945874,               0.5,    0.002728215076,      0.1293959198,                 0,                 0,                 0,    0.006453004295,    0.002728215076,      0.1293959198,                 0,       47.42878262,    0.007072267429
          0,           0,         496,      -6.708208921,      -5.549153337,      -6.260507664,       -5.20811116,      -9.750688031,               0.5,      0.0027648407,      0.1284946203,                 0,                 0,                 0,    0.006197332822,      0.0027648407,      0.1284946203,                 0,       46.47451128,    0.007878757782
          0,           0,         497,       -6.74591244,      -5.552427643,      -6.268499341,      -5.237410327,       -9.74946332,               0.5,    0.002858401973,      0.1275475584,                 0,                 0,                 0,    0.005914804463,    0.002858401973,      0.1275475584,                 0,       44.62198095,    0.007317481498
          0,           0,         498,      -6.771388947,      -5.554494223,      -6.272521632,      -5.257071887,      -9.748200033,               0.5,    0.002929137324,      0.1267252818,                 0,                 0,                 0,    0.005730774489,    0.002929137324,      0.1267252818,                 0,        43.2636875,    0.007878757782
          0,           0,         499,      -6.748578015,      -5.553771599,      -6.278296686,      -5.240525986,      -9.746957196,               0.5,    0.002978641871,      0.1258219253,                 0,                 0,                 0,    0.005489541692,    0.002978641871,      0.1258219253,                 0,       42.24137401,    0.007072267429
          0,           0,         500,      -6.739527261,      -5.555496188,      -6.274384202,      -5.234341988,      -9.745707898,               0.5,     0.00305296657,      0.1250000611,                 0,                 0,                 0,    0.005310507174,     0.00305296657,      0.1250000611,                 0,       40.94380276,    0.007878757782
          0,           0,         501,      -6.756206092,      -5.555858994,      -6.274846685,      -5.247485018,      -9.744462917,               0.5,    0.003159885689,      0.1241635416,                 0,                 0,                 0,    0.005119897133,    0.003159885689,      0.1241635416,                 0,       39.29368141,    0.007072267429
          0,           0,         502,      -6.739143755,      -5.555835118,      -6.266992163,      -5.234874693,      -9.743208513,               0.5,    0.003211023863,      0.1234525709,                 0,                 0,                 0,    0.005020148955,    0.003211023863,      0.1234525709,                 0,       38.44648194,    0.007878757782
          0,           0,         503,      -6.739402396,       -5.55822832,      -6.271202505,      -5.235729543,      -9.741958392,               0.5,     0.00329373003,      0.1226641332,                 0,                 0,                 0,    0.004857510015,     0.00329373003,      0.1226641332,                 0,       37.24170837,    0.007878757782
          0,           0,         504,      -6.757957132,       -5.55973928,      -6.274801016,      -5.251395104,      -9.740676343,               0.5,    0.003329904083,      0.1219867382,                 0,                 0,                 0,    0.004770529488,    0.003329904083,      0.1219867382,                 0,       36.63370931,    0.007878757782
          0,           0,         505,      -6.775244596,      -5.562253395,      -6.273994555,      -5.264908347,      -9.739420822,               0.5,    0.003399103592,      0.1213678953,                 0,                 0,                 0,    0.004717767668,    0.003399103592,      0.1213678953,                 0,       35.70585362,    0.007317481498
          0,           0,         506,      -6.795589329,      -5.563526602,      -6.275459445,       -5.28134538,      -9.738145796,               0.5,    0.003488173748,        0.12079407,                 0,                 0,                 0,    0.004686883824,    0.003488173748,        0.12079407,                 0,       34.62960239,    0.007072267429
          0,           0,         507,      -6.781229524,      -5.561051416,      -6.276976974,      -5.271600917,      -9.736878867,               0.5,    0.003549702486,      0.1202264693,                 0,                 0,                 0,    0.004646591045,    0.003549702486,      0.1202264693,                 0,       33.86944957,    0.007072267429
          0,           0,         508,       -6.74760818,      -5.562494371,      -6.271966013,      -5.246111907,      -9.735630306,               0.5,    0.003574472861,      0.1197537323,                 0,                 0,                 0,    0.004660848977,    0.003574472861,      0.1197537323,                 0,       33.50248748,    0.007878757782
          0,           0,         509,      -6.758088674,      -5.563628801,      -6.274567051,      -5.255276707,      -9.734344643,               0.5,    0.003642342363,      0.1192663019,                 0,                 0,                 0,    0.004645621698,    0.003642342363,      0.1192663019,                 0,       32.74439633,    0.007878757782
          0,           0,         510,      -6.763644978,      -5.564499537,      -6.269354567,      -5.260268331,       -9.73308267,               0.5,    0.003648348743,      0.1189224009,                 0,                 0,                 0,    0.004717101666,    0.003648348743,      0.1189224009,                 0,        32.5962262,    0.007878757782
          0,           0,         511,      -6.734759882,      -5.565670463,      -6.264758358,      -5.238204354,      -9.731807912,               0.5,    0.003726555665,      0.1186003139,                 0,                 0,                 0,    0.004782248723,    0.003726555665,      0.1186003139,                 0,       31.82571912,    0.007072267429
          0,           0,         512,      -6.748999792,      -5.567174439,      -6.263459502,      -5.250618775,      -9.730548227,               0.5,    0.003725446953,      0.1183670834,                 0,                 0,                 0,    0.004889083557,    0.003725446953,      0.1183670834,                 0,       31.77258592,    0.007317481498
          0,           0,         513,      -6.779925996,      -5.568192715,      -6.265048247,       -5.27527423,       -9.72928999,               0.5,    0.003817224159,      0.1181747212,                 0,                 0,                 0,     0.00499996862,    0.003817224159,      0.1181747212,                 0,       30.95828705,    0.007072267429
          0,           0,         514,      -6.774614173,      -5.568337034,      -6.268004666,      -5.271956114,      -9.728039262,               0.5,    0.003818744064,      0.1180796584,                 0,                 0,                 0,    0.005155167074,    0.003818744064,      0.1180796584,                 0,       30.92107154,    0.007878757782
          0,           0,         515,      -6.776692994,      -5.569745415,      -6.269530242,      -5.273655349,      -9.726774305,               0.5,    0.003862670892,      0.1179723146,                 0,                 0,                 0,    0.005271392801,    0.003862670892,      0.1179723146,                 0,       30.54164281,    0.007878757782
          0,           0,         516,      -6.776538284,      -5.571144151,      -6.268808017,      -5.274472349,      -9.725522347,               0.5,    0.003867649887,      0.1179908753,                 0,                 0,                 0,     0.00545029469,    0.003867649887,      0.1179908753,                 0,       30.50712414,    0.007878757782
          0,           0,         517,      -6.767708637,      -5.571123406,      -6.269688694,      -5.267349976,      -9.724246438,               0.5,    0.003869664842,      0.1180747391,                 0,                 0,                 0,    0.005645399689,    0.003869664842,      0.1180747391,                 0,       30.51291105,    0.007317481498
          0,           0,         518,      -6.776656319,      -5.572526472,       -6.26796081,       -5.27543852,      -9.722995415,               0.5,    0.003934229077,      0.1181897516,                 0,                 0,                 0,    0.005829932674,    0.003934229077,      0.1181897516,                 0,       30.04140055,    0.007317481498
          0,           0,         519,       -6.76719373,      -5.572593108,      -6.267884838,      -5.267847415,      -9.721727755,               0.5,    0.003952881412,       0.118342665,                 0,                 0,                 0,    0.006008219695,    0.003952881412,       0.118342665,                 0,        29.9383292,    0.007072267429
          0,           0,         520,       -6.76162693,      -5.574480865,      -6.266340057,      -5.263766958,      -9.720471747,               0.5,    0.003942077915,      0.1186572486,                 0,                 0,                 0,    0.006271830776,    0.003942077915,      0.1186572486,                 0,       30.10017842,    0.007878757782
          0,           0,         521,      -6.787710582,      -5.576295489,      -6.270275131,      -5.284674774,      -9.719220254,               0.5,    0.003929399263,      0.1189408064,                 0,                 0,                 0,     0.00647632486,    0.003929399263,      0.1189408064,                 0,        30.2694632,    0.007878757782
          0,           0,         522,      -6.778758233,      -5.575982875,      -6.267892649,      -5.277424675,      -9.717956319,               0.5,    0.003912559558,      0.1193667771,                 0,                 0,                 0,    0.006750892894,    0.003912559558,      0.1193667771,                 0,       30.50861598,    0.007878757782
          0,           0,         523,      -6.796142842,      -5.579301642,       -6.27446399,      -5.291901854,      -9.716680507,               0.5,    0.003942837665,      0.1197839063,                 0,                 0,                 0,    0.006982661828,    0.003942837665,      0.1197839063,                 0,        30.3801263,    0.007878757782
          0,           0,         524,      -6.817182128,       -5.58116527,      -6.277450862,      -5.308151225,      -9.715417142,               0.5,    0.003917922467,      0.1203254385,                 0,                 0,                 0,    0.007271130983,    0.003917922467,      0.1203254385,                 0,       30.71154152,    0.007072267429
          0,           0,         525,      -6.787886244,      -5.581836144,      -6.282976137,      -5.284985699,      -9.714136858,               0.5,    0.003922511356,       0.120869342,                 0,                 0,                 0,    0.007525480766,    0.003922511356,       0.120869342,                 0,       30.81427458,    0.007072267429
          0,           0,         526,      -6.802396048,      -5.582455882,      -6.290920912,       -5.29664992,      -9.712860173,               0.5,    0.003924670349,      0.1215180086,                 0,                 0,                 0,    0.007822769514,    0.003924670349,      0.1215180086,                 0,       30.96260266,    0.007878757782
          0,           0,         527,      -6.798011611,      -5.582909375,      -6.287687057,      -5.293411264,      -9.711589403,               0.5,    0.003887350113,      0.1221613782,                 0,                 0,                 0,    0.008081572209,    0.003887350113,      0.1221613782,                 0,       31.42536039,    0.007878757782
          0,           0,         528,      -6.792045403,      -5.585786341,      -6.296665612,      -5.288698394,      -9.710297027,               0.5,    0.003895519862,      0.1228795529,                 0,                 0,                 0,    0.008362723995,    0.003895519862,      0.1228795529,                 0,       31.54381372,    0.007878757782
          0,           0,         529,      -6.783324711,      -5.583660926,      -6.302037184,       -5.28217788,      -9.709011201,               0.5,    0.003898918695,      0.1236000725,                 0,                 0,                 0,    0.008613457872,    0.003898918695,      0.1236000725,                 0,       31.70111565,    0.007072267429
          0,           0,         530,      -6.733598297,       -5.58416291,       -6.29861214,      -5.242437442,      -9.707708239,               0.5,    0.003843330494,      0.1244189278,                 0,                 0,                 0,    0.008906596042,    0.003843330494,      0.1244189278,                 0,        32.3726851,    0.007317481498
          0,           0,         531,      -6.777897509,      -5.588915679,      -6.309653818,      -5.277944666,      -9.706414645,               0.5,    0.003875345958,      0.1252470477,                 0,                 0,                 0,     0.00917746614,    0.003875345958,      0.1252470477,                 0,       32.31893335,    0.007072267429
          0,           0,         532,      -6.820007746,      -5.590953007,       -6.31699854,      -5.311322933,       -9.70509596,               0.5,    0.003860923817,      0.1261793245,                 0,                 0,                 0,    0.009498544717,    0.003860923817,      0.1261793245,                 0,       32.68112257,    0.007878757782
          0,           0,         533,      -6.795186093,      -5.591331038,       -6.32536367,      -5.292084607,      -9.703800324,               0.5,    0.003822860089,      0.1270781502,                 0,                 0,                 0,    0.009768898219,    0.003822860089,      0.1270781502,                 0,       33.24164296,    0.007878757782
          0,           0,         534,      -6.790319441,      -5.593246838,      -6.330293955,      -5.288159243,      -9.702500492,               0.5,    0.003838833119,      0.1279750352,                 0,                 0,                 0,     0.01001432121,    0.003838833119,      0.1279750352,                 0,       33.33696238,    0.007878757782
          0,           0,         535,      -6.794473882,      -5.593934996,      -6.322280835,      -5.291430683,      -9.701178546,               0.5,    0.003797675546,      0.1289241964,                 0,                 0,                 0,     0.01027747239,    0.003797675546,      0.1289241964,                 0,       33.94818617,    0.007072267429
          0,           0,         536,      -6.767870542,      -5.595763357,      -6.332186743,      -5.270322734,      -9.699852551,               0.5,    0.003815742426,      0.1299429054,                 0,                 0,                 0,     0.01057357996,    0.003815742426,      0.1299429054,                 0,       34.05442267,    0.007072267429
          0,           0,         537,      -6.796765834,       -5.59676564,      -6.340779564,      -5.293819572,      -9.698527463,               0.5,    0.003781216608,      0.1309588836,                 0,                 0,                 0,     0.01085104936,    0.003781216608,      0.1309588836,                 0,       34.63406019,    0.007317481498
          0,           0,         538,      -6.788363476,      -5.597410603,      -6.350980575,      -5.287395533,      -9.697175182,               0.5,     0.00377518239,        0.13191747,                 0,                 0,                 0,     0.01107148296,     0.00377518239,        0.13191747,                 0,       34.94333687,    0.007878757782
          0,           0,         539,      -6.765922217,      -5.599601608,      -6.349177488,       -5.26988225,      -9.695834127,               0.5,     0.00378637174,      0.1329262844,                 0,                 0,                 0,     0.01131804943,     0.00378637174,      0.1329262844,                 0,       35.10650659,    0.007878757782
          0,           0,         540,      -6.788393277,      -5.599130151,      -6.348220218,      -5.288062222,      -9.694488685,               0.5,    0.003788980004,       0.133900313,                 0,                 0,                 0,     0.01152992972,    0.003788980004,       0.133900313,                 0,       35.33940871,    0.007072267429
          0,           0,         541,      -6.764122768,      -5.600105811,      -6.342196713,      -5.268629832,      -9.693116474,               0.5,    0.003754138527,      0.1349551642,                 0,                 0,                 0,     0.01179587432,    0.003754138527,      0.1349551642,                 0,       35.94837089,    0.007878757782
          0,           0,         542,      -6.767638244,      -5.603110315,      -6.347704141,       -5.27207184,      -9.691739606,               0.5,    0.003754324169,      0.1358861083,                 0,                 0,                 0,     0.01196583186,    0.003754324169,      0.1358861083,                 0,       36.19455918,    0.007072267429
          0,           0,         543,      -6.759649897,      -5.601620459,      -6.349403216,      -5.266130928,      -9.690361016,               0.5,    0.003750193181,      0.1368804497,                 0,                 0,                 0,     0.01218229228,    0.003750193181,      0.1368804497,                 0,       36.49957296,    0.007878757782
          0,           0,         544,      -6.758361319,      -5.604418009,        -6.3408968,      -5.264799843,      -9.688953178,               0.5,    0.003775321297,      0.1377999137,                 0,                 0,                 0,     0.01234489063,    0.003775321297,      0.1377999137,                 0,        36.5001818,    0.007072267429
          0,           0,         545,       -6.79027619,      -5.607938001,      -6.348280979,      -5.291128519,      -9.687543164,               0.5,    0.003768014108,      0.1387846817,                 0,                 0,                 0,       0.012560732,    0.003768014108,      0.1387846817,                 0,       36.83231479,    0.007878757782
          0,           0,         546,      -6.795626837,      -5.605341343,      -6.349609806,      -5.296105645,       -9.68612951,               0.5,    0.003791086388,      0.1396895526,                 0,                 0,                 0,     0.01272395358,    0.003791086388,      0.1396895526,                 0,       36.84683975,    0.007878757782
          0,           0,         547,       -6.76511596,       -5.60842918,      -6.341318173,      -5.270922551,      -9.684687714,               0.5,    0.003766191871,      0.1405541625,                 0,                 0,                 0,     0.01286671261,    0.003766191871,      0.1405541625,                 0,       37.31996864,    0.007878757782
          0,           0,         548,      -6.827495486,      -5.610644833,      -6.347166136,      -5.321267392,      -9.683240613,               0.5,     0.00379337005,      0.1413593643,                 0,                 0,                 0,     0.01297716271,     0.00379337005,      0.1413593643,                 0,       37.26484958,    0.007878757782
          0,           0,         549,      -6.793098154,      -5.607911007,      -6.336391228,      -5.294025573,      -9.681768837,               0.5,    0.003777808934,      0.1422091365,                 0,                 0,                 0,     0.01313531394,    0.003777808934,      0.1422091365,                 0,       37.64328449,    0.007878757782
          0,           0,         550,      -6.793028556,      -5.612256633,       -6.34072116,      -5.294997702,       -9.68028448,               0.5,    0.003826922108,      0.1429371477,                 0,                 0,                 0,     0.01321911619,    0.003826922108,      0.1429371477,                 0,        37.3504199,    0.007878757782
          0,           0,         551,      -6.832717041,      -5.611661399,      -6.339670245,      -5.327002146,       -9.67878476,               0.5,    0.003855231077,      0.1436254367,                 0,                 0,                 0,     0.01329206476,    0.003855231077,      0.1436254367,                 0,       37.25468949,    0.007072267429
          0,           0,         552,      -6.779050442,      -5.609866578,      -6.326981785,      -5.284714788,      -9.677285194,               0.5,    0.003849514277,      0.1442724609,                 0,                 0,                 0,     0.01335479535,    0.003849514277,      0.1442724609,                 0,       37.47809477,    0.007878757782
          0,           0,         553,      -6.781605101,      -5.613393964,      -6.321118599,      -5.286245755,      -9.675764679,               0.5,    0.003891336463,      0.1449077743,                 0,                 0,                 0,     0.01343152874,    0.003891336463,      0.1449077743,                 0,       37.23856204,    0.007878757782
          0,           0,         554,      -6.837574683,      -5.615611979,      -6.325849899,      -5.331803119,       -9.67423574,               0.5,    0.003902407269,      0.1454877041,                 0,                 0,                 0,     0.01349117788,    0.003902407269,      0.1454877041,                 0,       37.28152754,    0.007072267429
          0,           0,         555,      -6.797930205,      -5.613493893,      -6.322431149,      -5.300047296,      -9.672674128,               0.5,    0.003891741497,      0.1460423584,                 0,                 0,                 0,     0.01355765396,    0.003891741497,      0.1460423584,                 0,       37.52622277,    0.007317481498
          0,           0,         556,      -6.793465296,      -5.617852419,      -6.323618767,      -5.296773235,      -9.671129471,               0.5,     0.00392688214,      0.1463930557,                 0,                 0,                 0,     0.01349897283,     0.00392688214,      0.1463930557,                 0,       37.27971723,    0.007072267429
          0,           0,         557,      -6.854138609,      -5.617912248,      -6.321948608,       -5.34533451,      -9.669547207,               0.5,    0.003958142365,       0.146786743,                 0,                 0,                 0,     0.01350092668,    0.003958142365,       0.146786743,                 0,       37.08475579,    0.007878757782
          0,           0,         558,      -6.817278181,      -5.616313068,       -6.32678333,      -5.316098648,      -9.667970794,               0.5,    0.003979472292,      0.1470885058,                 0,                 0,                 0,     0.01346381131,    0.003979472292,      0.1470885058,                 0,       36.96181178,    0.007072267429
          0,           0,         559,      -6.835962774,      -5.617596282,      -6.330826597,      -5.331294501,      -9.666383323,               0.5,     0.00400705371,      0.1473810755,                 0,                 0,                 0,     0.01345016291,     0.00400705371,      0.1473810755,                 0,       36.78040928,    0.007878757782
          0,           0,         560,      -6.816699347,      -5.618133554,      -6.327564472,      -5.316759249,      -9.664765279,               0.5,    0.004001883438,      0.1475240276,                 0,                 0,                 0,     0.01335583146,    0.004001883438,      0.1475240276,                 0,        36.8636493,    0.007878757782
          0,           0,         561,      -6.818723573,      -5.621288587,      -6.328302632,      -5.318246497,      -9.663143073,               0.5,    0.004034043652,      0.1476705904,                 0,                 0,                 0,     0.01329593361,    0.004034043652,      0.1476705904,                 0,       36.60609629,    0.007878757782
          0,           0,         562,      -6.837792212,      -5.618342882,      -6.335038708,      -5.334117474,      -9.661504357,               0.5,    0.004071980753,      0.1477385709,                 0,                 0,                 0,     0.01320943847,    0.004071980753,      0.1477385709,                 0,       36.28174588,    0.007072267429
          0,           0,         563,      -6.809548909,      -5.618179299,      -6.324152275,      -5.312317092,      -9.659849503,               0.5,    0.004064220569,      0.1477407648,                 0,                 0,                 0,     0.01310578355,    0.004064220569,      0.1477407648,                 0,       36.35156172,    0.007317481498
          0,           0,         564,      -6.817559538,      -5.622766937,      -6.333904834,        -5.3177842,      -9.658185575,               0.5,      0.0041285945,      0.1476482112,                 0,                 0,                 0,     0.01296370582,      0.0041285945,      0.1476482112,                 0,       35.76234267,    0.007878757782
          0,           0,         565,      -6.874237116,      -5.625055067,      -6.337250409,      -5.362287395,      -9.656513302,               0.5,    0.004133766221,      0.1475936905,                 0,                 0,                 0,       0.012882101,    0.004133766221,      0.1475936905,                 0,       35.70441158,    0.007878757782
          0,           0,         566,      -6.851183632,      -5.624414144,      -6.352475015,      -5.344983983,      -9.654819261,               0.5,    0.004130155178,      0.1473912348,                 0,                 0,                 0,     0.01272157427,    0.004130155178,      0.1473912348,                 0,       35.68660946,    0.007878757782
          0,           0,         567,       -6.84140877,      -5.627190652,      -6.356417122,      -5.337394422,      -9.653127062,               0.5,    0.004158014157,      0.1471413595,                 0,                 0,                 0,     0.01255695974,    0.004158014157,      0.1471413595,                 0,       35.38741187,    0.007072267429
          0,           0,         568,      -6.913752041,      -5.627924425,      -6.366647889,      -5.391900851,      -9.651395878,               0.5,    0.004158792425,      0.1468589731,                 0,                 0,                 0,     0.01239860813,    0.004158792425,      0.1468589731,                 0,       35.31288847,    0.007072267429
          0,           0,         569,      -6.866665335,      -5.628116197,      -6.369442142,      -5.357260829,      -9.649673615,               0.5,       0.004159881,      0.1465191834,                 0,                 0,                 0,     0.01222701746,       0.004159881,      0.1465191834,                 0,        35.2219651,    0.007072267429
          0,           0,         570,       -6.83140096,      -5.626858331,      -6.378561013,      -5.329855003,      -9.647917945,               0.5,    0.004149157029,      0.1461394267,                 0,                 0,                 0,     0.01205438351,    0.004149157029,      0.1461394267,                 0,       35.22147406,    0.007878757782
          0,           0,         571,      -6.849228929,       -5.63022287,      -6.385742668,      -5.343876784,       -9.64616297,               0.5,    0.004173444692,      0.1456663279,                 0,                 0,                 0,      0.0118396631,    0.004173444692,      0.1456663279,                 0,       34.90314085,    0.007878757782
          0,           0,         572,      -6.866468612,      -5.632956536,      -6.392217498,      -5.356959793,      -9.644400309,               0.5,    0.004165480905,       0.145199289,                 0,                 0,                 0,     0.01165599982,    0.004165480905,       0.145199289,                 0,       34.85774928,    0.007878757782
          0,           0,         573,      -6.874007373,      -5.631259909,      -6.403030856,      -5.362742043,      -9.642611537,               0.5,    0.004192530205,      0.1446447527,                 0,                 0,                 0,     0.01143201077,    0.004192530205,      0.1446447527,                 0,       34.50058691,    0.007072267429
          0,           0,         574,      -6.822366954,      -5.631367351,      -6.403697763,      -5.323058334,       -9.64081683,               0.5,    0.004140884336,      0.1440834403,                 0,                 0,                 0,     0.01122653651,    0.004140884336,      0.1440834403,                 0,       34.79533081,    0.007317481498
          0,           0,         575,      -6.803714593,      -5.635774437,      -6.407688928,      -5.307373737,      -9.639013667,               0.5,     0.00415050778,      0.1434603867,                 0,                 0,                 0,     0.01099698646,     0.00415050778,      0.1434603867,                 0,       34.56453869,    0.007317481498
          0,           0,         576,      -6.870308813,       -5.63618948,      -6.426616259,      -5.360305104,      -9.637190742,               0.5,    0.004134378587,       0.142840551,                 0,                 0,                 0,     0.01079017641,    0.004134378587,       0.142840551,                 0,       34.54946083,    0.007878757782
          0,           0,         577,      -6.856260767,      -5.635304116,      -6.430558142,      -5.349110307,      -9.635359225,               0.5,    0.004136742868,      0.1421684142,                 0,                 0,                 0,     0.01056288203,    0.004136742868,      0.1421684142,                 0,       34.36723499,    0.007317481498
          0,           0,         578,      -6.822615555,      -5.638678425,      -6.436751429,      -5.322695829,      -9.633532512,               0.5,    0.004118863458,       0.141520587,                 0,                 0,                 0,     0.01037043145,    0.004118863458,       0.141520587,                 0,       34.35913533,    0.007878757782
          0,           0,         579,      -6.907166953,      -5.640511132,       -6.44650914,      -5.387245806,      -9.631683355,               0.5,    0.004098927673,      0.1408007932,                 0,                 0,                 0,     0.01013902449,    0.004098927673,      0.1408007932,                 0,       34.35064106,    0.007878757782
          0,           0,         580,      -6.876422016,      -5.640468224,      -6.440956371,       -5.36363803,      -9.629836561,               0.5,    0.004073020643,      0.1400712084,                 0,                 0,                 0,    0.009913083409,    0.004073020643,      0.1400712084,                 0,       34.39000699,    0.007317481498
          0,           0,         581,      -6.834285117,      -5.639630814,      -6.456381016,      -5.331724252,      -9.627962566,               0.5,    0.004037668901,      0.1393690575,                 0,                 0,                 0,    0.009718414297,    0.004037668901,      0.1393690575,                 0,       34.51720805,    0.007317481498
          0,           0,         582,       -6.81516065,      -5.641846783,      -6.450478775,      -5.316299246,       -9.62609903,               0.5,    0.004025449815,       0.138600562,                 0,                 0,                 0,    0.009482800323,    0.004025449815,       0.138600562,                 0,       34.43107437,    0.007317481498
          0,           0,         583,      -6.857806618,      -5.645883852,      -6.447280672,      -5.349345564,      -9.624205505,               0.5,    0.003968796575,      0.1378816826,                 0,                 0,                 0,    0.009290993858,    0.003968796575,      0.1378816826,                 0,       34.74143358,    0.007317481498
          0,           0,         584,      -6.915738187,       -5.64661034,      -6.460486665,      -5.392287769,      -9.622313099,               0.5,    0.003962006909,      0.1371330715,                 0,                 0,                 0,    0.009081497229,    0.003962006909,      0.1371330715,                 0,       34.61202232,    0.007072267429
          0,           0,         585,      -6.894994986,      -5.645274055,       -6.46205653,      -5.378012012,      -9.620418846,               0.5,    0.003917355955,      0.1363985407,                 0,                 0,                 0,    0.008884879118,    0.003917355955,      0.1363985407,                 0,       34.81903157,    0.007878757782
          0,           0,         586,       -6.82979548,      -5.647640715,      -6.452211748,      -5.327493175,      -9.618502793,               0.5,     0.00387342263,      0.1356498263,                 0,                 0,                 0,    0.008678034898,     0.00387342263,      0.1356498263,                 0,        35.0206624,    0.007878757782
          0,           0,         587,      -6.855566011,      -5.644488632,      -6.456785882,       -5.34783841,      -9.616576798,               0.5,    0.003811791065,      0.1349667992,                 0,                 0,                 0,    0.008518561822,    0.003811791065,      0.1349667992,                 0,       35.40771173,    0.007878757782
          0,           0,         588,      -6.806137752,      -5.644185721,      -6.458373861,      -5.308711778,      -9.614652143,               0.5,    0.003811949347,      0.1342747146,                 0,                 0,                 0,    0.008348554183,    0.003811949347,      0.1342747146,                 0,        35.2246849,    0.007317481498
          0,           0,         589,      -6.820563901,      -5.650087734,      -6.448073417,      -5.320362431,      -9.612706163,               0.5,     0.00376434439,      0.1336120307,                 0,                 0,                 0,    0.008194795776,     0.00376434439,      0.1336120307,                 0,       35.49410385,    0.007072267429
          0,           0,         590,      -6.881341677,      -5.648964579,       -6.45862615,       -5.36765035,      -9.610753449,               0.5,    0.003729589064,      0.1329494687,                 0,                 0,                 0,    0.008033453853,    0.003729589064,      0.1329494687,                 0,       35.64721648,    0.007072267429
          0,           0,         591,      -6.857567063,      -5.650170753,      -6.446629474,      -5.349396267,      -9.608804125,               0.5,    0.003663456926,      0.1323651103,                 0,                 0,                 0,    0.007920952088,    0.003663456926,      0.1323651103,                 0,        36.1312042,    0.007878757782
          0,           0,         592,      -6.853285751,      -5.652058552,      -6.451781629,      -5.347092237,      -9.606837241,               0.5,    0.003628991566,      0.1317644762,                 0,                 0,                 0,    0.007784901809,    0.003628991566,      0.1317644762,                 0,       36.30884057,    0.007878757782
          0,           0,         593,      -6.853922086,      -5.650681106,      -6.452403085,       -5.34739431,      -9.604875278,               0.5,    0.003561567824,      0.1312204718,                 0,                 0,                 0,    0.007678205813,    0.003561567824,      0.1312204718,                 0,       36.84345722,    0.007878757782
          0,           0,         594,      -6.881276125,       -5.65407224,      -6.445665683,      -5.367903035,      -9.602890489,               0.5,    0.003548019931,      0.1307349556,                 0,                 0,                 0,    0.007600570977,    0.003548019931,      0.1307349556,                 0,       36.84730022,    0.007072267429
          0,           0,         595,      -6.921293563,      -5.654951673,      -6.455563809,      -5.398165025,      -9.600903887,               0.5,    0.003501370153,      0.1302686346,                 0,                 0,                 0,    0.007521139256,    0.003501370153,      0.1302686346,                 0,       37.20504514,    0.007072267429
          0,           0,         596,       -6.89030893,      -5.653008743,      -6.452335395,      -5.375945612,      -9.598905606,               0.5,     0.00346830072,      0.1298135241,                 0,                 0,                 0,    0.007432461394,     0.00346830072,      0.1298135241,                 0,       37.42856649,    0.007072267429
          0,           0,         597,      -6.844480981,       -5.65386602,      -6.450712087,      -5.340650142,       -9.59690394,               0.5,     0.00342180693,      0.1294469443,                 0,                 0,                 0,    0.007391156752,     0.00342180693,      0.1294469443,                 0,       37.82999654,    0.007878757782
          0,           0,         598,      -6.905071792,      -5.656204129,       -6.44809765,      -5.387239521,       -9.59489991,               0.5,     0.00339715663,       0.129101715,                 0,                 0,                 0,    0.007345829876,     0.00339715663,       0.129101715,                 0,        38.0028739,    0.007878757782
          0,           0,         599,      -6.885663924,      -5.656253238,      -6.450512303,      -5.373505435,      -9.592892721,               0.5,    0.003339436965,       0.128817084,                 0,                 0,                 0,    0.007324795372,    0.003339436965,       0.128817084,                 0,       38.57449187,    0.007878757782
          0,           0,         600,      -6.899127504,      -5.656762489,       -6.45846866,      -5.384593433,      -9.590869445,               0.5,    0.003319703337,       0.128549723,                 0,                 0,                 0,     0.00729488239,    0.003319703337,       0.128549723,                 0,       38.72325626,    0.007072267429
          0,           0,         601,      -6.898212526,      -5.656493963,      -6.468048643,      -5.384145466,      -9.588855399,               0.5,    0.003299433098,      0.1283623141,                 0,                 0,                 0,    0.007302045579,    0.003299433098,      0.1283623141,                 0,       38.90435427,    0.007072267429
          0,           0,         602,      -6.905749773,      -5.659360989,      -6.460314607,      -5.390000653,       -9.58681958,               0.5,    0.003261993913,      0.1282409914,                 0,                 0,                 0,    0.007335453322,    0.003261993913,      0.1282409914,                 0,       39.31368201,    0.007072267429
          0,           0,         603,      -6.893693598,      -5.655662032,      -6.468853973,      -5.382715574,      -9.584788867,               0.5,    0.003234478387,      0.1281722367,                 0,                 0,                 0,    0.007384359474,    0.003234478387,      0.1281722367,                 0,       39.62686449,    0.007878757782
          0,           0,         604,      -6.816878081,      -5.656600499,      -6.468740241,       -5.32227048,      -9.582764149,               0.5,    0.003239730377,      0.1280756797,                 0,                 0,                 0,    0.007388575759,    0.003239730377,      0.1280756797,                 0,       39.53282056,    0.007878757782
          0,           0,         605,      -6.843031638,      -5.660775879,      -6.462166602,      -5.343787769,      -9.580729931,               0.5,    0.003203170764,      0.1281315913,                 0,                 0,                 0,    0.007482467506,    0.003203170764,      0.1281315913,                 0,       40.00148628,    0.007878757782
          0,           0,         606,      -6.942512025,      -5.661212934,      -6.484034496,      -5.419870985,      -9.578693958,               0.5,    0.003186835352,      0.1281862162,                 0,                 0,                 0,     0.00755128216,    0.003186835352,      0.1281862162,                 0,       40.22367083,    0.007072267429
          0,           0,         607,      -6.911938639,      -5.660499578,       -6.49229436,      -5.397838354,      -9.576653067,               0.5,    0.003170899306,      0.1283234585,                 0,                 0,                 0,    0.007657584364,    0.003170899306,      0.1283234585,                 0,        40.4691055,    0.007072267429
          0,           0,         608,      -6.885291931,      -5.661640784,      -6.499793448,      -5.378325412,      -9.574602677,               0.5,     0.00316071112,      0.1284503512,                 0,                 0,                 0,     0.00773231673,     0.00316071112,      0.1284503512,                 0,       40.63969983,    0.007072267429
          0,           0,         609,      -6.893524746,      -5.661874174,      -6.492346477,      -5.385174927,        -9.5725518,               0.5,    0.003173960005,      0.1286600804,                 0,                 0,                 0,    0.007845376212,    0.003173960005,      0.1286600804,                 0,       40.53613789,    0.007878757782
          0,           0,         610,      -6.921050577,      -5.666585723,      -6.500756444,      -5.406427256,      -9.570502448,               0.5,    0.003179263162,      0.1289052337,                 0,                 0,                 0,    0.007961966219,    0.003179263162,      0.1289052337,                 0,       40.54563185,    0.007878757782
          0,           0,         611,      -6.910393532,      -5.662822018,       -6.51171458,      -5.400014467,      -9.568450274,               0.5,    0.003210526593,      0.1292029166,                 0,                 0,                 0,    0.008095425663,    0.003210526593,      0.1292029166,                 0,       40.24352792,    0.007072267429
          0,           0,         612,      -6.848533801,      -5.663047373,      -6.499843621,      -5.352662128,      -9.566401533,               0.5,    0.003176354551,      0.1295362564,                 0,                 0,                 0,    0.008233698735,    0.003176354551,      0.1295362564,                 0,       40.78142232,    0.007878757782
          0,           0,         613,      -6.856642271,      -5.666910624,      -6.516692661,      -5.358022851,      -9.564335544,               0.5,     0.00320460627,      0.1298745579,                 0,                 0,                 0,    0.008354970466,     0.00320460627,      0.1298745579,                 0,        40.5274617,    0.007317481498
          0,           0,         614,      -6.902323611,      -5.669877062,      -6.531971405,      -5.394820815,      -9.562276877,               0.5,     0.00324667535,      0.1303525721,                 0,                 0,                 0,    0.008560679403,     0.00324667535,      0.1303525721,                 0,       40.14955548,    0.007317481498
          0,           0,         615,      -6.876567928,      -5.665640739,      -6.540386087,      -5.374735265,      -9.560208039,               0.5,    0.003229175519,      0.1308070538,                 0,                 0,                 0,    0.008729891777,    0.003229175519,      0.1308070538,                 0,       40.50787981,    0.007317481498
          0,           0,         616,      -6.881270091,       -5.67080014,      -6.559308733,      -5.378526646,      -9.558150874,               0.5,    0.003271462333,       0.131271772,                 0,                 0,                 0,     0.00888896274,    0.003271462333,       0.131271772,                 0,       40.12632844,    0.007878757782
          0,           0,         617,      -6.917823949,      -5.669597357,      -6.568997145,      -5.407497706,      -9.556093194,               0.5,    0.003311770045,      0.1317443104,                 0,                 0,                 0,    0.009037362774,    0.003311770045,      0.1317443104,                 0,       39.78063349,    0.007072267429
          0,           0,         618,      -6.897402471,       -5.67026176,      -6.550029571,      -5.392181316,      -9.554037807,               0.5,    0.003312002955,      0.1323029978,                 0,                 0,                 0,    0.009234643252,    0.003312002955,      0.1323029978,                 0,       39.94652166,    0.007878757782
          0,           0,         619,      -6.861197451,      -5.673761897,       -6.56198621,      -5.363670002,      -9.551977903,               0.5,     0.00334561783,      0.1328279539,                 0,                 0,                 0,    0.009392772972,     0.00334561783,      0.1328279539,                 0,        39.7020702,    0.007072267429
          0,           0,         620,      -6.879433902,      -5.670805492,      -6.577348789,      -5.378418438,      -9.549922605,               0.5,    0.003369382784,      0.1334681118,                 0,                 0,                 0,    0.009624219342,    0.003369382784,      0.1334681118,                 0,       39.61203591,    0.007878757782
          0,           0,         621,      -6.873799853,      -5.673736845,      -6.570400569,      -5.373646373,      -9.547864968,               0.5,     0.00342274394,      0.1340252112,                 0,                 0,                 0,    0.009782356699,     0.00342274394,      0.1340252112,                 0,       39.15724153,    0.007072267429
          0,           0,         622,      -6.900212961,      -5.678087561,      -6.586637849,      -5.395143667,      -9.545808196,               0.5,    0.003472730451,      0.1346598917,                 0,                 0,                 0,    0.009988517714,    0.003472730451,      0.1346598917,                 0,       38.77637311,    0.007072267429
          0,           0,         623,      -6.890926704,      -5.674938665,      -6.584407525,      -5.388184095,      -9.543756939,               0.5,    0.003545097828,      0.1352454453,                 0,                 0,                 0,     0.01014948854,    0.003545097828,      0.1352454453,                 0,       38.14998961,    0.007072267429
          0,           0,         624,      -6.884247478,      -5.676983247,      -6.571431924,      -5.382188266,      -9.541709928,               0.5,    0.003562358683,      0.1358967135,                 0,                 0,                 0,     0.01035251074,    0.003562358683,      0.1358967135,                 0,       38.14795913,    0.007878757782
          0,           0,         625,      -6.896402973,       -5.68031398,      -6.592169278,      -5.393150765,       -9.53966215,               0.5,    0.003619671654,      0.1364951011,                 0,                 0,                 0,     0.01051044848,    0.003619671654,      0.1364951011,                 0,       37.70924939,    0.007878757782
          0,           0,         626,      -6.873906953,      -5.674255386,      -6.567890123,      -5.374792671,      -9.537611709,               0.5,    0.003640763635,       0.137133736,                 0,                 0,                 0,     0.01069432321,    0.003640763635,       0.137133736,                 0,       37.66620132,    0.007878757782
          0,           0,         627,      -6.848674605,      -5.679679854,      -6.572676041,      -5.354022826,      -9.535574824,               0.5,    0.003730451251,      0.1377673651,                 0,                 0,                 0,     0.01087170484,    0.003730451251,      0.1377673651,                 0,       36.93048263,    0.007878757782
          0,           0,         628,      -6.845179476,      -5.676521927,      -6.580362807,      -5.352077242,      -9.533524172,               0.5,    0.003798779688,      0.1383369186,                 0,                 0,                 0,     0.01100002261,    0.003798779688,      0.1383369186,                 0,       36.41614675,    0.007072267429
          0,           0,         629,       -6.81093409,      -5.677674865,      -6.527736801,       -5.32373367,      -9.531483205,               0.5,    0.003820720072,      0.1389664752,                 0,                 0,                 0,     0.01117310751,    0.003820720072,      0.1389664752,                 0,       36.37180233,    0.007878757782
          0,           0,         630,      -6.859489984,      -5.680948872,       -6.56720758,      -5.363441713,      -9.529450417,               0.5,     0.00390627919,      0.1395890573,                 0,                 0,                 0,     0.01134243589,     0.00390627919,      0.1395890573,                 0,       35.73453164,    0.007878757782
          0,           0,         631,      -6.898502382,      -5.682829846,      -6.595834471,      -5.395031493,      -9.527409675,               0.5,    0.003933485402,      0.1401894467,                 0,                 0,                 0,     0.01149783695,    0.003933485402,      0.1401894467,                 0,       35.64000686,    0.007878757782
          0,           0,         632,      -6.859362976,      -5.682931531,      -6.583712226,      -5.364308618,      -9.525377054,               0.5,    0.003978939966,      0.1407190653,                 0,                 0,                 0,     0.01160424287,    0.003978939966,      0.1407190653,                 0,       35.36596844,    0.007878757782
          0,           0,         633,      -6.849699997,      -5.686798668,      -6.580204372,      -5.355973621,      -9.523353243,               0.5,    0.004005662534,      0.1413251187,                 0,                 0,                 0,      0.0117729547,    0.004005662534,      0.1413251187,                 0,       35.28133424,    0.007317481498
          0,           0,         634,      -6.939939255,      -5.686733273,      -6.592741169,      -5.428556348,        -9.5213167,               0.5,    0.004087486924,      0.1418265653,                 0,                 0,                 0,      0.0118697375,    0.004087486924,      0.1418265653,                 0,       34.69774165,    0.007317481498
          0,           0,         635,      -6.874917211,      -5.682432717,      -6.572897346,      -5.376666527,      -9.519293987,               0.5,    0.004175856529,      0.1423071681,                 0,                 0,                 0,     0.01195835066,    0.004175856529,      0.1423071681,                 0,        34.0785578,    0.007072267429
          0,           0,         636,      -6.847387786,      -5.687897283,      -6.568108138,      -5.355195033,      -9.517271684,               0.5,    0.004205193129,       0.142799473,                 0,                 0,                 0,     0.01206403002,    0.004205193129,       0.142799473,                 0,       33.95788698,    0.007878757782
          0,           0,         637,      -6.925750782,      -5.689959874,      -6.566561666,      -5.417495122,      -9.515249161,               0.5,    0.004252594782,      0.1432414992,                 0,                 0,                 0,     0.01214151389,    0.004252594782,      0.1432414992,                 0,       33.68331725,    0.007878757782
          0,           0,         638,       -6.86983725,      -5.687802265,      -6.553575217,       -5.37338207,      -9.513241378,               0.5,     0.00426334055,      0.1437092984,                 0,                 0,                 0,     0.01224845998,     0.00426334055,      0.1437092984,                 0,       33.70814428,    0.007878757782
          0,           0,         639,      -6.863216336,      -5.691254106,      -6.567050044,       -5.36842432,      -9.511224553,               0.5,    0.004334038133,      0.1440625955,                 0,                 0,                 0,     0.01228093409,    0.004334038133,      0.1440625955,                 0,       33.23980803,    0.007072267429
          0,           0,         640,      -6.921249181,      -5.691368064,      -6.584662647,      -5.415348637,      -9.509217829,               0.5,    0.004367558375,      0.1444263307,                 0,                 0,                 0,     0.01233297409,    0.004367558375,      0.1444263307,                 0,       33.06797948,    0.007072267429
          0,           0,         641,      -6.893555619,      -5.692151443,      -6.579256009,      -5.392883453,      -9.507215115,               0.5,    0.004410537354,      0.1447360348,                 0,                 0,                 0,     0.01235717876,    0.004410537354,      0.1447360348,                 0,       32.81596396,    0.007072267429
          0,           0,         642,      -6.863876913,       -5.68893187,      -6.586521918,      -5.370241534,      -9.505210872,               0.5,    0.004440246708,      0.1450408452,                 0,                 0,                 0,     0.01239082519,    0.004440246708,      0.1450408452,                 0,       32.66504199,    0.007878757782
          0,           0,         643,      -6.893966903,      -5.692020422,      -6.581275937,      -5.394104347,      -9.503217649,               0.5,    0.004470367886,      0.1452405418,                 0,                 0,                 0,     0.01235961732,    0.004470367886,      0.1452405418,                 0,       32.48961729,    0.007878757782
          0,           0,         644,      -6.883008015,      -5.696051075,      -6.601923115,      -5.385344255,      -9.501225681,               0.5,    0.004486390143,      0.1454915984,                 0,                 0,                 0,     0.01238096533,    0.004486390143,      0.1454915984,                 0,       32.42954663,    0.007878757782
          0,           0,         645,      -6.957686227,      -5.696241844,       -6.60349903,      -5.444275055,      -9.499231262,               0.5,    0.004520166962,      0.1456547019,                 0,                 0,                 0,     0.01235125259,    0.004520166962,      0.1456547019,                 0,       32.22330129,    0.007317481498
          0,           0,         646,      -6.850584069,      -5.690387195,      -6.566297413,      -5.359407518,      -9.497248995,               0.5,     0.00458667115,      0.1458202961,                 0,                 0,                 0,     0.01233831279,     0.00458667115,      0.1458202961,                 0,       31.79218465,    0.007072267429
          0,           0,         647,      -6.824883171,       -5.69506428,      -6.550351159,      -5.338779879,      -9.495265467,               0.5,    0.004554853487,      0.1459232162,                 0,                 0,                 0,     0.01229370742,    0.004554853487,      0.1459232162,                 0,       32.03686279,    0.007317481498
          0,           0,         648,      -6.928569277,      -5.695557931,      -6.586953472,      -5.421997419,      -9.493286236,               0.5,    0.004602255098,      0.1459799125,                 0,                 0,                 0,     0.01223006381,    0.004602255098,      0.1459799125,                 0,       31.71921361,    0.007878757782
          0,           0,         649,      -6.908092334,      -5.695549407,      -6.624710397,       -5.40702147,      -9.491317141,               0.5,    0.004574193017,      0.1460294518,                 0,                 0,                 0,     0.01217660086,    0.004574193017,      0.1460294518,                 0,       31.92463703,    0.007878757782
          0,           0,         650,      -6.834484554,      -5.699368254,      -6.607549584,      -5.346757434,       -9.48935001,               0.5,    0.004602913406,       0.145987578,                 0,                 0,                 0,     0.01207059604,    0.004602913406,       0.145987578,                 0,       31.71634249,    0.007878757782
          0,           0,         651,      -6.899734919,      -5.700437641,      -6.607317417,      -5.400420587,      -9.487391281,               0.5,    0.004560694788,      0.1459929329,                 0,                 0,                 0,     0.01201564288,    0.004560694788,      0.1459929329,                 0,       32.01111665,    0.007072267429
          0,           0,         652,      -6.903560257,      -5.700695074,      -6.628751347,      -5.403234428,      -9.485431361,               0.5,    0.004586299863,      0.1459538381,                 0,                 0,                 0,       0.011943104,    0.004586299863,      0.1459538381,                 0,       31.82387598,    0.007072267429
          0,           0,         653,      -6.893954675,      -5.701592617,      -6.636369579,      -5.396285477,      -9.483474051,               0.5,    0.004552959681,      0.1458613212,                 0,                 0,                 0,     0.01184628199,    0.004552959681,      0.1458613212,                 0,       32.03659409,    0.007317481498
          0,           0,         654,      -6.909094488,      -5.701562688,      -6.637900601,      -5.408666907,      -9.481518756,               0.5,    0.004563749538,      0.1456631843,                 0,                 0,                 0,     0.01168600808,    0.004563749538,      0.1456631843,                 0,       31.91743612,    0.007878757782
          0,           0,         655,      -6.895017117,        -5.7040786,      -6.633803712,       -5.39689714,      -9.479572163,               0.5,    0.004529115949,      0.1455222224,                 0,                 0,                 0,     0.01158370629,    0.004529115949,      0.1455222224,                 0,       32.13038131,    0.007878757782
          0,           0,         656,      -6.962220241,      -5.707664792,      -6.643580307,      -5.449554838,      -9.477627567,               0.5,    0.004533948323,      0.1453093545,                 0,                 0,                 0,      0.0114428604,    0.004533948323,      0.1453093545,                 0,        32.0491863,    0.007878757782
          0,           0,         657,      -6.951303565,      -5.707836813,       -6.65424246,       -5.44139981,       -9.47568937,               0.5,    0.004486493046,      0.1451218833,                 0,                 0,                 0,     0.01133570921,    0.004486493046,      0.1451218833,                 0,       32.34639657,    0.007317481498
          0,           0,         658,      -6.925577902,      -5.707165081,      -6.667749529,      -5.421370407,      -9.473750766,               0.5,    0.004483209169,      0.1448752422,                 0,                 0,                 0,     0.01119876514,    0.004483209169,      0.1448752422,                 0,       32.31507536,    0.007072267429
          0,           0,         659,      -6.895910753,      -5.706013796,      -6.679916242,      -5.398537572,      -9.471815631,               0.5,    0.004439470017,      0.1446278325,                 0,                 0,                 0,     0.01107517014,    0.004439470017,      0.1446278325,                 0,        32.5777248,    0.007878757782
          0,           0,         660,       -6.92148991,       -5.70952276,      -6.655820257,      -5.417655043,      -9.469884458,               0.5,    0.004405811972,      0.1442686431,                 0,                 0,                 0,     0.01088163999,    0.004405811972,      0.1442686431,                 0,       32.74507491,    0.007878757782
          0,           0,         661,      -6.937942912,       -5.71212042,      -6.691600788,      -5.430359436,      -9.467959906,               0.5,    0.004353266964,       0.143975599,                 0,                 0,                 0,     0.01075064509,    0.004353266964,       0.143975599,                 0,       33.07300015,    0.007878757782
          0,           0,         662,      -7.020538279,      -5.712624694,       -6.67464824,       -5.49215109,      -9.466039972,               0.5,     0.00433765547,      0.1436223706,                 0,                 0,                 0,     0.01058727789,     0.00433765547,      0.1436223706,                 0,       33.11059894,    0.007878757782
          0,           0,         663,      -6.950237508,      -5.713806005,      -6.689877225,      -5.440214102,      -9.464126357,               0.5,    0.004290354205,      0.1432514686,                 0,                 0,                 0,      0.0104226387,    0.004290354205,      0.1432514686,                 0,       33.38919394,    0.007878757782
          0,           0,         664,      -6.914613699,       -5.71429117,       -6.65594294,      -5.412893798,      -9.462212985,               0.5,    0.004249176762,      0.1428486326,                 0,                 0,                 0,      0.0102455642,    0.004249176762,      0.1428486326,                 0,       33.61795486,    0.007072267429
          0,           0,         665,      -6.890292948,      -5.711093874,      -6.679438143,      -5.393474843,      -9.460308973,               0.5,     0.00419561724,      0.1425339598,                 0,                 0,                 0,     0.01014500136,     0.00419561724,      0.1425339598,                 0,       33.97210748,    0.007878757782
          0,           0,         666,      -6.886699821,      -5.713402089,      -6.679092231,      -5.390324494,      -9.458405706,               0.5,    0.004149329535,      0.1420766324,                 0,                 0,                 0,     0.00994788222,    0.004149329535,      0.1420766324,                 0,       34.24086499,    0.007317481498
          0,           0,         667,       -6.92646453,      -5.716870131,      -6.693327795,      -5.422088478,      -9.456511382,               0.5,    0.004101181133,      0.1417071888,                 0,                 0,                 0,    0.009825677135,    0.004101181133,      0.1417071888,                 0,       34.55277498,    0.007878757782
          0,           0,         668,      -6.972095882,      -5.718567815,      -6.669836526,      -5.457324967,      -9.454621479,               0.5,    0.004065007295,      0.1412491784,                 0,                 0,                 0,    0.009645801286,    0.004065007295,      0.1412491784,                 0,       34.74758301,    0.007878757782
          0,           0,         669,      -6.905885804,      -5.719032063,      -6.679916032,       -5.40590566,      -9.452739379,               0.5,    0.004009373974,      0.1408384585,                 0,                 0,                 0,    0.009508875605,    0.004009373974,      0.1408384585,                 0,       35.12729405,    0.007878757782
          0,           0,         670,      -6.934699398,      -5.718705969,      -6.684539822,      -5.428387241,      -9.450860218,               0.5,    0.003966289107,      0.1404071419,                 0,                 0,                 0,    0.009363571758,    0.003966289107,      0.1404071419,                 0,       35.40012795,    0.007072267429
          0,           0,         671,      -6.940301923,      -5.718205025,      -6.713470914,       -5.43242998,      -9.448984483,               0.5,    0.003902931822,      0.1400410342,                 0,                 0,                 0,    0.009272859342,    0.003902931822,      0.1400410342,                 0,       35.88098399,    0.007317481498
          0,           0,         672,       -6.87627917,      -5.720631512,      -6.707198286,      -5.381973508,      -9.447116628,               0.5,    0.003854306148,      0.1395443481,                 0,                 0,                 0,    0.009089671964,    0.003854306148,      0.1395443481,                 0,       36.20479089,    0.007317481498
          0,           0,         673,      -6.936793319,      -5.722314045,      -6.704241377,      -5.430561762,      -9.445253369,               0.5,    0.003821480674,      0.1391362633,                 0,                 0,                 0,    0.008976885403,    0.003821480674,      0.1391362633,                 0,       36.40899305,    0.007878757782
          0,           0,         674,      -6.955242631,      -5.721945726,      -6.698448164,      -5.445092975,      -9.443395454,               0.5,    0.003775249013,      0.1386962279,                 0,                 0,                 0,    0.008843485968,    0.003775249013,      0.1386962279,                 0,       36.73829922,    0.007878757782
          0,           0,         675,      -6.903863599,       -5.71930592,      -6.693055622,      -5.404947015,      -9.441546609,               0.5,     0.00373120977,      0.1382473811,                 0,                 0,                 0,    0.008705921673,     0.00373120977,      0.1382473811,                 0,       37.05162389,    0.007072267429
          0,           0,         676,      -6.887273129,      -5.721994339,      -6.680464345,      -5.392552587,      -9.439700574,               0.5,    0.003688720656,       0.137865235,                 0,                 0,                 0,    0.008619461498,    0.003688720656,       0.137865235,                 0,       37.37481037,    0.007878757782
          0,           0,         677,      -6.935179486,      -5.725186202,      -6.660890037,      -5.430021471,      -9.437853871,               0.5,    0.003634038583,       0.137438463,                 0,                 0,                 0,    0.008500102079,    0.003634038583,       0.137438463,                 0,        37.8197589,    0.007072267429
          0,           0,         678,       -6.90126262,      -5.727167438,      -6.701690017,      -5.403093856,      -9.436016462,               0.5,    0.003566242966,      0.1371052007,                 0,                 0,                 0,    0.008449988899,    0.003566242966,      0.1371052007,                 0,       38.44527757,    0.007317481498
          0,           0,         679,      -6.977668879,      -5.730295962,      -6.715385675,      -5.462183987,      -9.434174374,               0.5,    0.003547813096,      0.1366908666,                 0,                 0,                 0,    0.008337749844,    0.003547813096,      0.1366908666,                 0,       38.52820398,    0.007317481498
          0,           0,         680,      -6.943454418,      -5.724766871,      -6.716971317,       -5.43767388,      -9.432343672,               0.5,    0.003550803051,      0.1363184631,                 0,                 0,                 0,    0.008254332191,    0.003550803051,      0.1363184631,                 0,        38.3908826,    0.007072267429
          0,           0,         681,      -6.881077339,      -5.727875848,      -6.687954182,      -5.387847027,      -9.430518305,               0.5,    0.003495791667,      0.1359897975,                 0,                 0,                 0,     0.00820004641,    0.003495791667,      0.1359897975,                 0,       38.90100169,    0.007878757782
          0,           0,         682,      -6.912824786,      -5.728543462,      -6.665321344,      -5.414216227,      -9.428693804,               0.5,     0.00346439251,      0.1356212511,                 0,                 0,                 0,    0.008111577996,     0.00346439251,      0.1356212511,                 0,       39.14719557,    0.007878757782
          0,           0,         683,      -6.910363873,      -5.728621256,      -6.670760608,        -5.4114915,      -9.426880497,               0.5,    0.003407927442,       0.135366879,                 0,                 0,                 0,    0.008103031363,    0.003407927442,       0.135366879,                 0,       39.72117403,    0.007878757782
          0,           0,         684,      -6.899882741,      -5.732209869,      -6.709110863,      -5.403405595,      -9.425069465,               0.5,    0.003410596017,      0.1350536346,                 0,                 0,                 0,    0.008044214755,    0.003410596017,      0.1350536346,                 0,       39.59825026,    0.007072267429
          0,           0,         685,      -6.971329395,       -5.73463901,      -6.689585942,      -5.459793886,       -9.42325918,               0.5,    0.003387526845,      0.1348022021,                 0,                 0,                 0,    0.008024359164,    0.003387526845,      0.1348022021,                 0,       39.79369266,    0.007072267429
          0,           0,         686,      -6.949820664,      -5.731358379,      -6.684661127,       -5.44333909,      -9.421460157,               0.5,    0.003380064695,      0.1345189183,                 0,                 0,                 0,    0.007972660688,    0.003380064695,      0.1345189183,                 0,       39.79773478,    0.007072267429
          0,           0,         687,      -6.888158912,      -5.732261892,      -6.677808629,      -5.394949252,      -9.419661523,               0.5,    0.003355422503,      0.1343234791,                 0,                 0,                 0,    0.007977806054,    0.003355422503,      0.1343234791,                 0,       40.03176321,    0.007878757782
          0,           0,         688,      -6.914088691,      -5.730726845,      -6.680946428,      -5.416712741,      -9.417870534,               0.5,    0.003358836284,      0.1340868367,                 0,                 0,                 0,    0.007942486283,    0.003358836284,      0.1340868367,                 0,       39.92062292,    0.007878757782
          0,           0,         689,      -6.899483833,      -5.734790009,      -6.690355038,      -5.404350611,      -9.416090215,               0.5,    0.003324747182,      0.1339253804,                 0,                 0,                 0,     0.00795304701,    0.003324747182,      0.1339253804,                 0,        40.2813727,    0.007878757782
          0,           0,         690,      -6.978514355,      -5.739393672,       -6.69399849,       -5.46768403,      -9.414310176,               0.5,    0.003339874727,      0.1337828523,                 0,                 0,                 0,    0.007966760162,    0.003339874727,      0.1337828523,                 0,       40.05624858,    0.007317481498
          0,           0,         691,      -6.927687855,      -5.732485304,        -6.6989034,      -5.428566517,       -9.41254203,               0.5,    0.003355796992,      0.1336524382,                 0,                 0,                 0,    0.007977913189,    0.003355796992,      0.1336524382,                 0,       39.82733117,    0.007072267429
          0,           0,         692,      -6.882627761,      -5.737745044,      -6.669713653,      -5.391578587,      -9.410775627,               0.5,    0.003351365676,      0.1336051834,                 0,                 0,                 0,    0.008038859465,    0.003351365676,      0.1336051834,                 0,       39.86589239,    0.007878757782
          0,           0,         693,      -6.928582051,      -5.739545742,      -6.667463741,      -5.431033898,      -9.409016859,               0.5,    0.003353980977,      0.1334768482,                 0,                 0,                 0,    0.008026563385,    0.003353980977,      0.1334768482,                 0,       39.79654302,    0.007878757782
          0,           0,         694,      -6.939364341,        -5.7401477,      -6.654466874,       -5.43809609,       -9.40726829,               0.5,    0.003349446181,      0.1334990377,                 0,                 0,                 0,    0.008113578457,    0.003349446181,      0.1334990377,                 0,       39.85704814,    0.007878757782
          0,           0,         695,       -6.95868657,      -5.744655174,      -6.690924417,      -5.454141543,      -9.405524126,               0.5,    0.003374702891,      0.1334502165,                 0,                 0,                 0,    0.008134029615,    0.003374702891,      0.1334502165,                 0,       39.54428606,    0.007878757782
          0,           0,         696,      -6.925766679,       -5.73754096,      -6.671604256,      -5.429084201,      -9.403789799,               0.5,    0.003407258654,      0.1334601444,                 0,                 0,                 0,    0.008184638929,    0.003407258654,      0.1334601444,                 0,       39.16936104,    0.007072267429
          0,           0,         697,      -6.845156879,      -5.739583011,      -6.648475273,      -5.362153507,      -9.402061901,               0.5,    0.003389907692,      0.1335305798,                 0,                 0,                 0,    0.008266300653,    0.003389907692,      0.1335305798,                 0,       39.39062415,    0.007072267429
          0,           0,         698,      -6.937476008,      -5.744452997,      -6.675069317,      -5.437966915,      -9.400332741,               0.5,    0.003450525607,      0.1335633649,                 0,                 0,                 0,       0.008305653,    0.003450525607,      0.1335633649,                 0,       38.70812164,    0.007072267429
          0,           0,         699,      -6.949734605,      -5.741907386,       -6.68392491,      -5.448014764,      -9.398618198,               0.5,     0.00344759284,      0.1336796147,                 0,                 0,                 0,    0.008393150867,     0.00344759284,      0.1336796147,                 0,       38.77476863,    0.007878757782
          0,           0,         700,      -6.859839592,       -5.74477155,      -6.680169241,      -5.374613862,      -9.396910166,               0.5,    0.003497819067,      0.1337471519,                 0,                 0,                 0,    0.008429990273,    0.003497819067,      0.1337471519,                 0,       38.23729854,    0.007878757782
          0,           0,         701,      -6.942740581,      -5.748453567,      -6.664956622,      -5.443730922,      -9.395208745,               0.5,    0.003507004713,      0.1339443553,                 0,                 0,                 0,    0.008549580506,    0.003507004713,      0.1339443553,                 0,       38.19337761,    0.007878757782
          0,           0,         702,      -6.999724774,       -5.74852079,      -6.672243997,      -5.487753361,      -9.393519031,               0.5,    0.003528592661,      0.1341138799,                 0,                 0,                 0,    0.008634482964,    0.003528592661,      0.1341138799,                 0,       38.00775345,    0.007072267429
          0,           0,         703,      -6.922116508,      -5.749740953,      -6.679409965,      -5.427335893,      -9.391827183,               0.5,    0.003574640771,      0.1343303909,                 0,                 0,                 0,    0.008740677163,    0.003574640771,      0.1343303909,                 0,       37.57871057,    0.007072267429
          0,           0,         704,      -6.906640789,      -5.744611731,      -6.682602792,      -5.415441611,      -9.390137738,               0.5,    0.003586963659,      0.1345429837,                 0,                 0,                 0,    0.008830487441,    0.003586963659,      0.1345429837,                 0,       37.50887839,    0.007878757782
          0,           0,         705,      -6.920812447,      -5.749967901,      -6.651409917,      -5.426274215,      -9.388457891,               0.5,     0.00363662564,      0.1347408964,                 0,                 0,                 0,    0.008896267655,     0.00363662564,      0.1347408964,                 0,       37.05107695,    0.007317481498
          0,           0,         706,       -6.92469477,      -5.753090386,      -6.688437158,      -5.429767452,       -9.38677848,               0.5,    0.003667079276,      0.1350288943,                 0,                 0,                 0,    0.009016731568,    0.003667079276,      0.1350288943,                 0,       36.82191853,    0.007878757782
          0,           0,         707,      -7.002077445,      -5.754772772,      -6.672229221,      -5.491712033,      -9.385106156,               0.5,    0.003706591016,      0.1352823702,                 0,                 0,                 0,    0.009099416547,    0.003706591016,      0.1352823702,                 0,       36.49778721,    0.007878757782
          0,           0,         708,      -6.915410242,      -5.750298513,      -6.671130184,      -5.422844954,      -9.383443742,               0.5,     0.00375518148,      0.1355521447,                 0,                 0,                 0,    0.009182808664,     0.00375518148,      0.1355521447,                 0,       36.09736185,    0.007072267429
          0,           0,         709,      -6.928224436,        -5.7554461,      -6.671958706,      -5.433709257,      -9.381782226,               0.5,     0.00377623179,      0.1358737402,                 0,                 0,                 0,    0.009294151404,     0.00377623179,      0.1358737402,                 0,       35.98130299,    0.007072267429
          0,           0,         710,      -6.985802205,      -5.757356525,      -6.676878076,      -5.479507011,      -9.380129072,               0.5,    0.003818524296,      0.1362018574,                 0,                 0,                 0,    0.009400224378,    0.003818524296,      0.1362018574,                 0,       35.66871566,    0.007072267429
          0,           0,         711,      -6.939220278,      -5.755170646,      -6.693730658,      -5.442718937,      -9.378483254,               0.5,    0.003842353434,      0.1365447731,                 0,                 0,                 0,    0.009508076866,    0.003842353434,      0.1365447731,                 0,       35.53675513,    0.007878757782
          0,           0,         712,       -6.93651745,      -5.758804068,      -6.717939984,      -5.440632062,       -9.37684205,               0.5,    0.003896273639,      0.1368458147,                 0,                 0,                 0,    0.009576215457,    0.003896273639,      0.1368458147,                 0,       35.12222893,    0.007878757782
          0,           0,         713,      -6.988763183,      -5.756897661,      -6.697006877,      -5.482914867,      -9.375209345,               0.5,    0.003927879001,      0.1372328417,                 0,                 0,                 0,    0.009700998261,    0.003927879001,      0.1372328417,                 0,       34.93815408,    0.007878757782
          0,           0,         714,      -6.927289484,      -5.761587559,      -6.681323723,      -5.433574353,      -9.373584705,               0.5,    0.003943312474,      0.1375596023,                 0,                 0,                 0,     0.00977403446,    0.003943312474,      0.1375596023,                 0,       34.88427641,    0.007878757782
          0,           0,         715,      -6.966096659,      -5.762592025,      -6.688701021,      -5.465626324,      -9.371962686,               0.5,     0.00398031053,      0.1379475422,                 0,                 0,                 0,    0.009887121609,     0.00398031053,      0.1379475422,                 0,       34.65748241,    0.007317481498
          0,           0,         716,      -6.977189736,      -5.760655959,      -6.697030842,      -5.474286597,       -9.37035166,               0.5,    0.003999010829,      0.1383307999,                 0,                 0,                 0,    0.009991855329,    0.003999010829,      0.1383307999,                 0,       34.59125414,    0.007878757782
          0,           0,         717,      -6.939381973,      -5.766531198,      -6.723163448,       -5.44417569,      -9.368741647,               0.5,    0.004029282062,      0.1386788123,                 0,                 0,                 0,     0.01006652852,    0.004029282062,      0.1386788123,                 0,       34.41774742,    0.007878757782
          0,           0,         718,      -6.975547597,       -5.76259315,      -6.711959538,      -5.474336567,      -9.367143251,               0.5,    0.004088534193,      0.1390299843,                 0,                 0,                 0,     0.01014084895,    0.004088534193,      0.1390299843,                 0,       34.00484813,    0.007072267429
          0,           0,         719,      -6.873789364,       -5.76032072,      -6.669564243,      -5.390564618,      -9.365549828,               0.5,    0.004078101328,       0.139392234,                 0,                 0,                 0,     0.01022160126,    0.004078101328,       0.139392234,                 0,       34.18066957,    0.007878757782
          0,           0,         720,      -6.913180773,      -5.764965736,      -6.672955182,      -5.422784811,      -9.363964649,               0.5,    0.004127996236,      0.1397543308,                 0,                 0,                 0,     0.01030161045,    0.004127996236,      0.1397543308,                 0,       33.85524666,    0.007878757782
          0,           0,         721,      -6.925501854,      -5.764142793,      -6.712776845,      -5.434127889,      -9.362385221,               0.5,     0.00412567839,      0.1401219786,                 0,                 0,                 0,     0.01038605462,     0.00412567839,      0.1401219786,                 0,       33.96337895,    0.007878757782
          0,           0,         722,      -6.862757573,      -5.765318175,      -6.699493417,      -5.380853047,      -9.360812267,               0.5,    0.004137856877,      0.1404646411,                 0,                 0,                 0,     0.01045305516,    0.004137856877,      0.1404646411,                 0,       33.94622996,    0.007072267429
          0,           0,         723,      -6.900385269,       -5.76727691,      -6.716170288,      -5.412944487,      -9.359245018,               0.5,    0.004139232037,      0.1408102165,                 0,                 0,                 0,     0.01052456402,    0.004139232037,      0.1408102165,                 0,       34.01843996,    0.007072267429
          0,           0,         724,      -6.981383977,      -5.770621188,      -6.690910697,      -5.480101111,      -9.357683882,               0.5,    0.004181821564,      0.1411432131,                 0,                 0,                 0,     0.01058991095,    0.004181821564,      0.1411432131,                 0,       33.75161061,    0.007072267429
          0,           0,         725,      -6.940034006,      -5.769719172,      -6.687184631,      -5.446478932,      -9.356132661,               0.5,    0.004197681133,      0.1414322623,                 0,                 0,                 0,     0.01062657672,    0.004197681133,      0.1414322623,                 0,       33.69295042,    0.007878757782
          0,           0,         726,       -6.94507778,      -5.774098961,      -6.708945448,        -5.4518092,      -9.354584925,               0.5,    0.004209998447,      0.1417427655,                 0,                 0,                 0,     0.01068446683,    0.004209998447,      0.1417427655,                 0,       33.66812774,    0.007072267429
          0,           0,         727,      -6.931504638,      -5.768931867,      -6.691375786,      -5.440148703,      -9.353045689,               0.5,     0.00420605364,      0.1420324956,                 0,                 0,                 0,     0.01073264443,     0.00420605364,      0.1420324956,                 0,       33.76858874,    0.007878757782
          0,           0,         728,      -6.887133548,      -5.770939155,      -6.708230785,      -5.402576526,      -9.351514336,               0.5,    0.004214152999,      0.1422436171,                 0,                 0,                 0,     0.01072900711,    0.004214152999,      0.1422436171,                 0,       33.75378567,    0.007317481498
          0,           0,         729,      -6.903262872,      -5.774167203,      -6.702548339,      -5.416669653,      -9.349986822,               0.5,    0.004200094362,      0.1425500844,                 0,                 0,                 0,      0.0108041525,    0.004200094362,      0.1425500844,                 0,       33.93973376,    0.007878757782
          0,           0,         730,      -6.956760096,      -5.774258253,      -6.695441857,      -5.462182602,      -9.348458374,               0.5,    0.004197216762,      0.1427382096,                 0,                 0,                 0,     0.01079920486,    0.004197216762,      0.1427382096,                 0,       34.00782416,    0.007072267429
          0,           0,         731,      -6.968234641,      -5.778688796,       -6.72550142,      -5.470848241,      -9.346940107,               0.5,    0.004200098785,        0.14293985,                 0,                 0,                 0,     0.01081332588,    0.004200098785,        0.14293985,                 0,       34.03249718,    0.007072267429
          0,           0,         732,      -6.931819386,      -5.776936183,      -6.725688404,      -5.442002467,      -9.345420722,               0.5,    0.004225840664,      0.1431281542,                 0,                 0,                 0,      0.0108271023,    0.004225840664,      0.1431281542,                 0,       33.86974702,    0.007878757782
          0,           0,         733,      -6.908396728,      -5.773228702,      -6.681814789,      -5.422070838,      -9.343909139,               0.5,    0.004194209509,      0.1433031496,                 0,                 0,                 0,     0.01084107194,    0.004194209509,      0.1433031496,                 0,       34.16690303,    0.007878757782
          0,           0,         734,       -6.85099445,      -5.779725617,      -6.677254369,      -5.372450874,      -9.342405083,               0.5,    0.004204877146,      0.1434079956,                 0,                 0,                 0,     0.01081329005,    0.004204877146,      0.1434079956,                 0,        34.1051571,    0.007878757782
          0,           0,         735,        -6.9601733,      -5.779558636,      -6.703683217,      -5.465724397,      -9.340902521,               0.5,    0.004151849733,      0.1435863103,                 0,                 0,                 0,     0.01085150499,    0.004151849733,      0.1435863103,                 0,        34.5836963,    0.007072267429
          0,           0,         736,       -6.96053355,      -5.781527968,      -6.714625998,      -5.465390925,      -9.339405302,               0.5,     0.00418071721,      0.1436644839,                 0,                 0,                 0,     0.01082618385,     0.00418071721,      0.1436644839,                 0,        34.3635976,    0.007072267429
          0,           0,         737,      -6.947168811,      -5.784658155,      -6.719896165,      -5.454545252,       -9.33791442,               0.5,    0.004166543922,       0.143698868,                 0,                 0,                 0,     0.01077994993,    0.004166543922,       0.143698868,                 0,       34.48874433,    0.007072267429
          0,           0,         738,      -6.935299983,       -5.78074813,      -6.723089324,       -5.44570658,       -9.33642616,               0.5,    0.004145925398,      0.1437665366,                 0,                 0,                 0,     0.01077048985,    0.004145925398,      0.1437665366,                 0,       34.67658552,    0.007878757782
          0,           0,         739,      -6.913807833,      -5.783475902,      -6.700528601,      -5.427098714,      -9.334946509,               0.5,    0.004140645593,      0.1437426349,                 0,                 0,                 0,     0.01070469674,    0.004140645593,      0.1437426349,                 0,       34.71502973,    0.007878757782
          0,           0,         740,      -6.909986119,      -5.784690551,      -6.708099058,       -5.42423272,      -9.333473979,               0.5,    0.004095748197,      0.1437613733,                 0,                 0,                 0,      0.0106829725,    0.004095748197,      0.1437613733,                 0,       35.10014933,    0.007878757782
          0,           0,         741,      -6.962707817,      -5.788327322,      -6.672221838,      -5.468739845,      -9.332003685,               0.5,    0.004099854374,       0.143742694,                 0,                 0,                 0,      0.0106454171,    0.004099854374,       0.143742694,                 0,       35.06043896,    0.007072267429
          0,           0,         742,      -6.943987298,      -5.790292537,       -6.69848526,      -5.452925219,      -9.330538919,               0.5,    0.004058024899,        0.14368887,                 0,                 0,                 0,     0.01059371694,    0.004058024899,        0.14368887,                 0,       35.40857278,    0.007072267429
          0,           0,         743,      -6.986801916,      -5.788834592,       -6.69483606,       -5.48755261,      -9.329078688,               0.5,    0.004065559193,      0.1436062843,                 0,                 0,                 0,     0.01053257171,    0.004065559193,      0.1436062843,                 0,       35.32264014,    0.007072267429
          0,           0,         744,      -6.946420991,       -5.78595562,      -6.737479273,      -5.454883135,      -9.327623112,               0.5,     0.00404102214,      0.1435331078,                 0,                 0,                 0,     0.01049021181,     0.00404102214,      0.1435331078,                 0,        35.5190105,    0.007878757782
          0,           0,         745,      -6.918810203,      -5.789558263,      -6.719406821,      -5.432269259,      -9.326174534,               0.5,    0.004029640545,      0.1433715685,                 0,                 0,                 0,     0.01039341797,    0.004029640545,      0.1433715685,                 0,       35.57924507,    0.007878757782
          0,           0,         746,      -6.939002174,      -5.791522243,      -6.735247092,      -5.449673795,      -9.324731685,               0.5,    0.003988733993,      0.1432482466,                 0,                 0,                 0,     0.01033649229,    0.003988733993,      0.1432482466,                 0,       35.91321126,    0.007878757782
          0,           0,         747,      -6.984123591,       -5.79266756,       -6.71967132,      -5.487552721,      -9.323293431,               0.5,    0.003980339276,      0.1430957113,                 0,                 0,                 0,     0.01026866659,    0.003980339276,      0.1430957113,                 0,       35.95063169,    0.007072267429
          0,           0,         748,      -6.947693419,       -5.79360085,      -6.737303005,       -5.45684104,      -9.321861514,               0.5,     0.00396643736,      0.1428812964,                 0,                 0,                 0,     0.01016512169,     0.00396643736,      0.1428812964,                 0,       36.02257731,    0.007072267429
          0,           0,         749,      -6.974677197,       -5.79612281,      -6.725324786,      -5.479893041,      -9.320431195,               0.5,    0.003957411958,      0.1427039967,                 0,                 0,                 0,     0.01009937324,    0.003957411958,      0.1427039967,                 0,       36.05992962,    0.007072267429
          0,           0,         750,      -6.984927616,      -5.795668266,      -6.708752675,      -5.488173189,       -9.31900956,               0.5,    0.003941516042,       0.142494812,                 0,                 0,                 0,     0.01001933751,    0.003941516042,       0.142494812,                 0,       36.15228518,    0.007878757782
          0,           0,         751,      -6.913166591,      -5.794826005,      -6.733574683,      -5.428761183,      -9.317591208,               0.5,    0.003888876962,      0.1422927034,                 0,                 0,                 0,    0.009953604738,    0.003888876962,      0.1422927034,                 0,       36.58966451,    0.007878757782
          0,           0,         752,      -6.987437252,       -5.79886626,      -6.739121302,      -5.489650537,      -9.316179478,               0.5,    0.003903337139,      0.1420092092,                 0,                 0,                 0,    0.009835441133,    0.003903337139,      0.1420092092,                 0,       36.38148696,    0.007878757782
          0,           0,         753,      -6.950280732,      -5.793789575,      -6.760783686,      -5.460667094,      -9.314773982,               0.5,    0.003883944123,      0.1417294827,                 0,                 0,                 0,    0.009728029486,    0.003883944123,      0.1417294827,                 0,         36.491123,    0.007072267429
          0,           0,         754,      -6.871205452,      -5.797160557,      -6.731467689,      -5.392941675,      -9.313373906,               0.5,    0.003845906847,      0.1415244761,                 0,                 0,                 0,     0.00968357133,    0.003845906847,      0.1415244761,                 0,       36.79872699,    0.007317481498
          0,           0,         755,      -6.938269792,      -5.797365167,      -6.711986069,       -5.45079662,       -9.31197425,               0.5,    0.003845033232,      0.1411979651,                 0,                 0,                 0,    0.009554847655,    0.003845033232,      0.1411979651,                 0,       36.72217028,    0.007072267429
          0,           0,         756,      -6.945115997,      -5.799135184,      -6.723461544,       -5.45590764,      -9.310585093,               0.5,    0.003813400942,      0.1409611146,                 0,                 0,                 0,    0.009498904695,    0.003813400942,      0.1409611146,                 0,        36.9646719,    0.007878757782
          0,           0,         757,      -6.924202135,      -5.805338886,      -6.758681453,      -5.438248531,      -9.309194218,               0.5,    0.003825171117,      0.1406215989,                 0,                 0,                 0,    0.009371360372,    0.003825171117,      0.1406215989,                 0,        36.7621721,    0.007878757782
          0,           0,         758,      -7.041116528,      -5.808514313,      -6.742985707,      -5.533361106,      -9.307808538,               0.5,    0.003797645789,      0.1403508729,                 0,                 0,                 0,    0.009299686208,    0.003797645789,      0.1403508729,                 0,       36.95733638,    0.007878757782
          0,           0,         759,      -6.960591968,      -5.801362649,      -6.757328669,      -5.470156949,      -9.306429842,               0.5,    0.003790135407,      0.1400259484,                 0,                 0,                 0,    0.009191153846,    0.003790135407,      0.1400259484,                 0,       36.94484057,    0.007072267429
          0,           0,         760,      -6.888965687,      -5.802852244,      -6.754021226,       -5.40958325,       -9.30505142,               0.5,    0.003762848931,        0.13976499,                 0,                 0,                 0,     0.00913336734,    0.003762848931,        0.13976499,                 0,       37.14339655,    0.007072267429
          0,           0,         761,       -6.92050601,      -5.806066245,      -6.708295728,       -5.43707887,      -9.303676711,               0.5,    0.003766929751,      0.1394144363,                 0,                 0,                 0,     0.00901080889,    0.003766929751,      0.1394144363,                 0,       37.01009721,    0.007072267429
          0,           0,         762,      -6.939463639,      -5.806952904,      -6.741817593,      -5.452057524,       -9.30230831,               0.5,    0.003751127278,      0.1391661205,                 0,                 0,                 0,    0.008966081377,    0.003751127278,      0.1391661205,                 0,       37.09981299,    0.007878757782
          0,           0,         763,      -6.968937647,      -5.813195104,      -6.752198196,      -5.476844449,      -9.300941271,               0.5,    0.003743478201,      0.1388289528,                 0,                 0,                 0,    0.008855778293,    0.003743478201,      0.1388289528,                 0,       37.08555128,    0.007878757782
          0,           0,         764,      -6.951795085,      -5.802457856,      -6.768925939,      -5.463826131,      -9.299579273,               0.5,    0.003761279397,      0.1385397578,                 0,                 0,                 0,    0.008781396652,    0.003761279397,      0.1385397578,                 0,       36.83314722,    0.007072267429
          0,           0,         765,      -6.872848581,      -5.804121688,       -6.70526694,      -5.395686996,      -9.298224112,               0.5,     0.00372543409,      0.1382557835,                 0,                 0,                 0,    0.008710117783,     0.00372543409,      0.1382557835,                 0,       37.11132183,    0.007878757782
          0,           0,         766,      -6.908497954,      -5.808666683,       -6.72617797,      -5.426591863,      -9.296871285,               0.5,    0.003730232076,      0.1379469822,                 0,                 0,                 0,    0.008619043654,    0.003730232076,      0.1379469822,                 0,       36.98080424,    0.007072267429
          0,           0,         767,      -6.898484216,      -5.806377665,      -6.743875564,      -5.418473154,      -9.295525154,               0.5,    0.003718130957,      0.1377419481,                 0,                 0,                 0,    0.008603402132,    0.003718130957,      0.1377419481,                 0,       37.04601847,    0.007878757782
          0,           0,         768,      -6.874029209,      -5.812707332,      -6.708394339,      -5.396695771,      -9.294180447,               0.5,    0.003716811991,      0.1374301055,                 0,                 0,                 0,    0.008505331251,    0.003716811991,      0.1374301055,                 0,       36.97526423,    0.007878757782
          0,           0,         769,      -6.943169678,      -5.813987217,      -6.761471562,      -5.457387914,       -9.29284088,               0.5,    0.003710068055,      0.1371976621,                 0,                 0,                 0,    0.008463290878,    0.003710068055,      0.1371976621,                 0,       36.97982356,    0.007878757782
          0,           0,         770,      -6.942040383,      -5.813661009,      -6.740826312,      -5.456608457,      -9.291505889,               0.5,    0.003730953661,      0.1369446403,                 0,                 0,                 0,    0.008401948516,    0.003730953661,      0.1369446403,                 0,       36.70499628,    0.007878757782
          0,           0,         771,      -6.879570238,      -5.814696781,      -6.705851106,      -5.402322992,       -9.29017448,               0.5,    0.003706533129,      0.1367111174,                 0,                 0,                 0,    0.008350756968,    0.003706533129,      0.1367111174,                 0,       36.88382448,    0.007878757782
          0,           0,         772,      -6.915356787,      -5.815499141,       -6.68228757,      -5.433573385,      -9.288848006,               0.5,    0.003730685026,      0.1365259892,                 0,                 0,                 0,    0.008330812407,    0.003730685026,      0.1365259892,                 0,       36.59542101,    0.007072267429
          0,           0,         773,      -6.923700038,      -5.811847688,      -6.750637054,      -5.441838313,      -9.287525562,               0.5,    0.003696376359,       0.136356778,                 0,                 0,                 0,    0.008317215366,    0.003696376359,       0.136356778,                 0,       36.88931125,    0.007317481498
          0,           0,         774,      -6.888971957,      -5.820346596,      -6.735613489,      -5.410968728,      -9.286205965,               0.5,    0.003743674761,      0.1361309299,                 0,                 0,                 0,    0.008255329024,    0.003743674761,      0.1361309299,                 0,       36.36291574,    0.007317481498
          0,           0,         775,      -6.950815399,      -5.818801556,       -6.73774208,      -5.465469952,       -9.28489417,               0.5,    0.003742952786,      0.1359973901,                 0,                 0,                 0,    0.008256034828,    0.003742952786,      0.1359973901,                 0,        36.3342521,    0.007878757782
          0,           0,         776,      -6.940239502,      -5.821860313,      -6.726376111,      -5.455732915,      -9.283584841,               0.5,    0.003728174715,       0.135820183,                 0,                 0,                 0,    0.008217408662,    0.003728174715,       0.135820183,                 0,       36.43074517,    0.007317481498
          0,           0,         777,      -6.964932164,      -5.825143603,      -6.732322909,      -5.476745608,      -9.282279191,               0.5,    0.003755161373,       0.135680795,                 0,                 0,                 0,    0.008199917078,    0.003755161373,       0.135680795,                 0,       36.13181474,    0.007878757782
          0,           0,         778,      -6.978792474,      -5.824033765,      -6.739476016,      -5.489086449,      -9.280979945,               0.5,    0.003743206444,      0.1355689736,                 0,                 0,                 0,    0.008195657772,    0.003743206444,      0.1355689736,                 0,       36.21733817,    0.007317481498
          0,           0,         779,       -6.90963833,      -5.822402209,      -6.716748092,      -5.430243216,      -9.279685764,               0.5,    0.003748061187,      0.1354742195,                 0,                 0,                 0,    0.008196420416,    0.003748061187,      0.1354742195,                 0,       36.14514617,    0.007072267429
          0,           0,         780,      -6.906404175,      -5.824685072,      -6.747195375,      -5.427159167,      -9.278395559,               0.5,    0.003736578404,      0.1354103731,                 0,                 0,                 0,    0.008212372147,    0.003736578404,      0.1354103731,                 0,       36.23913604,    0.007878757782
          0,           0,         781,      -7.051702781,      -5.829148047,      -6.770899088,      -5.549121273,      -9.277109983,               0.5,    0.003770005418,      0.1353442679,                 0,                 0,                 0,    0.008218540184,    0.003770005418,      0.1353442679,                 0,       35.90028473,    0.007878757782
          0,           0,         782,      -6.939929042,      -5.820066901,      -6.752130387,      -5.456974091,      -9.275830378,               0.5,    0.003796715591,      0.1352893589,                 0,                 0,                 0,    0.008224849482,    0.003796715591,      0.1352893589,                 0,       35.63326135,    0.007072267429
          0,           0,         783,      -6.893417776,      -5.825850882,      -6.727610919,      -5.417411388,      -9.274552197,               0.5,      0.0037896369,      0.1353028951,                 0,                 0,                 0,     0.00827387157,      0.0037896369,      0.1353028951,                 0,       35.70339289,    0.007878757782
          0,           0,         784,      -6.983275335,      -5.830190508,      -6.699190757,      -5.493366808,      -9.273279603,               0.5,     0.00380612891,      0.1352559037,                 0,                 0,                 0,    0.008269296566,     0.00380612891,      0.1352559037,                 0,       35.53634334,    0.007072267429
          0,           0,         785,      -6.971807881,      -5.823870387,      -6.769014417,      -5.484635334,      -9.272011776,               0.5,    0.003788154708,      0.1353186562,                 0,                 0,                 0,    0.008338219873,    0.003788154708,      0.1353186562,                 0,       35.72152317,    0.007878757782
          0,           0,         786,      -6.854366588,      -5.830257988,      -6.764658452,      -5.381696461,       -9.27074668,               0.5,     0.00381611706,      0.1352994479,                 0,                 0,                 0,    0.008337495975,     0.00381611706,      0.1352994479,                 0,       35.45474256,    0.007072267429
          0,           0,         787,      -6.964193839,      -5.832262512,      -6.742992727,      -5.479196782,      -9.269482756,               0.5,    0.003817076109,      0.1353999072,                 0,                 0,                 0,     0.00841774416,    0.003817076109,      0.1353999072,                 0,       35.47215285,    0.007878757782
          0,           0,         788,      -6.956347031,      -5.832069479,      -6.769651304,      -5.471991575,      -9.268226547,               0.5,    0.003814663076,      0.1354546767,                 0,                 0,                 0,      0.0084555602,    0.003814663076,      0.1354546767,                 0,       35.50894902,    0.007317481498
          0,           0,         789,      -6.917688926,      -5.832553509,      -6.781193238,      -5.438276576,      -9.266970689,               0.5,    0.003863223599,      0.1355199316,                 0,                 0,                 0,    0.008493031362,    0.003863223599,      0.1355199316,                 0,       35.07949465,    0.007878757782
          0,           0,         790,       -6.96096724,      -5.833831364,      -6.772056746,      -5.476057823,      -9.265718409,               0.5,    0.003848131602,      0.1356328595,                 0,                 0,                 0,    0.008558117923,    0.003848131602,      0.1356328595,                 0,       35.24641918,    0.007878757782
          0,           0,         791,      -6.930646618,      -5.831363364,       -6.75239223,      -5.450951436,      -9.264474329,               0.5,    0.003841437473,      0.1357200967,                 0,                 0,                 0,    0.008596125887,    0.003841437473,      0.1357200967,                 0,       35.33054946,    0.007317481498
          0,           0,         792,       -6.89117086,      -5.837110166,      -6.771263313,        -5.4158256,      -9.263231245,               0.5,    0.003833628685,      0.1358953132,                 0,                 0,                 0,    0.008692342002,    0.003833628685,      0.1358953132,                 0,       35.44822004,    0.007317481498
          0,           0,         793,      -7.042505386,      -5.842631578,      -6.788897705,      -5.545555306,      -9.261990716,               0.5,    0.003878926164,      0.1360257646,                 0,                 0,                 0,    0.008747733642,    0.003878926164,      0.1360257646,                 0,       35.06789222,    0.007878757782
          0,           0,         794,        -6.9669415,      -5.830493769,      -6.789730935,      -5.482392747,      -9.260760757,               0.5,    0.003904921466,      0.1361690091,                 0,                 0,                 0,    0.008805658409,    0.003904921466,      0.1361690091,                 0,       34.87112617,    0.007633543714
          0,           0,         795,      -6.930338598,      -5.840873161,      -6.743688783,      -5.450823477,      -9.259530701,               0.5,     0.00388011031,      0.1363356074,                 0,                 0,                 0,    0.008874337013,     0.00388011031,      0.1363356074,                 0,       35.13704418,    0.007878757782
          0,           0,         796,      -6.999414383,      -5.844523667,      -6.721558828,      -5.509867336,      -9.258303855,               0.5,    0.003910799938,      0.1365052804,                 0,                 0,                 0,    0.008938922127,    0.003910799938,      0.1365052804,                 0,       34.90469535,    0.007878757782
          0,           0,         797,       -6.90719389,      -5.832781557,      -6.731073979,      -5.431232588,      -9.257086012,               0.5,    0.003874982275,      0.1367034315,                 0,                 0,                 0,    0.009018788522,    0.003874982275,      0.1367034315,                 0,       35.27846627,    0.007878757782
          0,           0,         798,      -6.852990107,      -5.842954996,      -6.741484616,      -5.382110682,      -9.255870682,               0.5,    0.003905478605,      0.1368832858,                 0,                 0,                 0,     0.00907940561,    0.003905478605,      0.1368832858,                 0,       35.04904254,    0.007072267429
          0,           0,         799,      -6.987560715,       -5.84757495,      -6.717724743,      -5.501009154,       -9.25465917,               0.5,    0.003901978945,      0.1371116766,                 0,                 0,                 0,    0.009171096158,    0.003901978945,      0.1371116766,                 0,       35.13900987,    0.007317481498
          0,           0,         800,      -7.016559196,      -5.845996238,       -6.78028165,      -5.524882027,       -9.25345446,               0.5,    0.003918058941,      0.1373132527,                 0,                 0,                 0,    0.009237984854,    0.003918058941,      0.1373132527,                 0,       35.04624477,    0.007317481498
          0,           0,         801,      -6.955898005,      -5.850852175,      -6.783938209,      -5.473305533,      -9.252252896,               0.5,    0.003923222803,      0.1375138435,                 0,                 0,                 0,    0.009299887367,    0.003923222803,      0.1375138435,                 0,       35.05124496,    0.007072267429
          0,           0,         802,      -6.968386549,      -5.846250338,      -6.787114723,      -5.485230845,      -9.251055088,               0.5,    0.003925619046,      0.1377547449,                 0,                 0,                 0,    0.009388046944,    0.003925619046,      0.1377547449,                 0,       35.09121576,    0.007878757782
          0,           0,         803,      -6.914315825,      -5.840857511,      -6.776326396,      -5.437659647,      -9.249864461,               0.5,    0.003920560915,      0.1379080353,                 0,                 0,                 0,    0.009407443606,    0.003920560915,      0.1379080353,                 0,       35.17558795,    0.007878757782
          0,           0,         804,      -6.900741738,      -5.851143053,      -6.763449092,      -5.425517968,       -9.24867587,               0.5,    0.003902946575,      0.1382036852,                 0,                 0,                 0,     0.00953035732,    0.003902946575,      0.1382036852,                 0,        35.4100889,    0.007878757782
          0,           0,         805,      -7.018881585,      -5.853957476,      -6.802861247,      -5.527538498,      -9.247491242,               0.5,     0.00391335873,        0.13840536,                 0,                 0,                 0,    0.009580738778,     0.00391335873,        0.13840536,                 0,       35.36740932,    0.007317481498
          0,           0,         806,      -6.936771852,      -5.841028737,      -6.771236604,      -5.457717878,      -9.246311248,               0.5,    0.003955918822,       0.138615353,                 0,                 0,                 0,    0.009635499165,    0.003955918822,       0.138615353,                 0,       35.03998924,    0.007072267429
          0,           0,         807,      -6.863467366,      -5.847371273,      -6.754947805,      -5.393051608,      -9.245135629,               0.5,    0.003925499413,      0.1388699997,                 0,                 0,                 0,     0.00972222213,    0.003925499413,      0.1388699997,                 0,       35.37639038,    0.007878757782
          0,           0,         808,      -6.993850812,      -5.852414169,      -6.748125152,      -5.507322964,      -9.243962476,               0.5,    0.003937305468,      0.1391030271,                 0,                 0,                 0,    0.009792013216,    0.003937305468,      0.1391030271,                 0,       35.32949837,    0.007878757782
          0,           0,         809,      -6.940893339,      -5.847265464,      -6.788868734,      -5.461979188,      -9.242795887,               0.5,    0.003920515089,      0.1393299292,                 0,                 0,                 0,    0.009856812541,    0.003920515089,      0.1393299292,                 0,        35.5386795,    0.007878757782
          0,           0,         810,      -6.867096451,      -5.852295867,      -6.771331104,      -5.396002621,       -9.24163338,               0.5,    0.003930887868,       0.139473024,                 0,                 0,                 0,    0.009859269984,    0.003930887868,       0.139473024,                 0,       35.48130312,    0.007072267429
          0,           0,         811,      -6.929096342,      -5.855737425,      -6.737313619,      -5.451535852,      -9.240474507,               0.5,    0.003924975115,      0.1397403034,                 0,                 0,                 0,    0.009955154422,    0.003924975115,      0.1397403034,                 0,       35.60285081,    0.007317481498
          0,           0,         812,      -6.968171485,      -5.855396638,      -6.770970311,      -5.485750425,      -9.239317865,               0.5,    0.003909622996,      0.1399179467,                 0,                 0,                 0,    0.009985264664,    0.003909622996,      0.1399179467,                 0,       35.78809182,    0.007317481498
          0,           0,         813,      -6.912444481,      -5.854835544,      -6.796350845,      -5.436740805,      -9.238167843,               0.5,    0.003947632529,      0.1400940836,                 0,                 0,                 0,      0.0100159597,    0.003947632529,      0.1400940836,                 0,       35.48812675,    0.007072267429
          0,           0,         814,      -6.937267128,      -5.853975445,      -6.832303536,      -5.459819154,      -9.237018989,               0.5,     0.00393114566,      0.1403308512,                 0,                 0,                 0,     0.01009399606,     0.00393114566,      0.1403308512,                 0,       35.69718941,    0.007878757782
          0,           0,         815,       -6.91524139,      -5.851337518,      -6.760153666,      -5.440193036,      -9.235874861,               0.5,    0.003913398637,      0.1404301227,                 0,                 0,                 0,     0.01007187933,    0.003913398637,      0.1404301227,                 0,       35.88444106,    0.007878757782
          0,           0,         816,      -6.891955298,      -5.860168179,      -6.783562615,      -5.418980068,      -9.234736146,               0.5,    0.003892068004,      0.1406609591,                 0,                 0,                 0,      0.0101511261,    0.003892068004,      0.1406609591,                 0,       36.14041661,    0.007878757782
          0,           0,         817,      -6.979692141,      -5.865362687,      -6.801125497,      -5.497231122,      -9.233597988,               0.5,    0.003895773637,      0.1407995447,                 0,                 0,                 0,     0.01016492041,    0.003895773637,      0.1407995447,                 0,        36.1416134,    0.007072267429
          0,           0,         818,       -6.98384769,      -5.856580608,      -6.801884438,      -5.500327112,      -9.232463102,               0.5,    0.003920011133,      0.1409394405,                 0,                 0,                 0,      0.0101835043,    0.003920011133,      0.1409394405,                 0,       35.95383679,    0.007072267429
          0,           0,         819,      -6.930167872,      -5.862669627,      -6.788548032,      -5.453878275,      -9.231333294,               0.5,    0.003909617876,      0.1410667617,                 0,                 0,                 0,     0.01019686526,    0.003909617876,      0.1410667617,                 0,       36.08198197,    0.007878757782
          0,           0,         820,      -6.998074016,      -5.866211787,      -6.762705659,      -5.513020355,      -9.230203211,               0.5,    0.003914136756,      0.1411935718,                 0,                 0,                 0,     0.01021453211,    0.003914136756,      0.1411935718,                 0,       36.07272322,    0.007072267429
          0,           0,         821,      -6.940906535,      -5.856980122,      -6.764442706,      -5.464398569,      -9.229078061,               0.5,    0.003893024535,      0.1413064107,                 0,                 0,                 0,     0.01022656191,    0.003893024535,      0.1413064107,                 0,       36.29733371,    0.007878757782
          0,           0,         822,      -6.855447167,      -5.864275131,      -6.766688811,      -5.387177716,      -9.227958105,               0.5,    0.003891425234,      0.1413433732,                 0,                 0,                 0,      0.0101872492,    0.003891425234,      0.1413433732,                 0,       36.32174968,    0.007317481498
          0,           0,         823,       -6.95864518,      -5.868645374,       -6.76019114,      -5.479939396,      -9.226840294,               0.5,    0.003870158904,      0.1414970832,                 0,                 0,                 0,      0.0102406174,    0.003870158904,      0.1414970832,                 0,       36.56105259,    0.007317481498
          0,           0,         824,      -6.997111668,      -5.871058015,      -6.782644542,      -5.512725745,       -9.22572502,               0.5,    0.003864893251,      0.1415419813,                 0,                 0,                 0,     0.01021843702,    0.003864893251,      0.1415419813,                 0,       36.62248142,    0.007072267429
          0,           0,         825,      -6.959691733,      -5.867842801,      -6.794519647,      -5.481272163,      -9.224614821,               0.5,    0.003890997099,       0.141560812,                 0,                 0,                 0,     0.01018279065,    0.003890997099,       0.141560812,                 0,       36.38162876,    0.007072267429
          0,           0,         826,      -6.932800841,      -5.867810013,      -6.773380178,      -5.458187736,       -9.22350641,               0.5,    0.003883814789,      0.1416394472,                 0,                 0,                 0,     0.01019800785,    0.003883814789,      0.1416394472,                 0,       36.46915596,    0.007878757782
          0,           0,         827,      -6.943543115,      -5.866255241,      -6.770867459,      -5.468194818,      -9.222401436,               0.5,    0.003872283023,      0.1416422433,                 0,                 0,                 0,     0.01016294399,    0.003872283023,      0.1416422433,                 0,       36.57848419,    0.007878757782
          0,           0,         828,      -6.932493393,      -5.873087015,      -6.801508247,      -5.457075172,      -9.221300228,               0.5,    0.003860892175,      0.1416927533,                 0,                 0,                 0,     0.01016994471,    0.003860892175,      0.1416927533,                 0,        36.6994847,    0.007878757782
          0,           0,         829,      -7.017206049,      -5.877387323,      -6.842936812,      -5.531033737,      -9.220200462,               0.5,     0.00385936769,      0.1416573946,                 0,                 0,                 0,     0.01011943682,     0.00385936769,      0.1416573946,                 0,       36.70481953,    0.007317481498
          0,           0,         830,      -6.914719906,      -5.864875397,      -6.801514773,      -5.441857226,      -9.219105036,               0.5,    0.003888828559,      0.1416529876,                 0,                 0,                 0,     0.01009871759,    0.003888828559,      0.1416529876,                 0,       36.42561905,    0.007072267429
          0,           0,         831,      -6.866646023,      -5.871433172,      -6.771056819,      -5.398609707,      -9.218010853,               0.5,    0.003843568315,       0.141640654,                 0,                 0,                 0,     0.01007876874,    0.003843568315,       0.141640654,                 0,       36.85134291,    0.007072267429
          0,           0,         832,      -6.967808177,      -5.877342883,      -6.775430783,      -5.490283648,      -9.216919841,               0.5,     0.00386717445,       0.141553765,                 0,                 0,                 0,     0.01000980433,     0.00386717445,       0.141553765,                 0,       36.60392537,    0.007317481498
          0,           0,         833,      -6.976965285,      -5.875334756,      -6.785781264,      -5.497474526,      -9.215831716,               0.5,     0.00387238521,      0.1415530468,                 0,                 0,                 0,      0.0100119052,     0.00387238521,      0.1415530468,                 0,       36.55448494,    0.007878757782
          0,           0,         834,      -6.962496719,      -5.884586847,      -6.829509562,      -5.484991951,      -9.214745938,               0.5,    0.003857976693,      0.1414592408,                 0,                 0,                 0,    0.009951102778,    0.003857976693,      0.1414592408,                 0,        36.6666914,    0.007878757782
          0,           0,         835,        -7.0035117,      -5.878351391,      -6.815873617,      -5.521151368,        -9.2136641,               0.5,    0.003867934625,      0.1413616638,                 0,                 0,                 0,    0.009894091747,    0.003867934625,      0.1413616638,                 0,       36.54706645,    0.007072267429
          0,           0,         836,      -6.924891572,      -5.871072543,       -6.78367696,       -5.45180859,      -9.212586128,               0.5,    0.003826326955,      0.1412840849,                 0,                 0,                 0,    0.009858365555,    0.003826326955,      0.1412840849,                 0,       36.92420605,    0.007072267429
          0,           0,         837,      -6.930968199,      -5.879735472,      -6.803911948,      -5.456619222,      -9.211508433,               0.5,     0.00386358933,      0.1411772047,                 0,                 0,                 0,    0.009807086201,     0.00386358933,      0.1411772047,                 0,       36.54042721,    0.007072267429
          0,           0,         838,      -6.997799419,      -5.879960335,      -6.825601273,      -5.516592525,      -9.210436051,               0.5,    0.003840471976,      0.1410717635,                 0,                 0,                 0,    0.009762977325,    0.003840471976,      0.1410717635,                 0,       36.73292355,    0.007878757782
          0,           0,         839,      -6.935770907,      -5.876363619,      -6.825852858,      -5.461610067,      -9.209365489,               0.5,      0.0038578591,      0.1409000493,                 0,                 0,                 0,    0.009675253757,      0.0038578591,      0.1409000493,                 0,       36.52286039,    0.007878757782
          0,           0,         840,       -6.95435237,      -5.885606554,      -6.824672316,      -5.478409484,      -9.208297594,               0.5,    0.003841593679,      0.1408130299,                 0,                 0,                 0,    0.009656539543,    0.003841593679,      0.1408130299,                 0,       36.65484734,    0.007878757782
          0,           0,         841,      -7.058917798,      -5.891266178,      -6.844043004,       -5.56838222,       -9.20723401,               0.5,    0.003854211258,      0.1406595754,                 0,                 0,                 0,     0.00959359539,    0.003854211258,      0.1406595754,                 0,       36.49503517,    0.007878757782
          0,           0,         842,       -6.90814228,      -5.871680648,      -6.805472203,      -5.437586296,      -9.206173351,               0.5,    0.003852949223,      0.1404759305,                 0,                 0,                 0,    0.009513311597,    0.003852949223,      0.1404759305,                 0,       36.45932567,    0.007072267429
          0,           0,         843,      -6.851892452,      -5.882314506,      -6.789409556,      -5.386448633,      -9.205113284,               0.5,    0.003847992627,      0.1403710316,                 0,                 0,                 0,    0.009496627733,    0.003847992627,      0.1403710316,                 0,        36.4790282,    0.007072267429
          0,           0,         844,      -7.009568394,      -5.888621588,      -6.770644378,      -5.527738067,       -9.20405718,               0.5,    0.003850643071,      0.1401834509,                 0,                 0,                 0,    0.009422776803,    0.003850643071,      0.1401834509,                 0,       36.40520514,    0.007072267429
          0,           0,         845,      -6.949186446,      -5.879810816,      -6.825714267,      -5.474871974,      -9.203003476,               0.5,    0.003833060384,      0.1400382518,                 0,                 0,                 0,    0.009384666329,    0.003833060384,      0.1400382518,                 0,       36.53431925,    0.007878757782
          0,           0,         846,      -6.874609271,      -5.889455746,       -6.79825382,      -5.407058321,      -9.201953158,               0.5,    0.003867035564,      0.1398196204,                 0,                 0,                 0,    0.009295542573,    0.003867035564,      0.1398196204,                 0,       36.15679713,    0.007878757782
          0,           0,         847,      -7.008974459,       -5.89707404,      -6.749107273,      -5.527651815,      -9.200904579,               0.5,    0.003834453199,      0.1396945567,                 0,                 0,                 0,    0.009279829834,    0.003834453199,      0.1396945567,                 0,       36.43141525,    0.007878757782
          0,           0,         848,       -7.00426716,      -5.892563512,      -6.836107176,      -5.523733446,      -9.199857086,               0.5,    0.003850725695,      0.1395103918,                 0,                 0,                 0,    0.009222910565,    0.003850725695,      0.1395103918,                 0,       36.22963641,    0.007878757782
          0,           0,         849,      -6.899882706,      -5.887531322,      -6.827133294,      -5.430503953,       -9.19881202,               0.5,    0.003859768476,      0.1393040176,                 0,                 0,                 0,    0.009152159214,    0.003859768476,      0.1393040176,                 0,       36.09128849,    0.007072267429
          0,           0,         850,      -6.924679468,      -5.891941658,      -6.832432393,      -5.453508199,       -9.19776621,               0.5,    0.003863993209,      0.1391688748,                 0,                 0,                 0,     0.00913675343,    0.003863993209,      0.1391688748,                 0,       36.01685284,    0.007317481498
          0,           0,         851,      -6.955015463,      -5.891481138,      -6.800356987,      -5.480563512,      -9.196724387,               0.5,    0.003853188498,      0.1389152201,                 0,                 0,                 0,    0.009034590885,    0.003853188498,      0.1389152201,                 0,       36.05201773,    0.007878757782
          0,           0,         852,      -6.940504572,      -5.898580226,      -6.844926508,      -5.466890044,      -9.195683739,               0.5,    0.003846826526,       0.138769678,                 0,                 0,                 0,    0.009014628836,    0.003846826526,       0.138769678,                 0,       36.07380709,    0.007878757782
          0,           0,         853,      -7.057223959,      -5.903065071,      -6.877098082,      -5.569980879,      -9.194644912,               0.5,    0.003871307821,      0.1385913633,                 0,                 0,                 0,    0.008971118636,    0.003871307821,      0.1385913633,                 0,       35.79962371,    0.007878757782
          0,           0,         854,      -6.997638288,      -5.892647898,       -6.83418811,      -5.518525977,      -9.193610903,               0.5,    0.003874354685,      0.1383897507,                 0,                 0,                 0,     0.00891072491,    0.003874354685,      0.1383897507,                 0,        35.7194325,    0.007072267429
          0,           0,         855,      -6.946677595,      -5.901621506,        -6.8333393,      -5.473715366,      -9.192577938,               0.5,    0.003856903957,      0.1382143475,                 0,                 0,                 0,    0.008869948903,    0.003856903957,      0.1382143475,                 0,        35.8355689,    0.007072267429
          0,           0,         856,      -7.012260493,      -5.908668973,      -6.803592016,       -5.53173859,       -9.19154648,               0.5,    0.003867967321,      0.1380699694,                 0,                 0,                 0,      0.0088520025,    0.003867967321,      0.1380699694,                 0,       35.69574351,    0.007072267429
          0,           0,         857,      -6.979922266,      -5.896733475,      -6.818360723,      -5.504177321,       -9.19051831,               0.5,    0.003852822236,      0.1379104446,                 0,                 0,                 0,    0.008821843578,    0.003852822236,      0.1379104446,                 0,       35.79465548,    0.007878757782
          0,           0,         858,      -6.891606309,      -5.901878801,      -6.832926439,       -5.42378531,      -9.189492776,               0.5,    0.003881358452,      0.1376974609,                 0,                 0,                 0,    0.008750576477,    0.003881358452,      0.1376974609,                 0,       35.47661537,    0.007878757782
          0,           0,         859,      -7.003598153,      -5.910669768,      -6.772612322,      -5.524786606,      -9.188469836,               0.5,    0.003854668001,      0.1376060198,                 0,                 0,                 0,    0.008768494411,    0.003854668001,      0.1376060198,                 0,          35.69854,    0.007878757782
          0,           0,         860,      -7.010592354,      -5.906878231,      -6.822939029,      -5.531092409,      -9.187449807,               0.5,    0.003868030957,      0.1374371493,                 0,                 0,                 0,    0.008726403525,    0.003868030957,      0.1374371493,                 0,       35.53155361,    0.007878757782
          0,           0,         861,      -6.926530026,      -5.908072481,      -6.807763403,      -5.456256848,      -9.186433557,               0.5,    0.003860201044,      0.1372948075,                 0,                 0,                 0,    0.008701768087,    0.003860201044,      0.1372948075,                 0,       35.56675052,    0.007072267429
          0,           0,         862,      -6.963505008,      -5.905972539,      -6.840418172,      -5.490373151,      -9.185418817,               0.5,    0.003863493871,      0.1371984297,                 0,                 0,                 0,    0.008708543618,    0.003863493871,      0.1371984297,                 0,        35.5114915,    0.007878757782
          0,           0,         863,      -6.926602745,      -5.901547428,      -6.825792779,      -5.456681488,      -9.184405306,               0.5,    0.003875405827,      0.1370231512,                 0,                 0,                 0,    0.008653183278,    0.003875405827,      0.1370231512,                 0,       35.35711027,    0.007317481498
          0,           0,         864,       -6.93581489,      -5.910215632,      -6.815006753,      -5.464825995,      -9.183396185,               0.5,    0.003875413035,      0.1369482055,                 0,                 0,                 0,    0.008669228775,    0.003875413035,      0.1369482055,                 0,       35.33770574,    0.007878757782
          0,           0,         865,      -7.024101501,      -5.914595963,      -6.861414222,      -5.544002537,      -9.182386912,               0.5,    0.003872249789,       0.136843449,                 0,                 0,                 0,    0.008659171557,    0.003872249789,       0.136843449,                 0,       35.33952003,    0.007317481498
          0,           0,         866,      -6.952840921,      -5.900356292,      -6.804818377,      -5.480571228,      -9.181380721,               0.5,    0.003907683827,      0.1367262779,                 0,                 0,                 0,    0.008635566807,    0.003907683827,      0.1367262779,                 0,       34.98908406,    0.007072267429
          0,           0,         867,      -6.881371759,      -5.905499731,      -6.848377476,      -5.415890215,      -9.180378283,               0.5,    0.003868757661,       0.136666081,                 0,                 0,                 0,    0.008650125131,    0.003868757661,       0.136666081,                 0,       35.32557295,    0.007072267429
          0,           0,         868,       -6.94305124,      -5.912189875,      -6.808646906,      -5.472970115,      -9.179377182,               0.5,    0.003882393191,      0.1365801125,                 0,                 0,                 0,      0.0086406489,    0.003882393191,      0.1365801125,                 0,       35.17936122,    0.007072267429
          0,           0,         869,      -6.966450203,      -5.911266718,      -6.841560763,       -5.49303735,      -9.178379186,               0.5,    0.003870863965,      0.1365450289,                 0,                 0,                 0,    0.008664240269,    0.003870863965,      0.1365450289,                 0,       35.27507816,    0.007878757782
          0,           0,         870,       -6.99787591,      -5.920331887,       -6.87063802,      -5.521210367,      -9.177384285,               0.5,    0.003878751324,      0.1364909105,                 0,                 0,                 0,    0.008668447328,    0.003878751324,      0.1364909105,                 0,       35.18939449,    0.007878757782
          0,           0,         871,      -6.997019328,      -5.912634082,      -6.865652507,      -5.520994295,      -9.176391332,               0.5,    0.003893182638,      0.1364570015,                 0,                 0,                 0,    0.008682418462,    0.003893182638,      0.1364570015,                 0,       35.05024403,    0.007878757782
          0,           0,         872,      -6.954784492,      -5.911409223,      -6.801398608,      -5.482972596,       -9.17540195,               0.5,    0.003861265428,      0.1364318386,                 0,                 0,                 0,    0.008697366621,    0.003861265428,      0.1364318386,                 0,        35.3334525,    0.007317481498
          0,           0,         873,      -6.947713833,      -5.921174515,      -6.795710187,      -5.477753607,      -9.174415079,               0.5,    0.003857077776,      0.1363883408,                 0,                 0,                 0,     0.00869299203,    0.003857077776,      0.1363883408,                 0,       35.36053683,    0.007317481498
          0,           0,         874,      -7.012858067,      -5.920558545,      -6.836813101,      -5.535879259,      -9.173429202,               0.5,    0.003861618287,      0.1364374785,                 0,                 0,                 0,    0.008752156991,    0.003861618287,      0.1364374785,                 0,       35.33168436,    0.007317481498
          0,           0,         875,      -6.988464523,      -5.917132668,      -6.881416713,      -5.513339634,      -9.172445888,               0.5,    0.003891399917,      0.1364235523,                 0,                 0,                 0,    0.008758313235,    0.003891399917,      0.1364235523,                 0,       35.05770551,    0.007878757782
          0,           0,         876,      -6.963028315,      -5.918316205,      -6.870595388,      -5.491036543,      -9.171465328,               0.5,    0.003893180934,      0.1364116731,                 0,                 0,                 0,    0.008760340024,    0.003893180934,      0.1364116731,                 0,       35.03861635,    0.007072267429
          0,           0,         877,      -6.924561366,      -5.908712001,      -6.792511417,      -5.457451057,      -9.170486407,               0.5,    0.003863321342,      0.1364492889,                 0,                 0,                 0,    0.008793392944,    0.003863321342,      0.1364492889,                 0,       35.31916629,    0.007878757782
          0,           0,         878,      -6.934829231,      -5.917665261,      -6.764770749,      -5.464600033,       -9.16951025,               0.5,    0.003874641467,      0.1364852823,                 0,                 0,                 0,    0.008819577486,    0.003874641467,      0.1364852823,                 0,       35.22526754,    0.007072267429
          0,           0,         879,      -6.968185197,      -5.925106088,      -6.863487808,      -5.496546898,       -9.16853584,               0.5,    0.003856073985,      0.1365928054,                 0,                 0,                 0,     0.00889345122,    0.003856073985,      0.1365928054,                 0,       35.42276574,    0.007317481498
          0,           0,         880,      -6.938717288,      -5.917919816,      -6.869321934,      -5.471326951,       -9.16756395,               0.5,    0.003855793073,      0.1366405086,                 0,                 0,                 0,    0.008916941648,    0.003855793073,      0.1366405086,                 0,       35.43771825,    0.007072267429
          0,           0,         881,      -6.915804019,      -5.925199875,      -6.835649982,      -5.448078887,      -9.166594543,               0.5,     0.00385784134,      0.1367484846,                 0,                 0,                 0,    0.008979880624,     0.00385784134,      0.1367484846,                 0,       35.44689183,    0.007878757782
          0,           0,         882,      -6.966586954,      -5.924628696,      -6.888139062,      -5.495384821,      -9.165627248,               0.5,    0.003866789848,      0.1367931399,                 0,                 0,                 0,    0.008990198004,    0.003866789848,      0.1367931399,                 0,       35.37640918,    0.007878757782
          0,           0,         883,      -6.983345639,      -5.923032521,      -6.712474159,      -5.509556991,      -9.164662506,               0.5,    0.003867381523,      0.1368925287,                 0,                 0,                 0,    0.009036200553,    0.003867381523,      0.1368925287,                 0,       35.39669615,    0.007878757782
          0,           0,         884,      -6.943369135,      -5.933520035,      -6.866900957,      -5.474053816,      -9.163700516,               0.5,    0.003868267742,      0.1369803485,                 0,                 0,                 0,    0.009068558615,    0.003868267742,      0.1369803485,                 0,       35.41128941,    0.007072267429
          0,           0,         885,       -6.94720537,      -5.917579542,      -6.837701347,      -5.478474771,      -9.162741888,               0.5,       0.003830009,      0.1371190821,                 0,                 0,                 0,    0.009134131109,       0.003830009,      0.1371190821,                 0,       35.80124278,    0.007317481498
          0,           0,         886,      -6.865904834,      -5.924781086,       -6.81126011,      -5.402519016,      -9.161786862,               0.5,    0.003843967745,      0.1372082497,                 0,                 0,                 0,    0.009158100242,    0.003843967745,      0.1372082497,                 0,       35.69443315,    0.007317481498
          0,           0,         887,      -6.957214133,      -5.934702636,      -6.847228493,      -5.486786427,      -9.160833184,               0.5,    0.003839950815,      0.1373524244,                 0,                 0,                 0,    0.009218925912,    0.003839950815,      0.1373524244,                 0,       35.76931867,    0.007878757782
          0,           0,         888,      -7.056787459,      -5.931825954,      -6.820865453,      -5.576870831,      -9.159881967,               0.5,    0.003851173968,      0.1374670158,                 0,                 0,                 0,    0.009253682699,    0.003851173968,      0.1374670158,                 0,       35.69483407,    0.007878757782
          0,           0,         889,       -6.92684466,      -5.923636413,      -6.865608311,      -5.459792361,      -9.158933174,               0.5,     0.00385316284,      0.1375833486,                 0,                 0,                 0,    0.009286110551,     0.00385316284,      0.1375833486,                 0,       35.70660114,    0.007072267429
          0,           0,         890,      -6.885408321,      -5.923627668,      -6.834625013,      -5.422375377,       -9.15798529,               0.5,    0.003851006437,      0.1377275755,                 0,                 0,                 0,    0.009335977083,    0.003851006437,      0.1377275755,                 0,       35.76404707,    0.007878757782
          0,           0,         891,      -6.940396309,      -5.927947491,      -6.765513222,      -5.472559696,      -9.157041305,               0.5,    0.003835435537,      0.1378488803,                 0,                 0,                 0,    0.009365771567,    0.003835435537,      0.1378488803,                 0,       35.94086746,    0.007072267429
          0,           0,         892,       -6.90160123,      -5.938856439,      -6.818109518,      -5.436340718,      -9.156099774,               0.5,    0.003831223743,      0.1380658394,                 0,                 0,                 0,    0.009464313974,    0.003831223743,      0.1380658394,                 0,       36.03700768,    0.007317481498
          0,           0,         893,        -7.0250467,      -5.940874409,      -6.910452739,      -5.548676263,      -9.155160881,               0.5,        0.00385598,        0.13818702,                 0,                 0,                 0,    0.009489014173,        0.00385598,        0.13818702,                 0,       35.83706866,    0.007317481498
          0,           0,         894,      -6.980069544,      -5.931914929,       -6.80895953,      -5.508106474,      -9.154226011,               0.5,    0.003862327431,      0.1383252026,                 0,                 0,                 0,    0.009524543926,    0.003862327431,      0.1383252026,                 0,       35.81395029,    0.007072267429
          0,           0,         895,      -6.913200809,      -5.938027269,      -6.839439717,      -5.447401809,      -9.153292252,               0.5,    0.003825353907,      0.1384954526,                 0,                 0,                 0,    0.009582435096,    0.003825353907,      0.1384954526,                 0,       36.20461165,    0.007878757782
          0,           0,         896,      -6.928046614,      -5.937191995,      -6.807133106,       -5.46240804,       -9.15236092,               0.5,    0.003840396702,      0.1385814643,                 0,                 0,                 0,    0.009576180356,    0.003840396702,      0.1385814643,                 0,       36.08519512,    0.007878757782
          0,           0,         897,      -6.910923233,      -5.929799925,      -6.808746795,      -5.444876757,      -9.151433187,               0.5,    0.003809382607,       0.138763917,                 0,                 0,                 0,     0.00964130397,    0.003809382607,       0.138763917,                 0,        36.4268784,    0.007878757782
          0,           0,         898,      -6.947562707,      -5.947712016,       -6.85562396,      -5.479198106,      -9.150505566,               0.5,    0.003842354973,       0.138919405,                 0,                 0,                 0,    0.009685855285,    0.003842354973,       0.138919405,                 0,       36.15475561,    0.007317481498
          0,           0,         899,      -7.046488885,      -5.939649639,      -6.854971891,      -5.568714059,      -9.149581106,               0.5,    0.003863609967,      0.1390527625,                 0,                 0,                 0,    0.009713892673,    0.003863609967,      0.1390527625,                 0,       35.99037266,    0.007072267429
          0,           0,         900,      -6.976629864,      -5.937513295,      -6.856711176,      -5.505952781,      -9.148660059,               0.5,    0.003861691404,      0.1391555806,                 0,                 0,                 0,    0.009719461981,    0.003861691404,      0.1391555806,                 0,       36.03487851,    0.007072267429
          0,           0,         901,      -6.957079469,       -5.94513584,      -6.883205249,      -5.488545924,      -9.147739329,               0.5,    0.003859497041,      0.1393189016,                 0,                 0,                 0,    0.009771035251,    0.003859497041,      0.1393189016,                 0,       36.09768321,    0.007878757782
          0,           0,         902,      -6.989971157,      -5.943185822,      -6.792658197,        -5.5192682,      -9.146822175,               0.5,    0.003853657423,      0.1394316533,                 0,                 0,                 0,    0.009785839158,    0.003853657423,      0.1394316533,                 0,         36.181642,    0.007878757782
          0,           0,         903,      -6.908772935,      -5.945405348,      -6.836283828,      -5.444107806,      -9.145908717,               0.5,    0.003829833947,       0.139583289,                 0,                 0,                 0,    0.009831243754,    0.003829833947,       0.139583289,                 0,       36.44630314,    0.007317481498
          0,           0,         904,      -6.944825662,      -5.951059367,      -6.885358807,      -5.477575828,      -9.144996098,               0.5,    0.003875367865,      0.1397376105,                 0,                 0,                 0,    0.009880425985,    0.003875367865,      0.1397376105,                 0,       36.05789575,    0.007072267429
          0,           0,         905,      -6.981256359,      -5.940288853,      -6.820076309,      -5.510698054,      -9.144086232,               0.5,    0.003859398299,      0.1398341097,                 0,                 0,                 0,    0.009888548547,    0.003859398299,      0.1398341097,                 0,       36.23210118,    0.007072267429
          0,           0,         906,      -6.953256289,       -5.95081314,       -6.86181552,      -5.485061379,      -9.143178586,               0.5,    0.003840623941,      0.1399575037,                 0,                 0,                 0,    0.009919107856,    0.003840623941,      0.1399575037,                 0,       36.44134542,    0.007878757782
          0,           0,         907,       -6.98870799,      -5.953142203,      -6.865648877,      -5.519583847,      -9.142271688,               0.5,    0.003846239865,      0.1400084574,                 0,                 0,                 0,    0.009898285592,    0.003846239865,      0.1400084574,                 0,       36.40138481,    0.007878757782
          0,           0,         908,      -6.958644716,      -5.948952553,      -6.811782651,      -5.490193591,      -9.141367792,               0.5,    0.003836571736,      0.1401301417,                 0,                 0,                 0,    0.009933338153,    0.003836571736,      0.1401301417,                 0,       36.52483293,    0.007878757782
          0,           0,         909,      -6.956753228,      -5.955393171,      -6.867839766,      -5.488880741,      -9.140465724,               0.5,    0.003846251053,      0.1401948854,                 0,                 0,                 0,    0.009929176112,    0.003846251053,      0.1401948854,                 0,       36.44974898,    0.007072267429
          0,           0,         910,      -6.951428005,      -5.942105334,      -6.880154163,      -5.484753443,      -9.139565715,               0.5,    0.003883692963,       0.140292053,                 0,                 0,                 0,    0.009952722507,    0.003883692963,       0.140292053,                 0,       36.12336359,    0.007072267429
          0,           0,         911,      -6.962096251,      -5.952357253,       -6.81766574,      -5.493890235,       -9.13866925,               0.5,    0.003848581439,      0.1403374202,                 0,                 0,                 0,    0.009941252712,    0.003848581439,      0.1403374202,                 0,       36.46471366,    0.007072267429
          0,           0,         912,      -7.003668266,      -5.960342602,      -6.854186592,      -5.532268771,      -9.137774849,               0.5,    0.003867116051,      0.1403899784,                 0,                 0,                 0,    0.009939107656,    0.003867116051,      0.1403899784,                 0,       36.30353383,    0.007072267429
          0,           0,         913,        -6.9922053,      -5.951703005,      -6.731642825,      -5.521778192,      -9.136882045,               0.5,    0.003875983714,      0.1404924333,                 0,                 0,                 0,     0.00997823934,    0.003875983714,      0.1404924333,                 0,       36.24691012,    0.007878757782
          0,           0,         914,      -6.938958558,      -5.962908165,      -6.848152899,      -5.473362477,      -9.135991132,               0.5,    0.003853129081,      0.1404927704,                 0,                 0,                 0,    0.009945297241,    0.003853129081,      0.1404927704,                 0,       36.46199424,    0.007878757782
          0,           0,         915,       -6.97387049,      -5.956228809,      -6.864498462,      -5.506413113,      -9.135102089,               0.5,    0.003880923196,      0.1405008778,                 0,                 0,                 0,    0.009922574905,    0.003880923196,      0.1405008778,                 0,       36.20295242,    0.007878757782
          0,           0,         916,      -6.932112384,      -5.949250508,      -6.802324399,      -5.467248751,      -9.134215132,               0.5,    0.003841904876,      0.1405519558,                 0,                 0,                 0,    0.009936376285,    0.003841904876,      0.1405519558,                 0,       36.58392396,    0.007072267429
          0,           0,         917,      -6.913747051,      -5.954647814,       -6.82455269,      -5.449034551,      -9.133329874,               0.5,    0.003879856367,      0.1405891842,                 0,                 0,                 0,    0.009944296797,    0.003879856367,      0.1405891842,                 0,       36.23566722,    0.007072267429
          0,           0,         918,      -6.972508114,      -5.953492346,      -6.844527221,      -5.504312559,      -9.132445933,               0.5,    0.003852424138,       0.140587105,                 0,                 0,                 0,     0.00992741083,    0.003852424138,       0.140587105,                 0,       36.49315341,    0.007878757782
          0,           0,         919,      -6.950319078,      -5.953730606,      -6.834383774,      -5.483514148,      -9.131563432,               0.5,    0.003869106272,      0.1405240586,                 0,                 0,                 0,    0.009869524385,    0.003869106272,      0.1405240586,                 0,       36.31951378,    0.007878757782
          0,           0,         920,      -6.945985786,      -5.959759144,      -6.880716284,      -5.480048586,      -9.130683601,               0.5,    0.003865297517,      0.1405653862,                 0,                 0,                 0,    0.009894222619,    0.003865297517,      0.1405653862,                 0,       36.36599398,    0.007878757782
          0,           0,         921,      -7.046428257,      -5.966560694,      -6.880576504,      -5.572043114,       -9.12980602,               0.5,     0.00387849561,      0.1405184732,                 0,                 0,                 0,    0.009857560448,     0.00387849561,      0.1405184732,                 0,       36.23014884,    0.007878757782
          0,           0,         922,      -6.956472805,      -5.950940096,      -6.867070956,      -5.490168809,      -9.128930636,               0.5,    0.003872485249,      0.1404655723,                 0,                 0,                 0,    0.009820948285,    0.003872485249,      0.1404655723,                 0,       36.27271979,    0.007072267429
          0,           0,         923,      -6.918784628,       -5.96493066,      -6.850612961,      -5.454831052,      -9.128056526,               0.5,    0.003881286767,      0.1404545828,                 0,                 0,                 0,     0.00981998975,    0.003881286767,      0.1404545828,                 0,       36.18763344,    0.007072267429
          0,           0,         924,      -7.045829114,        -5.9704892,      -6.802922137,      -5.572042339,      -9.127183942,               0.5,    0.003872621005,      0.1403922822,                 0,                 0,                 0,    0.009785103146,    0.003872621005,      0.1403922822,                 0,       36.25252305,    0.007072267429
          0,           0,         925,      -6.966976679,      -5.956330071,       -6.83936764,      -5.500505754,      -9.126313007,               0.5,    0.003858372432,      0.1403367359,                 0,                 0,                 0,    0.009759379419,    0.003858372432,      0.1403367359,                 0,       36.37200358,    0.007878757782
          0,           0,         926,      -6.910092259,       -5.96593014,      -6.843930039,      -5.446948075,      -9.125443561,               0.5,    0.003892774396,      0.1402497516,                 0,                 0,                 0,    0.009714311159,    0.003892774396,      0.1402497516,                 0,       36.02822494,    0.007878757782
          0,           0,         927,      -7.007341401,      -5.971121233,      -6.805810065,      -5.537888329,      -9.124576226,               0.5,    0.003866517631,      0.1401957186,                 0,                 0,                 0,     0.00969781933,    0.003866517631,      0.1401957186,                 0,       36.25891098,    0.007878757782
          0,           0,         928,      -6.981767546,      -5.966672314,      -6.853747236,      -5.514275738,      -9.123711194,               0.5,    0.003865724953,       0.140119695,                 0,                 0,                 0,    0.009668640704,    0.003865724953,       0.140119695,                 0,       36.24667991,    0.007072267429
          0,           0,         929,      -6.963353348,      -5.979567634,      -6.861740644,      -5.496814901,      -9.122847656,               0.5,    0.003866808902,      0.1400569011,                 0,                 0,                 0,    0.009652907648,    0.003866808902,      0.1400569011,                 0,       36.22027998,    0.007072267429
          0,           0,         930,      -7.099962703,       -5.98050268,       -6.84736853,      -5.620900298,      -9.121983995,               0.5,    0.003869941732,      0.1399492054,                 0,                 0,                 0,    0.009606954089,    0.003869941732,      0.1399492054,                 0,       36.16312986,    0.007072267429
          0,           0,         931,      -7.039630293,      -5.971805612,      -6.883199303,      -5.566908085,      -9.121122785,               0.5,    0.003872185189,      0.1398544431,                 0,                 0,                 0,    0.009573790957,    0.003872185189,      0.1398544431,                 0,       36.11770519,    0.007878757782
          0,           0,         932,      -6.991177755,      -5.979530324,      -6.898229829,       -5.52272814,      -9.120262043,               0.5,    0.003890311941,      0.1397304495,                 0,                 0,                 0,    0.009521769564,    0.003890311941,      0.1397304495,                 0,       35.91754379,    0.007878757782
          0,           0,         933,      -7.037175178,       -5.97560705,      -6.883180123,      -5.565391151,      -9.119403775,               0.5,    0.003886607413,      0.1396346099,                 0,                 0,                 0,    0.009493501424,    0.003886607413,      0.1396346099,                 0,       35.92711975,    0.007072267429
          0,           0,         934,      -6.982808777,      -5.973961218,      -6.832514297,      -5.515278694,      -9.118548186,               0.5,    0.003872105181,       0.139513927,                 0,                 0,                 0,    0.009449031637,    0.003872105181,       0.139513927,                 0,       36.03051067,    0.007072267429
          0,           0,         935,      -6.970065433,      -5.977167764,      -6.876888523,      -5.504037458,      -9.117693165,               0.5,    0.003861495372,      0.1394436976,                 0,                 0,                 0,    0.009444461505,    0.003861495372,      0.1394436976,                 0,       36.11132066,    0.007317481498
          0,           0,         936,      -6.977345676,      -5.975585683,      -6.839175964,      -5.511146145,      -9.116839829,               0.5,    0.003882223376,      0.1392671517,                 0,                 0,                 0,    0.009362332866,    0.003882223376,      0.1392671517,                 0,        35.8730393,    0.007072267429
          0,           0,         937,      -6.975631631,      -5.971284341,      -6.844419975,      -5.508644347,      -9.115989425,               0.5,    0.003867652195,      0.1392012815,                 0,                 0,                 0,    0.009364531058,    0.003867652195,      0.1392012815,                 0,       35.99115808,    0.007878757782
          0,           0,         938,      -6.987988487,      -5.985419767,      -6.893103821,      -5.520513544,       -9.11514006,               0.5,    0.003868244083,      0.1390716476,                 0,                 0,                 0,    0.009320504233,    0.003868244083,      0.1390716476,                 0,       35.95213864,    0.007878757782
          0,           0,         939,      -7.035745649,      -5.970780366,      -6.897028444,      -5.565083063,      -9.114293094,               0.5,    0.003889511319,      0.1389583021,                 0,                 0,                 0,    0.009289726001,    0.003889511319,      0.1389583021,                 0,       35.72641669,    0.007633543714
          0,           0,         940,      -6.944141205,      -5.967480004,      -6.831431613,      -5.480051493,      -9.113448902,               0.5,    0.003860831695,      0.1388163439,                 0,                 0,                 0,    0.009238294684,    0.003860831695,      0.1388163439,                 0,       35.95503633,    0.007878757782
          0,           0,         941,      -6.931280685,      -5.976733384,      -6.827143022,      -5.467679152,      -9.112605472,               0.5,    0.003872934198,      0.1387237405,                 0,                 0,                 0,    0.009224387823,    0.003872934198,      0.1387237405,                 0,       35.81877031,    0.007072267429
          0,           0,         942,      -6.966461988,      -5.972674965,      -6.849009032,      -5.501547345,      -9.111764195,               0.5,    0.003843264655,      0.1386236294,                 0,                 0,                 0,     0.00920505192,    0.003843264655,      0.1386236294,                 0,       36.06923849,    0.007317481498
          0,           0,         943,      -6.915001212,      -5.972290111,      -6.839122388,      -5.452982634,      -9.110924594,               0.5,     0.00385977329,      0.1384786205,                 0,                 0,                 0,    0.009152113834,     0.00385977329,      0.1384786205,                 0,       35.87739747,    0.007878757782
          0,           0,         944,      -6.937816673,      -5.984458262,      -6.847588032,      -5.474512545,      -9.110087093,               0.5,    0.003836547202,        0.13838172,                 0,                 0,                 0,    0.009134910403,    0.003836547202,        0.13838172,                 0,       36.06933859,    0.007878757782
          0,           0,         945,      -7.071055279,      -5.988740533,      -6.887307139,      -5.597264113,      -9.109250744,               0.5,    0.003854451155,        0.13827236,                 0,                 0,                 0,    0.009107829046,    0.003854451155,        0.13827236,                 0,       35.87342384,    0.007878757782
          0,           0,         946,       -6.99887641,      -5.982379023,      -6.893187777,      -5.531286303,        -9.1084171,               0.5,    0.003843965439,      0.1381651627,                 0,                 0,                 0,    0.009081562755,    0.003843965439,      0.1381651627,                 0,       35.94339358,    0.007072267429
          0,           0,         947,      -6.948530296,      -5.991103234,      -6.855395613,      -5.484944015,      -9.107585537,               0.5,     0.00384303387,      0.1380572362,                 0,                 0,                 0,    0.009053715625,     0.00384303387,      0.1380572362,                 0,       35.92402275,    0.007072267429
          0,           0,         948,      -6.988456324,      -5.986017711,      -6.853957943,       -5.52231302,      -9.106754252,               0.5,    0.003825821994,      0.1380055542,                 0,                 0,                 0,    0.009066602718,    0.003825821994,      0.1380055542,                 0,       36.07213154,    0.007317481498
          0,           0,         949,      -6.944477394,      -5.974847479,      -6.903489991,      -5.481285107,      -9.105924146,               0.5,    0.003857496818,      0.1378755948,                 0,                 0,                 0,    0.009019381461,    0.003857496818,      0.1378755948,                 0,       35.74224461,    0.007878757782
          0,           0,         950,      -6.937996012,      -5.990489029,      -6.857702486,      -5.474700507,      -9.105095658,               0.5,    0.003824006649,      0.1378064168,                 0,                 0,                 0,    0.009015901015,    0.003824006649,      0.1378064168,                 0,       36.03718024,    0.007878757782
          0,           0,         951,      -7.069753202,      -5.995730812,        -6.9225973,      -5.596784354,      -9.104266262,               0.5,    0.003842465383,      0.1377297738,                 0,                 0,                 0,    0.009004880545,    0.003842465383,      0.1377297738,                 0,       35.84411571,    0.007878757782
          0,           0,         952,      -6.990558571,      -5.978306607,      -6.880307009,      -5.524550803,      -9.103439232,               0.5,    0.003847482306,      0.1376373075,                 0,                 0,                 0,    0.008979892855,    0.003847482306,      0.1376373075,                 0,       35.77334386,    0.007072267429
          0,           0,         953,      -6.934175506,      -5.990023891,       -6.86564334,      -5.471954494,      -9.102613661,               0.5,    0.003826806065,      0.1375924885,                 0,                 0,                 0,     0.00898812518,    0.003826806065,      0.1375924885,                 0,       35.95491545,    0.007072267429
          0,           0,         954,      -7.002804456,      -5.992325188,      -6.851443386,      -5.536089996,      -9.101789939,               0.5,    0.003836074796,      0.1375353621,                 0,                 0,                 0,    0.008984667286,    0.003836074796,      0.1375353621,                 0,       35.85314921,    0.007072267429
          0,           0,         955,      -6.959607733,      -5.972636936,      -6.898034041,      -5.496596495,      -9.100967862,               0.5,    0.003821440228,      0.1375027619,                 0,                 0,                 0,      0.0089967308,    0.003821440228,      0.1375027619,                 0,        35.9819214,    0.007878757782
          0,           0,         956,       -6.90245719,      -5.992579738,      -6.867941848,      -5.442019345,      -9.100146516,               0.5,     0.00382523771,      0.1373956968,                 0,                 0,                 0,    0.008950418244,     0.00382523771,      0.1373956968,                 0,       35.91821141,    0.007878757782
          0,           0,         957,      -7.014385421,      -5.999006572,       -6.85492533,      -5.547094151,       -9.09932675,               0.5,    0.003810942488,      0.1374069104,                 0,                 0,                 0,     0.00898951711,    0.003810942488,      0.1374069104,                 0,       36.05588664,    0.007878757782
          0,           0,         958,      -7.038817287,      -5.998180227,      -6.876698841,      -5.569729931,       -9.09850883,               0.5,    0.003819135454,       0.137343244,                 0,                 0,                 0,    0.008969572339,    0.003819135454,       0.137343244,                 0,       35.96186772,    0.007072267429
          0,           0,         959,      -6.972758459,      -5.993241215,      -6.907575228,      -5.508965768,      -9.097692907,               0.5,    0.003833408871,      0.1373094183,                 0,                 0,                 0,    0.008968794641,    0.003833408871,      0.1373094183,                 0,       35.81914241,    0.007072267429
          0,           0,         960,       -6.97332503,      -5.995883417,       -6.89897213,      -5.510369212,       -9.09687939,               0.5,    0.003813093709,      0.1373281689,                 0,                 0,                 0,    0.009004051376,    0.003813093709,      0.1373281689,                 0,       36.01489483,    0.007072267429
          0,           0,         961,      -6.954479532,      -5.986732215,      -6.890056189,      -5.492878826,      -9.096067305,               0.5,      0.0038293342,      0.1372940014,                 0,                 0,                 0,    0.008996368164,      0.0038293342,      0.1372940014,                 0,       35.85323042,    0.007317481498
          0,           0,         962,      -6.933302354,      -6.001652962,      -6.889715293,      -5.471471999,       -9.09525685,               0.5,    0.003821280032,      0.1373299637,                 0,                 0,                 0,    0.009037769141,    0.003821280032,      0.1373299637,                 0,       35.93820987,    0.007878757782
          0,           0,         963,       -7.04874867,       -6.00791424,      -6.945228934,      -5.579017836,      -9.094448773,               0.5,    0.003823088447,      0.1373325572,                 0,                 0,                 0,    0.009050798641,    0.003823088447,      0.1373325572,                 0,       35.92188856,    0.007878757782
          0,           0,         964,      -6.980407333,      -5.988460933,      -6.867268371,      -5.516378582,      -9.093642238,               0.5,    0.003825942799,      0.1372931926,                 0,                 0,                 0,    0.009029087679,    0.003825942799,      0.1372931926,                 0,       35.88480013,    0.007072267429
          0,           0,         965,      -6.904237911,      -5.997812845,      -6.855774546,      -5.444758683,       -9.09283846,               0.5,    0.003810416786,      0.1373489453,                 0,                 0,                 0,    0.009075010029,    0.003810416786,      0.1373489453,                 0,       36.04564882,    0.007317481498
          0,           0,         966,      -6.968172602,      -6.002170217,       -6.88388088,       -5.50661985,      -9.092036286,               0.5,    0.003813700318,      0.1373347365,                 0,                 0,                 0,    0.009065257271,    0.003813700318,      0.1373347365,                 0,       36.01088839,    0.007072267429
          0,           0,         967,       -6.97983647,      -5.995308146,      -6.874006356,      -5.516220451,      -9.091235868,               0.5,    0.003811031478,      0.1374142933,                 0,                 0,                 0,    0.009122139199,    0.003811031478,      0.1374142933,                 0,       36.05698196,    0.007878757782
          0,           0,         968,      -6.968517393,      -6.006160598,       -6.92637459,      -5.505638386,      -9.090436496,               0.5,    0.003826288023,      0.1374469085,                 0,                 0,                 0,    0.009140592646,    0.003826288023,      0.1374469085,                 0,       35.92173607,    0.007878757782
          0,           0,         969,      -7.033536207,      -6.004933448,      -6.885355837,      -5.565788115,      -9.089639325,               0.5,    0.003825483946,      0.1375005258,                 0,                 0,                 0,    0.009171555478,    0.003825483946,      0.1375005258,                 0,       35.94330226,    0.007072267429
          0,           0,         970,      -6.988886762,      -5.997701858,      -6.865519014,       -5.52431318,      -9.088842509,               0.5,    0.003845650337,      0.1374955466,                 0,                 0,                 0,    0.009155391277,    0.003845650337,      0.1374955466,                 0,       35.75352269,    0.007072267429
          0,           0,         971,      -6.894302979,      -5.993057493,      -6.877157879,      -5.435699727,      -9.088047966,               0.5,     0.00381667031,      0.1375831169,                 0,                 0,                 0,    0.009205387053,     0.00381667031,      0.1375831169,                 0,       36.04794382,    0.007317481498
          0,           0,         972,      -6.972782073,      -6.005005698,      -6.847370113,      -5.511358288,      -9.087255674,               0.5,    0.003839045701,      0.1376125782,                 0,                 0,                 0,    0.009208884625,    0.003839045701,      0.1376125782,                 0,       35.84551707,    0.007317481498
          0,           0,         973,      -6.958313575,      -5.996571799,      -6.920522542,      -5.496288016,      -9.086465737,               0.5,    0.003824146737,      0.1377218478,                 0,                 0,                 0,    0.009269090147,    0.003824146737,      0.1377218478,                 0,       36.01374563,    0.007878757782
          0,           0,         974,      -6.991492422,      -6.013390126,      -6.919476182,       -5.52783047,      -9.085677361,               0.5,     0.00383852233,      0.1377796806,                 0,                 0,                 0,    0.009288127478,     0.00383852233,      0.1377796806,                 0,       35.89393749,    0.007878757782
          0,           0,         975,      -7.039800607,      -6.008305099,      -6.898667363,        -5.5717326,      -9.084891066,               0.5,    0.003844272721,      0.1378921413,                 0,                 0,                 0,    0.009345366295,    0.003844272721,      0.1378921413,                 0,       35.86950023,    0.007878757782
          0,           0,         976,      -6.960629154,      -6.001322857,      -6.872914399,      -5.498430948,      -9.084104377,               0.5,    0.003844574632,      0.1378945283,                 0,                 0,                 0,    0.009317779016,    0.003844574632,      0.1378945283,                 0,       35.86730431,    0.007072267429
          0,           0,         977,      -6.950256819,      -6.016509121,      -6.874866621,      -5.489407007,      -9.083319167,               0.5,    0.003834957695,      0.1380182798,                 0,                 0,                 0,    0.009378640803,    0.003834957695,      0.1380182798,                 0,       35.98951822,    0.007072267429
          0,           0,         978,      -7.030768384,      -6.003803239,      -6.943342646,      -5.565668521,      -9.082535853,               0.5,    0.003816116784,      0.1380877983,                 0,                 0,                 0,    0.009396740674,    0.003816116784,      0.1380877983,                 0,       36.18542253,    0.007317481498
          0,           0,         979,      -6.988330793,      -6.009092082,      -6.871579838,      -5.525044106,      -9.081753917,               0.5,    0.003835135455,      0.1381797473,                 0,                 0,                 0,    0.009429625077,    0.003835135455,      0.1381797473,                 0,       36.02995226,    0.007317481498
          0,           0,         980,      -6.980828978,      -6.017918431,      -6.906429699,      -5.518102495,       -9.08097277,               0.5,    0.003860900266,      0.1383079032,                 0,                 0,                 0,    0.009487804233,    0.003860900266,      0.1383079032,                 0,       35.82270809,    0.007878757782
          0,           0,         981,      -7.013304461,      -6.006906003,        -6.8651514,      -5.548612888,      -9.080193205,               0.5,    0.003855216113,       0.138389748,                 0,                 0,                 0,    0.009509807412,    0.003855216113,       0.138389748,                 0,       35.89675492,    0.007072267429
          0,           0,         982,      -6.927824202,      -6.005579521,      -6.828191798,      -5.467704631,      -9.079414406,               0.5,     0.00384994945,      0.1384886663,                 0,                 0,                 0,    0.009542993928,     0.00384994945,      0.1384886663,                 0,       35.97155445,    0.007878757782
          0,           0,         983,       -6.94686729,      -6.014065409,      -6.847890584,       -5.48726097,      -9.078638151,               0.5,    0.003847975659,      0.1385334721,                 0,                 0,                 0,    0.009534640631,    0.003847975659,      0.1385334721,                 0,       36.00164981,    0.007072267429
          0,           0,         984,      -7.010899972,      -6.016115716,      -6.875118527,      -5.547037009,      -9.077862856,               0.5,    0.003838195942,      0.1386861721,                 0,                 0,                 0,    0.009605923147,    0.003838195942,      0.1386861721,                 0,       36.13316626,    0.007317481498
          0,           0,         985,      -6.980491481,      -6.013757305,      -6.929517715,        -5.5177132,      -9.077089544,               0.5,    0.003844154566,      0.1387391126,                 0,                 0,                 0,    0.009601770443,    0.003844154566,      0.1387391126,                 0,       36.09092981,    0.007878757782
          0,           0,         986,      -6.989059314,      -6.021804661,       -6.88808415,      -5.526244606,      -9.076318445,               0.5,    0.003872728135,      0.1388338572,                 0,                 0,                 0,    0.009628397497,    0.003872728135,      0.1388338572,                 0,       35.84911009,    0.007878757782
          0,           0,         987,      -7.023825215,      -6.012964181,      -6.909869068,      -5.559033366,      -9.075549355,               0.5,    0.003873294509,      0.1389471578,                 0,                 0,                 0,    0.009668478428,    0.003873294509,      0.1389471578,                 0,       35.87311976,    0.007878757782
          0,           0,         988,       -6.94198741,      -6.022811347,      -6.835661443,      -5.480923759,      -9.074780591,               0.5,    0.003890060085,      0.1390147268,                 0,                 0,                 0,    0.009674252385,    0.003890060085,      0.1390147268,                 0,       35.73588164,    0.007072267429
          0,           0,         989,      -6.917466769,      -6.004564823,      -6.836817681,      -5.459794376,      -9.074014152,               0.5,    0.003863160499,      0.1391185652,                 0,                 0,                 0,    0.009707188406,    0.003863160499,      0.1391185652,                 0,       36.01159341,    0.007317481498
          0,           0,         990,      -6.921825513,      -6.010149429,      -6.871720086,      -5.463437955,      -9.073249794,               0.5,    0.003869778545,      0.1391904287,                 0,                 0,                 0,    0.009716468828,    0.003869778545,      0.1391904287,                 0,       35.96857729,    0.007878757782
          0,           0,         991,      -6.921856329,      -6.027699702,      -6.842947768,      -5.462352411,      -9.072486795,               0.5,    0.003857427702,      0.1393076864,                 0,                 0,                 0,     0.00976016999,    0.003857427702,      0.1393076864,                 0,       36.11414061,    0.007878757782
          0,           0,         992,      -7.067893918,      -6.032002616,      -6.905458181,      -5.600321486,      -9.071725728,               0.5,    0.003880197024,      0.1393886402,                 0,                 0,                 0,    0.009777406507,    0.003880197024,      0.1393886402,                 0,       35.92308311,    0.007878757782
          0,           0,         993,      -6.974398126,      -6.006673498,      -6.932675358,      -5.513173306,      -9.070966834,               0.5,    0.003893209622,      0.1394590367,                 0,                 0,                 0,    0.009787611485,    0.003893209622,      0.1394590367,                 0,       35.82109627,    0.007633543714
          0,           0,         994,      -6.926295745,       -6.02805441,      -6.866780136,      -5.466703079,      -9.070208081,               0.5,    0.003882915691,      0.1395040095,                 0,                 0,                 0,    0.009779853031,    0.003882915691,      0.1395040095,                 0,       35.92764321,    0.007878757782
          0,           0,         995,      -7.021154719,      -6.024140643,      -6.819591304,      -5.558189451,      -9.069451606,               0.5,    0.003883456165,      0.1395779749,                 0,                 0,                 0,    0.009795116994,    0.003883456165,      0.1395779749,                 0,       35.94168931,    0.007072267429
          0,           0,         996,      -6.938175944,      -6.002839307,      -6.864924718,       -5.47896917,      -9.068697751,               0.5,    0.003868796769,      0.1396799222,                 0,                 0,                 0,     0.00983259058,    0.003868796769,      0.1396799222,                 0,       36.10422841,    0.007878757782
          0,           0,         997,      -6.913915901,      -6.028911834,      -6.888333044,      -5.455276973,       -9.06794544,               0.5,    0.003888191419,      0.1396932677,                 0,                 0,                 0,    0.009805483887,    0.003888191419,      0.1396932677,                 0,       35.92756957,    0.007878757782
          0,           0,         998,      -7.045737248,      -6.034105781,       -6.86623958,       -5.58075256,      -9.067194889,               0.5,    0.003887497821,      0.1397807859,                 0,                 0,                 0,    0.009835566257,    0.003887497821,      0.1397807859,                 0,       35.95649242,    0.007878757782
          0,           0,         999,      -7.023540636,      -6.022170596,      -6.869183592,      -5.560301966,      -9.066446816,               0.5,    0.003895056881,      0.1398408151,                 0,                 0,                 0,    0.009847013999,    0.003895056881,      0.1398408151,                 0,         35.902124,    0.007878757782
          0,           0,        1000,      -6.948196243,      -6.037486463,      -6.905350944,      -5.488175729,      -9.065698795,               0.5,    0.003899052146,      0.1398617306,                 0,                 0,                 0,    0.009831242373,    0.003899052146,      0.1398617306,                 0,       35.87070019,    0.007072267429
          0,           0,        1001,      -7.009114801,      -6.024947566,      -6.905519032,      -5.547269705,      -9.064953115,               0.5,    0.003881803847,      0.1399284119,                 0,                 0,                 0,    0.009851890495,    0.003881803847,      0.1399284119,                 0,       36.04726498,    0.007072267429
          0,           0,        1002,      -6.936647788,      -6.017694419,      -6.846558544,      -5.478208763,      -9.064208644,               0.5,    0.003897216162,      0.1399547809,                 0,                 0,                 0,    0.009844601633,    0.003897216162,      0.1399547809,                 0,       35.91147503,    0.007317481498
          0,           0,        1003,      -6.914906571,      -6.032966612,      -6.868771526,      -5.456766397,      -9.063464721,               0.5,    0.003885118198,      0.1400074579,                 0,                 0,                 0,    0.009859384094,    0.003885118198,      0.1400074579,                 0,       36.03685931,    0.007878757782
          0,           0,        1004,      -7.072418462,      -6.039818462,      -6.926706558,      -5.606233499,      -9.062721902,               0.5,    0.003900139763,      0.1400274049,                 0,                 0,                 0,    0.009852194113,    0.003900139763,      0.1400274049,                 0,       35.90317613,    0.007878757782
          0,           0,        1005,      -7.033029104,      -6.022450929,      -6.888182487,      -5.568582499,        -9.0619815,               0.5,    0.003897382281,      0.1400572995,                 0,                 0,                 0,    0.009854994674,    0.003897382281,      0.1400572995,                 0,       35.93624885,    0.007878757782
          0,           0,        1006,      -6.943810656,      -6.034439293,      -6.913659128,      -5.484472543,      -9.061240367,               0.5,    0.003912439426,      0.1400057167,                 0,                 0,                 0,    0.009799531243,    0.003912439426,      0.1400057167,                 0,       35.78476276,    0.007072267429
          0,           0,        1007,      -7.033005761,        -6.0347493,       -6.87089787,      -5.570219176,      -9.060501457,               0.5,    0.003890803474,      0.1400413813,                 0,                 0,                 0,    0.009812012115,    0.003890803474,      0.1400413813,                 0,        35.9929208,    0.007072267429
          0,           0,        1008,      -6.993702214,      -6.025341771,      -6.891355599,      -5.533176284,      -9.059763918,               0.5,    0.003879832025,      0.1400586566,                 0,                 0,                 0,    0.009813369274,    0.003879832025,      0.1400586566,                 0,       36.09915473,    0.007317481498
          0,           0,        1009,      -6.943487449,      -6.040455814,        -6.9409335,      -5.484576248,      -9.059027553,               0.5,     0.00387282046,      0.1400602241,                 0,                 0,                 0,    0.009805732246,     0.00387282046,      0.1400602241,                 0,       36.16491534,    0.007878757782
          0,           0,        1010,       -7.06766548,      -6.043585548,      -6.936321105,      -5.602329903,      -9.058292945,               0.5,    0.003900236165,      0.1400563217,                 0,                 0,                 0,    0.009796816948,    0.003900236165,      0.1400563217,                 0,       35.90970285,    0.007878757782
          0,           0,        1011,      -7.004767512,      -6.018705876,      -6.877087443,      -5.543556784,      -9.057559919,               0.5,    0.003896252158,       0.140038544,                 0,                 0,                 0,    0.009780327114,    0.003896252158,       0.140038544,                 0,       35.94185856,    0.007072267429
          0,           0,        1012,      -6.943060252,      -6.044521517,      -6.889681682,      -5.484362956,      -9.056825656,               0.5,    0.003892021619,      0.1399993291,                 0,                 0,                 0,    0.009750432177,    0.003892021619,      0.1399993291,                 0,       35.97085083,    0.007878757782
          0,           0,        1013,      -7.042394512,      -6.038577371,      -6.874527814,      -5.580202019,      -9.056092822,               0.5,    0.003873938292,        0.13998037,                 0,                 0,                 0,    0.009738505815,    0.003873938292,        0.13998037,                 0,       36.13386675,    0.007072267429
          0,           0,        1014,      -6.991193888,      -6.024001464,      -6.863042893,       -5.53067294,      -9.055362071,               0.5,    0.003850792963,      0.1399674858,                 0,                 0,                 0,    0.009733677142,    0.003850792963,      0.1399674858,                 0,       36.34770477,    0.007317481498
          0,           0,        1015,      -6.913854211,      -6.043577385,        -6.9119068,      -5.456025141,       -9.05463274,               0.5,    0.003879825921,      0.1399231342,                 0,                 0,                 0,    0.009707978086,    0.003879825921,      0.1399231342,                 0,       36.06428151,    0.007878757782
          0,           0,        1016,      -7.058545429,      -6.050118754,      -6.905463192,      -5.593578161,      -9.053905811,               0.5,    0.003873652292,      0.1398907111,                 0,                 0,                 0,    0.009693776234,    0.003873652292,      0.1398907111,                 0,       36.11338873,    0.007878757782
          0,           0,        1017,       -6.96977443,      -6.027045297,      -6.876018188,      -5.509946175,       -9.05318122,               0.5,    0.003871603245,      0.1398511812,                 0,                 0,                 0,    0.009676691207,    0.003871603245,      0.1398511812,                 0,       36.12229157,    0.007072267429
          0,           0,        1018,      -6.886803147,      -6.037659309,      -6.893250756,      -5.430675901,      -9.052456553,               0.5,    0.003857105867,      0.1397937526,                 0,                 0,                 0,    0.009648589891,    0.003857105867,      0.1397937526,                 0,       36.24317232,    0.007317481498
          0,           0,        1019,      -6.995261729,      -6.040391546,      -6.837759355,       -5.53626849,      -9.051733313,               0.5,    0.003861475548,      0.1397214183,                 0,                 0,                 0,    0.009611665455,    0.003861475548,      0.1397214183,                 0,       36.18342693,    0.007072267429
          0,           0,        1020,      -6.963175926,       -6.03445366,      -6.891607799,      -5.503671415,      -9.051011908,               0.5,    0.003831445941,       0.139722985,                 0,                 0,                 0,    0.009632107042,    0.003831445941,       0.139722985,                 0,       36.46742956,    0.007072267429
          0,           0,        1021,      -6.978451899,      -6.054365171,       -6.94516993,      -5.518422038,      -9.050291177,               0.5,    0.003853625286,      0.1396522078,                 0,                 0,                 0,    0.009600451865,    0.003853625286,      0.1396522078,                 0,       36.23917673,    0.007317481498
          0,           0,        1022,      -7.031937964,      -6.037832321,      -6.908851294,      -5.569072579,      -9.049572596,               0.5,     0.00388611421,      0.1395860732,                 0,                 0,                 0,    0.009574222666,     0.00388611421,      0.1395860732,                 0,       35.91918961,    0.007072267429
          0,           0,        1023,        -6.9795001,      -6.033482083,       -6.83639722,      -5.519227516,      -9.048856413,               0.5,    0.003844859206,      0.1395255277,                 0,                 0,                 0,    0.009553841176,    0.003844859206,      0.1395255277,                 0,       36.28885227,    0.007878757782
          0,           0,        1024,      -6.927660484,      -6.053467695,      -6.844355542,      -5.469829807,      -9.048140617,               0.5,    0.003854170588,      0.1394347502,                 0,                 0,                 0,    0.009512558573,    0.003854170588,      0.1394347502,                 0,        36.1776281,    0.007878757782
          0,           0,        1025,      -6.999210707,      -6.032430223,      -6.886194226,      -5.539949832,      -9.047427189,               0.5,    0.003826806026,      0.1393699023,                 0,                 0,                 0,    0.009492097958,    0.003826806026,      0.1393699023,                 0,       36.41937987,    0.007878757782
          0,           0,        1026,       -6.91379077,      -6.029775485,       -6.85359165,      -5.456015904,      -9.046715973,               0.5,    0.003829613746,      0.1393068601,                 0,                 0,                 0,     0.00947425431,    0.003829613746,      0.1393068601,                 0,       36.37621686,    0.007878757782
          0,           0,        1027,       -6.92696794,      -6.045487841,       -6.91349535,      -5.469509972,      -9.046005316,               0.5,    0.003811606202,       0.139257536,                 0,                 0,                 0,    0.009467818584,    0.003811606202,       0.139257536,                 0,       36.53513208,    0.007878757782
          0,           0,        1028,      -7.086650527,      -6.054282514,      -6.915983588,      -5.621272082,      -9.045296128,               0.5,    0.003829063886,      0.1391691052,                 0,                 0,                 0,    0.009433090191,    0.003829063886,      0.1391691052,                 0,       36.34546442,    0.007072267429
          0,           0,        1029,      -6.963629136,      -6.034307005,      -6.874388452,      -5.504522554,      -9.044586645,               0.5,    0.003817998773,       0.139109997,                 0,                 0,                 0,    0.009420989546,    0.003817998773,       0.139109997,                 0,       36.43531735,    0.007878757782
          0,           0,        1030,      -6.940269219,      -6.047633025,      -6.894678829,       -5.48253484,      -9.043877063,               0.5,    0.003827874717,      0.1390222322,                 0,                 0,                 0,    0.009388200734,    0.003827874717,      0.1390222322,                 0,       36.31838618,    0.007878757782
          0,           0,        1031,      -7.022353323,      -6.045510846,      -6.881440596,      -5.562367701,      -9.043168936,               0.5,    0.003807452412,      0.1389723489,                 0,                 0,                 0,    0.009384097322,    0.003807452412,      0.1389723489,                 0,       36.50008822,    0.007878757782
          0,           0,        1032,      -6.926121618,      -6.041831144,       -6.82819008,      -5.468734761,      -9.042462088,               0.5,    0.003795205349,      0.1388990294,                 0,                 0,                 0,     0.00936270702,    0.003795205349,      0.1388990294,                 0,       36.59855439,    0.007072267429
          0,           0,        1033,      -6.919031792,      -6.052725769,      -6.882183962,       -5.46218703,      -9.041755194,               0.5,    0.003791769179,      0.1388599308,                 0,                 0,                 0,    0.009366931204,    0.003791769179,      0.1388599308,                 0,       36.62140924,    0.007317481498
          0,           0,        1034,      -7.102965533,      -6.062145154,      -6.933352393,       -5.63583303,      -9.041049976,               0.5,     0.00380728531,      0.1387961696,                 0,                 0,                 0,     0.00935261174,     0.00380728531,      0.1387961696,                 0,       36.45541595,    0.007878757782
          0,           0,        1035,      -6.985060348,      -6.041089267,      -6.884950456,      -5.525517044,       -9.04034596,               0.5,    0.003803544426,      0.1386923445,                 0,                 0,                 0,    0.009308143645,    0.003803544426,      0.1386923445,                 0,       36.46397385,    0.007072267429
          0,           0,        1036,      -6.935295151,      -6.054376564,      -6.878732237,      -5.478286893,      -9.039642796,               0.5,    0.003796374859,      0.1386491206,                 0,                 0,                 0,    0.009308465829,    0.003796374859,      0.1386491206,                 0,       36.52145159,    0.007878757782
          0,           0,        1037,      -7.020230227,      -6.057207837,      -6.844505476,      -5.559352767,      -9.038940333,               0.5,     0.00380683004,       0.138565005,                 0,                 0,                 0,    0.009277639968,     0.00380683004,       0.138565005,                 0,       36.39905211,    0.007072267429
          0,           0,        1038,      -6.938984717,      -6.035087747,      -6.883196695,      -5.481472719,      -9.038239694,               0.5,    0.003767900778,      0.1385482984,                 0,                 0,                 0,     0.00929638173,    0.003767900778,      0.1385482984,                 0,       36.77068654,    0.007317481498
          0,           0,        1039,      -6.882034926,      -6.057089959,      -6.864361101,      -5.425985775,      -9.037540178,               0.5,    0.003793042777,       0.138474988,                 0,                 0,                 0,    0.009271849981,    0.003793042777,       0.138474988,                 0,       36.50762624,    0.007317481498
          0,           0,        1040,      -7.062344813,      -6.066776136,      -6.827466577,      -5.598429664,      -9.036842821,               0.5,    0.003766937168,      0.1384474114,                 0,                 0,                 0,    0.009280432033,    0.003766937168,      0.1384474114,                 0,       36.75331051,    0.007878757782
          0,           0,        1041,      -7.027304531,       -6.05810177,      -6.931747744,      -5.566412676,      -9.036147228,               0.5,    0.003782767762,       0.138382327,                 0,                 0,                 0,    0.009259729539,    0.003782767762,       0.138382327,                 0,       36.58229521,    0.007878757782
          0,           0,        1042,      -6.942660188,      -6.050238783,      -6.901787929,      -5.485610281,      -9.035452128,               0.5,     0.00379735351,      0.1383312052,                 0,                 0,                 0,    0.009248175997,     0.00379735351,      0.1383312052,                 0,       36.42831904,    0.007072267429
          0,           0,        1043,      -6.977161714,      -6.056220479,      -6.868113322,      -5.519494366,      -9.034757074,               0.5,    0.003787229083,      0.1383076816,                 0,                 0,                 0,    0.009255679374,    0.003787229083,      0.1383076816,                 0,       36.51949184,    0.007878757782
          0,           0,        1044,      -6.938850135,       -6.04664534,      -6.830106279,      -5.482570644,      -9.034063567,               0.5,    0.003771205227,      0.1382447659,                 0,                 0,                 0,    0.009232150386,    0.003771205227,      0.1382447659,                 0,       36.65798004,    0.007072267429
          0,           0,        1045,      -6.902357944,      -6.058537836,      -6.870028599,      -5.446081552,       -9.03336957,               0.5,    0.003777252469,      0.1382712395,                 0,                 0,                 0,    0.009273625037,    0.003777252469,      0.1382712395,                 0,       36.60630066,    0.007878757782
          0,           0,        1046,      -7.061497632,      -6.075653957,      -6.918775334,       -5.59852639,      -9.032676298,               0.5,    0.003787328024,      0.1382254126,                 0,                 0,                 0,    0.009259302542,    0.003787328024,      0.1382254126,                 0,       36.49681562,    0.007317481498
          0,           0,        1047,      -7.069302764,      -6.054358087,      -6.901907434,      -5.606013597,      -9.031984331,               0.5,    0.003802015304,      0.1381876835,                 0,                 0,                 0,    0.009249093064,    0.003802015304,      0.1381876835,                 0,       36.34590407,    0.007878757782
          0,           0,        1048,      -6.948357034,      -6.062678334,      -6.928694144,       -5.49107277,      -9.031293305,               0.5,    0.003805477409,      0.1381502461,                 0,                 0,                 0,    0.009237146188,    0.003805477409,      0.1381502461,                 0,       36.30299992,    0.007878757782
          0,           0,        1049,      -7.044408741,      -6.075083623,       -6.90936861,      -5.583786221,      -9.030603411,               0.5,    0.003805509686,      0.1381412844,                 0,                 0,                 0,     0.00924438787,    0.003805509686,      0.1381412844,                 0,        36.3003371,    0.007878757782
          0,           0,        1050,      -7.007530148,      -6.049708255,      -6.872830656,      -5.548715208,      -9.029915627,               0.5,    0.003767277453,      0.1381459615,                 0,                 0,                 0,    0.009259679696,    0.003767277453,      0.1381459615,                 0,       36.66997274,    0.007317481498
          0,           0,        1051,       -6.90942669,      -6.068726673,      -6.901226978,      -5.453125057,      -9.029229224,               0.5,    0.003781516594,      0.1381630358,                 0,                 0,                 0,    0.009281996439,    0.003781516594,      0.1381630358,                 0,       36.53640869,    0.007878757782
          0,           0,        1052,      -7.086190533,      -6.081344196,      -6.916624167,      -5.622150301,      -9.028544947,               0.5,    0.003796379879,      0.1381511467,                 0,                 0,                 0,    0.009280562621,    0.003796379879,      0.1381511467,                 0,       36.39023256,    0.007317481498
          0,           0,        1053,      -6.998016674,      -6.037440192,       -6.91498853,      -5.539445595,      -9.027861765,               0.5,    0.003820666345,      0.1381331004,                 0,                 0,                 0,    0.009272289832,    0.003820666345,      0.1381331004,                 0,        36.1541909,    0.007072267429
          0,           0,        1054,      -6.902322486,      -6.057669354,      -6.846934751,      -5.447540727,      -9.027180026,               0.5,    0.003791359469,      0.1381635274,                 0,                 0,                 0,    0.009297940752,    0.003791359469,      0.1381635274,                 0,       36.44168499,    0.007878757782
          0,           0,        1055,      -7.006366282,      -6.074491617,      -6.805883215,      -5.547939052,      -9.026499766,               0.5,    0.003810595256,      0.1381573989,                 0,                 0,                 0,    0.009294070151,    0.003810595256,      0.1381573989,                 0,          36.25612,    0.007317481498
          0,           0,        1056,      -6.957214236,      -6.045891957,      -6.882397034,      -5.500113607,       -9.02581986,               0.5,    0.003783831278,       0.138204122,                 0,                 0,                 0,    0.009327424051,    0.003783831278,       0.138204122,                 0,       36.52491664,    0.007317481498
          0,           0,        1057,      -6.878284681,      -6.069718137,      -6.873603494,      -5.423031399,      -9.025141324,               0.5,    0.003801850162,      0.1382113674,                 0,                 0,                 0,    0.009329037089,    0.003801850162,      0.1382113674,                 0,       36.35371241,    0.007317481498
          0,           0,        1058,      -7.053159733,      -6.081435505,       -6.85844126,      -5.591512056,      -9.024464368,               0.5,    0.003787328157,      0.1382547269,                 0,                 0,                 0,    0.009355500145,    0.003787328157,      0.1382547269,                 0,       36.50455444,    0.007878757782
          0,           0,        1059,      -7.043127585,       -6.06694674,        -6.9252963,      -5.582914637,      -9.023786843,               0.5,    0.003805825144,      0.1382748265,                 0,                 0,                 0,    0.009362419092,    0.003805825144,      0.1382748265,                 0,        36.3324171,    0.007878757782
          0,           0,        1060,      -6.946292941,      -6.065175269,      -6.886235001,      -5.489644422,      -9.023110248,               0.5,    0.003820159727,      0.1383076499,                 0,                 0,                 0,    0.009376837554,    0.003820159727,      0.1383076499,                 0,       36.20467722,    0.007072267429
          0,           0,        1061,      -6.971548782,      -6.067768015,      -6.899214052,       -5.51544384,      -9.022435099,               0.5,    0.003819421032,      0.1383649155,                 0,                 0,                 0,    0.009407413582,    0.003819421032,      0.1383649155,                 0,       36.22667268,    0.007878757782
          0,           0,        1062,      -6.952262433,      -6.056461703,       -6.81899417,       -5.49656554,      -9.021761937,               0.5,    0.003800899641,      0.1383677087,                 0,                 0,                 0,    0.009395359361,    0.003800899641,      0.1383677087,                 0,       36.40393638,    0.007072267429
          0,           0,        1063,      -6.899069283,      -6.072931394,      -6.882148291,      -5.443592359,      -9.021089924,               0.5,    0.003817239594,      0.1384679312,                 0,                 0,                 0,    0.009454196598,    0.003817239594,      0.1384679312,                 0,        36.2743621,    0.007317481498
          0,           0,        1064,      -7.063922187,       -6.08743165,      -6.916739817,      -5.602687159,      -9.020417832,               0.5,    0.003825755155,      0.1384976562,                 0,                 0,                 0,    0.009458632941,    0.003825755155,      0.1384976562,                 0,       36.20139048,    0.007317481498
          0,           0,        1065,      -7.062208157,      -6.065464543,      -6.854911617,      -5.600284777,      -9.019747158,               0.5,    0.003856079352,      0.1385515407,                 0,                 0,                 0,    0.009479423602,    0.003856079352,      0.1385515407,                 0,       35.93067675,    0.007878757782
          0,           0,        1066,      -6.944136603,       -6.07572963,      -6.917296203,      -5.487811267,      -9.019077521,               0.5,    0.003841102969,      0.1385606884,                 0,                 0,                 0,    0.009465258049,    0.003841102969,      0.1385606884,                 0,       36.07315126,    0.007072267429
          0,           0,        1067,      -7.031926912,      -6.082473849,      -6.857368808,      -5.573158744,      -9.018409429,               0.5,      0.0038433563,      0.1386345465,                 0,                 0,                 0,    0.009497940718,      0.0038433563,      0.1386345465,                 0,       36.07121893,    0.007878757782
          0,           0,        1068,       -6.97538457,      -6.062163984,      -6.891039204,      -5.519292528,      -9.017742652,               0.5,    0.003817501449,      0.1386774778,                 0,                 0,                 0,    0.009506199619,    0.003817501449,      0.1386774778,                 0,       36.32676494,    0.007317481498
          0,           0,        1069,      -6.910998368,      -6.080115407,      -6.900422284,      -5.455523812,      -9.017077325,               0.5,    0.003820519092,      0.1387885339,                 0,                 0,                 0,    0.009564102418,    0.003820519092,      0.1387885339,                 0,       36.32714052,    0.007878757782
          0,           0,        1070,      -7.087981604,      -6.092634032,      -6.906518605,       -5.62560414,      -9.016413294,               0.5,    0.003835074716,      0.1388289024,                 0,                 0,                 0,     0.00956817012,    0.003835074716,      0.1388289024,                 0,        36.1997908,    0.007072267429
          0,           0,        1071,      -7.024837291,      -6.060072126,      -6.892069576,      -5.565625032,      -9.015750395,               0.5,    0.003875225392,      0.1388745659,                 0,                 0,                 0,    0.009575218993,    0.003875225392,      0.1388745659,                 0,       35.83651319,    0.007072267429
          0,           0,        1072,      -6.961338415,      -6.086609492,      -6.904984887,      -5.504803967,      -9.015088624,               0.5,    0.003864936757,      0.1389332553,                 0,                 0,                 0,    0.009591122643,    0.003864936757,      0.1389332553,                 0,       35.94709668,    0.007878757782
          0,           0,        1073,      -7.035596853,      -6.086120788,      -6.847445316,      -5.577446612,      -9.014428097,               0.5,    0.003845087045,      0.1390052121,                 0,                 0,                 0,    0.009616318317,    0.003845087045,      0.1390052121,                 0,       36.15138239,    0.007878757782
          0,           0,        1074,      -6.931215163,      -6.070791652,      -6.839818645,      -5.475988785,      -9.013768678,               0.5,    0.003840673878,      0.1390542217,                 0,                 0,                 0,    0.009623774094,    0.003840673878,      0.1390542217,                 0,        36.2056832,    0.007317481498
          0,           0,        1075,      -6.945577132,      -6.077605268,      -6.898048242,      -5.489358621,       -9.01311076,               0.5,    0.003815630864,      0.1391478071,                 0,                 0,                 0,    0.009664173971,    0.003815630864,      0.1391478071,                 0,       36.46783772,    0.007317481498
          0,           0,        1076,      -7.125748319,      -6.098779991,      -6.911203955,      -5.661104856,      -9.012453724,               0.5,    0.003863155795,      0.1392055178,                 0,                 0,                 0,    0.009677462449,    0.003863155795,      0.1392055178,                 0,       36.03414545,    0.007317481498
          0,           0,        1077,      -7.055665422,      -6.073420798,      -6.911794056,      -5.595612359,      -9.011798122,               0.5,    0.003889205258,      0.1392517394,                 0,                 0,                 0,    0.009682069578,    0.003889205258,      0.1392517394,                 0,       35.80467734,    0.007072267429
          0,           0,        1078,      -6.988190828,      -6.093190676,      -6.917440919,      -5.531201668,      -9.011143405,               0.5,    0.003870440672,      0.1392968428,                 0,                 0,                 0,    0.009685835469,    0.003870440672,      0.1392968428,                 0,       35.98991811,    0.007878757782
