"Time_Iter","Outer_Iter","Inner_Iter",    "rms[Rho]"    ,    "rms[RhoU]"   ,    "rms[RhoV]"   ,    "rms[RhoE]"   ,     "rms[nu]"    
          0,           0,           0,      -3.803823096,      -14.75659236,      -14.38796077,      -1.313665118,      -7.775246367
          0,           0,           1,      -4.114310079,      -3.298667381,      -2.996632793,      -1.623182436,      -8.182325846
          0,           0,           2,      -4.315241201,      -3.574246517,      -3.260245601,      -1.821686787,      -8.716841416
          0,           0,           3,      -4.385488233,       -3.78367587,      -3.491115291,        -1.9001875,      -9.121864431
          0,           0,           4,      -4.541266734,      -3.917034205,      -3.532905319,      -2.056927734,      -9.406872141
          0,           0,           5,      -4.615215785,      -3.988629381,      -3.572135153,      -2.126717964,      -9.532481119
          0,           0,           6,      -4.626146617,      -4.003933631,      -3.573266671,      -2.136178847,      -9.623999433
          0,           0,           7,      -4.611646276,      -3.967474732,      -3.545878355,      -2.121521899,      -9.690050948
          0,           0,           8,      -4.586247475,      -3.893864043,      -3.505512796,        -2.0961026,      -9.745401589
          0,           0,           9,      -4.559501078,      -3.806804293,      -3.462710606,      -2.069336221,      -9.790500158
          0,           0,          10,      -4.536941172,      -3.723192433,      -3.424083406,      -2.046764149,      -9.827329999
          0,           0,          11,      -4.520851353,      -3.649921161,      -3.392221784,      -2.030622346,      -9.861636247
          0,           0,          12,      -4.511054193,       -3.58824516,      -3.367293503,      -2.020688977,      -9.891536197
          0,           0,          13,      -4.505991362,      -3.537149888,      -3.348285389,      -2.015391452,      -9.916801037
          0,           0,          14,      -4.503600353,      -3.494987359,      -3.333793352,      -2.012687354,      -9.939028552
          0,           0,          15,      -4.501974375,      -3.460178534,       -3.32247774,      -2.010720159,      -9.959319833
          0,           0,          16,       -4.49977249,      -3.431478342,      -3.313299136,       -2.00821573,      -9.975527157
          0,           0,          17,      -4.496341524,      -3.408025333,       -3.30559938,      -2.004584274,       -9.98772641
          0,           0,          18,      -4.491593867,      -3.389287349,      -3.299074034,      -1.999780994,      -9.996612042
          0,           0,          19,       -4.48578934,      -3.374970113,      -3.293680045,      -1.994080285,      -10.00321419
          0,           0,          20,      -4.479338687,      -3.364922729,      -3.289516834,      -1.987881308,      -10.00778301
          0,           0,          21,      -4.472677687,      -3.359054264,      -3.286715904,      -1.981589917,      -10.00985365
          0,           0,          22,      -4.466202416,      -3.357266754,        -3.2853627,      -1.975563319,       -10.0101286
          0,           0,          23,      -4.460239786,      -3.359408268,      -3.285461648,      -1.970088806,      -10.00934235
          0,           0,          24,      -4.455032725,      -3.365248787,      -3.286943643,      -1.965374726,      -10.00819922
          0,           0,          25,       -4.45073282,      -3.374479904,      -3.289705163,       -1.96154583,       -10.0073135
          0,           0,          26,      -4.447397998,      -3.386736883,      -3.293661078,       -1.95864098,      -10.00672221
          0,           0,          27,      -4.444994566,      -3.401637961,      -3.298790201,      -1.956613302,      -10.00649631
          0,           0,          28,      -4.443402803,      -3.418831079,      -3.305155916,      -1.955333077,      -10.00678235
          0,           0,          29,       -4.44242568,      -3.438034143,      -3.312894043,      -1.954594058,      -10.00764987
          0,           0,          30,      -4.441801252,      -3.459054154,      -3.322172237,      -1.954124719,      -10.00906674
          0,           0,          31,      -4.441220183,      -3.481774176,      -3.333133579,      -1.953606469,      -10.01096562
          0,           0,          32,      -4.440351541,      -3.506105389,      -3.345838813,      -1.952701938,       -10.0130657
          0,           0,          33,      -4.438879493,       -3.53190953,      -3.360216659,       -1.95109517,      -10.01499515
          0,           0,          34,      -4.436549999,      -3.558902624,      -3.376024346,      -1.948541381,      -10.01653562
          0,           0,          35,      -4.433220569,       -3.58655401,      -3.392815249,      -1.944917713,      -10.01755532
          0,           0,          36,      -4.428899972,      -3.613999408,      -3.409910241,      -1.940260889,      -10.01801053
          0,           0,          37,      -4.423763738,      -3.639998488,      -3.426377128,      -1.934778002,      -10.01800468
          0,           0,          38,       -4.41813721,      -3.662984756,      -3.441037925,      -1.928823924,      -10.01778833
          0,           0,          39,      -4.412449274,      -3.681259524,      -3.452541157,      -1.922850551,      -10.01765754
          0,           0,          40,      -4.407169765,       -3.69333813,      -3.459537965,      -1.917342228,      -10.01787827
          0,           0,          41,      -4.402746615,      -3.698351086,      -3.460961046,      -1.912753456,      -10.01873474
          0,           0,          42,      -4.399555057,      -3.696305724,      -3.456323159,      -1.909460251,      -10.02047642
          0,           0,          43,      -4.397864138,       -3.68805162,       -3.44588835,      -1.907729288,      -10.02321517
          0,           0,          44,      -4.397819447,       -3.67497651,        -3.4306105,      -1.907702843,      -10.02696865
          0,           0,          45,      -4.399437865,      -3.658616283,      -3.411872139,         -1.909395,      -10.03164244
          0,           0,          46,      -4.402609726,      -3.640354996,      -3.391164525,      -1.912694358,      -10.03705306
          0,           0,          47,      -4.407105593,      -3.621278244,      -3.369840803,      -1.917370551,      -10.04292203
          0,           0,          48,      -4.412587266,      -3.602151435,      -3.348990487,      -1.923084307,      -10.04886358
          0,           0,          49,      -4.418625325,      -3.583466783,      -3.329414331,      -1.929403542,      -10.05443458
          0,           0,          50,      -4.424726841,      -3.565514945,       -3.31165594,      -1.935829428,      -10.05926156
          0,           0,          51,      -4.430376237,      -3.548457358,      -3.296054614,       -1.94183592,      -10.06292649
          0,           0,          52,      -4.435088647,      -3.532389211,      -3.282799478,      -1.946922746,      -10.06518781
          0,           0,          53,       -4.43846928,      -3.517389335,      -3.271976959,      -1.950675902,      -10.06595241
          0,           0,          54,      -4.440266473,      -3.503556174,      -3.263609941,      -1.952823393,      -10.06527299
          0,           0,          55,      -4.440404554,      -3.491029823,      -3.257689288,      -1.953271645,      -10.06331276
          0,           0,          56,      -4.438987264,      -3.480000743,        -3.2541987,      -1.952112126,      -10.06031268
          0,           0,          57,      -4.436271915,      -3.470707111,      -3.253133366,      -1.949597126,      -10.05664456
          0,           0,          58,      -4.432623517,       -3.46342373,      -3.254512293,      -1.946093535,      -10.05270244
          0,           0,          59,       -4.42846235,      -3.458446047,        -3.2583839,      -1.942028473,      -10.04895795
          0,           0,          60,      -4.424216539,      -3.456072562,      -3.264824613,      -1.937839248,       -10.0458371
          0,           0,          61,      -4.420285688,      -3.456587942,      -3.273930212,      -1.933934554,      -10.04365287
          0,           0,          62,       -4.41701642,       -3.46024766,      -3.285799817,      -1.930668306,      -10.04284628
          0,           0,          63,      -4.414687541,      -3.467263493,      -3.300512165,       -1.92832393,       -10.0434593
          0,           0,          64,      -4.413501666,      -3.477787825,      -3.318093142,      -1.927105883,      -10.04547567
          0,           0,          65,      -4.413580966,      -3.491893462,      -3.338472715,      -1.927135859,      -10.04877672
          0,           0,          66,      -4.414965761,      -3.509544506,      -3.361428777,      -1.928452207,      -10.05323228
          0,           0,          67,      -4.417615925,      -3.530553085,       -3.38651673,      -1.931012381,      -10.05867449
          0,           0,          68,       -4.42141577,      -3.554516955,      -3.412989213,      -1.934698967,      -10.06493882
          0,           0,          69,      -4.426183444,      -3.580736651,      -3.439724298,      -1.939330169,      -10.07153469
          0,           0,          70,      -4.431685719,      -3.608122364,      -3.465205073,      -1.944675495,      -10.07801841
          0,           0,          71,      -4.437658402,      -3.635126159,      -3.487619829,      -1.950476661,       -10.0840437
          0,           0,          72,      -4.443831345,      -3.659773948,      -3.505146451,      -1.956472515,      -10.08930712
          0,           0,          73,      -4.449955366,      -3.679897457,      -3.516398412,      -1.962425175,       -10.0936363
          0,           0,          74,      -4.455826824,      -3.693611154,      -3.520855191,      -1.968143206,      -10.09699891
          0,           0,          75,      -4.461305259,      -3.699894702,      -3.519021768,       -1.97349751,      -10.09934331
          0,           0,          76,        -4.4663221,      -3.698950766,      -3.512207333,      -1.978428331,      -10.10082173
          0,           0,          77,      -4.470879899,      -3.692080638,      -3.502073601,      -1.982943301,      -10.10173764
          0,           0,          78,      -4.475042559,      -3.681169401,      -3.490210517,      -1.987107284,      -10.10229256
          0,           0,          79,      -4.478918986,      -3.668119146,       -3.47789047,      -1.991026474,      -10.10274962
          0,           0,          80,       -4.48264439,      -3.654486328,       -3.46600065,        -1.9948307,      -10.10329605
          0,           0,          81,      -4.486363169,      -3.641360405,      -3.455083083,      -1.998657535,      -10.10405097
          0,           0,          82,      -4.490215876,      -3.629397026,      -3.445415804,        -2.0026404,      -10.10517962
          0,           0,          83,      -4.494331107,      -3.618912941,      -3.437096339,      -2.006901273,      -10.10655443
          0,           0,          84,      -4.498821748,      -3.609987831,      -3.430111491,        -2.0115474,      -10.10814996
          0,           0,          85,      -4.503784303,      -3.602551433,      -3.424389819,      -2.016670734,      -10.10998867
          0,           0,          86,      -4.509299732,      -3.596451667,      -3.419838237,      -2.022348668,       -10.1119062
          0,           0,          87,      -4.515434406,      -3.591505839,      -3.416365677,      -2.028644719,       -10.1139297
          0,           0,          88,      -4.522240011,       -3.58753792,       -3.41389685,      -2.035608121,      -10.11603355
          0,           0,          89,       -4.52975163,      -3.584404254,      -3.412378839,      -2.043271595,      -10.11831402
          0,           0,          90,      -4.537983541,      -3.582009274,      -3.411782826,      -2.051646867,      -10.12080599
          0,           0,          91,      -4.546922527,      -3.580312455,      -3.412102813,      -2.060717741,       -10.1231871
          0,           0,          92,        -4.5565188,      -3.579327925,      -3.413352724,      -2.070430827,      -10.12541448
          0,           0,          93,      -4.566674926,       -3.57911842,      -3.415562725,      -2.080684318,      -10.12762926
          0,           0,          94,      -4.577233655,      -3.579785471,      -3.418775194,      -2.091315763,      -10.12947315
          0,           0,          95,      -4.587966776,      -3.581457516,      -3.423040572,         -2.102091,      -10.13076272
          0,           0,          96,      -4.598567528,      -3.584277554,      -3.428412988,      -2.112696895,      -10.13120382
          0,           0,          97,      -4.608650885,      -3.588391338,      -3.434945394,      -2.122742288,      -10.13059885
          0,           0,          98,      -4.617766986,       -3.59393642,      -3.442683968,      -2.131772504,      -10.12893764
          0,           0,          99,      -4.625432437,      -3.601031949,      -3.451661534,      -2.139302071,      -10.12606842
          0,           0,         100,      -4.631181046,      -3.609768652,      -3.461889802,      -2.144866893,      -10.12204842
          0,           0,         101,      -4.634628834,      -3.620198286,      -3.473350263,      -2.148090151,      -10.11696691
          0,           0,         102,      -4.635540271,      -3.632321762,      -3.485983602,        -2.1487483,      -10.11092931
          0,           0,         103,      -4.633877538,      -3.646074891,       -3.49967772,      -2.146818676,      -10.10401672
          0,           0,         104,      -4.629816281,      -3.661311588,      -3.514255063,      -2.142492579,       -10.0964088
          0,           0,         105,      -4.623721621,      -3.677784958,      -3.529460089,      -2.136148556,      -10.08839478
          0,           0,         106,      -4.616092978,      -3.695127879,      -3.544948798,      -2.128295332,      -10.08025886
          0,           0,         107,      -4.607495144,      -3.712837262,      -3.560283408,      -2.119502319,      -10.07222071
          0,           0,         108,      -4.598493707,       -3.73026936,      -3.574936779,      -2.110335624,      -10.06446775
          0,           0,         109,      -4.589606559,      -3.746656859,      -3.588311932,      -2.101310781,      -10.05717313
          0,           0,         110,      -4.581275098,        -3.7611593,      -3.599781215,      -2.092865281,       -10.0505464
          0,           0,         111,      -4.573852678,        -3.7729526,      -3.608745732,      -2.085348125,       -10.0447604
          0,           0,         112,      -4.567605327,      -3.781348647,      -3.614708371,      -2.079021292,      -10.03980387
          0,           0,         113,      -4.562719583,      -3.785915807,      -3.617345353,      -2.074068012,      -10.03572353
          0,           0,         114,      -4.559313437,      -3.786558959,      -3.616556356,      -2.070603895,      -10.03251058
          0,           0,         115,      -4.557447667,      -3.783526846,      -3.612477231,      -2.068688305,      -10.03018436
          0,           0,         116,      -4.557136046,      -3.777344414,       -3.60545162,      -2.068334494,      -10.02871288
          0,           0,         117,      -4.558353673,      -3.768699338,      -3.595972171,      -2.069517826,      -10.02804342
          0,           0,         118,      -4.561043191,      -3.758324314,      -3.584610248,       -2.07218184,      -10.02803902
          0,           0,         119,       -4.56511892,      -3.746906323,      -3.571951927,      -2.076242224,      -10.02859738
          0,           0,         120,      -4.570469083,      -3.735034303,      -3.558550811,       -2.08158887,      -10.02967354
          0,           0,         121,       -4.57695646,      -3.723180816,      -3.544900065,      -2.088086337,      -10.03111667
          0,           0,         122,      -4.584417867,      -3.711706517,      -3.531420629,      -2.095573143,      -10.03289655
          0,           0,         123,       -4.59266304,      -3.700876362,      -3.518460578,      -2.103860455,      -10.03483446
          0,           0,         124,      -4.601473651,      -3.690879575,      -3.506300902,      -2.112730894,      -10.03684782
          0,           0,         125,      -4.610603337,      -3.681848911,       -3.49516421,      -2.121938384,      -10.03886926
          0,           0,         126,       -4.61977976,      -3.673876955,      -3.485224182,      -2.131210038,      -10.04078597
          0,           0,         127,      -4.628709792,       -3.66702905,      -3.476614645,      -2.140251235,      -10.04246305
          0,           0,         128,      -4.637088635,      -3.661352976,      -3.469437749,      -2.148754707,      -10.04392424
          0,           0,         129,      -4.644613218,        -3.6568859,      -3.463771085,      -2.156414036,       -10.0450898
          0,           0,         130,      -4.650999349,      -3.653659081,      -3.459673705,      -2.162941043,      -10.04587778
          0,           0,         131,      -4.656001036,      -3.651700874,      -3.457191086,      -2.168085467,      -10.04630731
          0,           0,         132,      -4.659429326,      -3.651038281,      -3.456359049,      -2.171654241,      -10.04639776
          0,           0,         133,      -4.661167492,      -3.651697234,      -3.457206608,      -2.173527109,      -10.04611535
          0,           0,         134,      -4.661179661,      -3.653701662,      -3.459757613,      -2.173665536,      -10.04551047
          0,           0,         135,      -4.659511235,      -3.657071237,      -3.464031114,      -2.172113239,      -10.04463688
          0,           0,         136,       -4.65628117,      -3.661817934,      -3.470040189,      -2.168988365,      -10.04354406
          0,           0,         137,      -4.651667786,       -3.66794112,      -3.477788988,      -2.164469073,      -10.04225904
          0,           0,         138,      -4.645891045,      -3.675420897,      -3.487267565,      -2.158775505,        -10.040812
          0,           0,         139,      -4.639194415,      -3.684209463,      -3.498443959,       -2.15215138,      -10.03923712
          0,           0,         140,      -4.631828761,      -3.694220336,      -3.511252879,      -2.144847707,      -10.03758971
          0,           0,         141,      -4.624039688,      -3.705315275,      -3.525580304,      -2.137110059,      -10.03591054
          0,           0,         142,      -4.616058703,      -3.717289628,      -3.541243442,       -2.12916978,      -10.03423204
          0,           0,         143,      -4.608097869,      -3.729857191,       -3.55796613,      -2.121238753,      -10.03254333
          0,           0,         144,      -4.600347229,      -3.742637304,      -3.575351221,      -2.113506958,      -10.03085605
          0,           0,         145,      -4.592974137,      -3.755148871,      -3.592854397,      -2.106141936,      -10.02921796
          0,           0,         146,      -4.586123751,      -3.766817927,       -3.60976854,      -2.099289396,      -10.02765809
          0,           0,         147,      -4.579920096,      -3.777006348,      -3.625233425,      -2.093074352,      -10.02617788
          0,           0,         148,      -4.574467308,      -3.785067019,      -3.638288879,      -2.087602384,       -10.0247904
          0,           0,         149,       -4.56985079,       -3.79042352,      -3.647984098,      -2.082960795,      -10.02351314
          0,           0,         150,      -4.566138189,      -3.792660599,      -3.653535234,       -2.07921954,      -10.02235492
          0,           0,         151,      -4.563380124,      -3.791600723,      -3.654490987,      -2.076431897,      -10.02128638
          0,           0,         152,      -4.561610671,       -3.78734036,      -3.650842836,      -2.074634874,      -10.02027201
          0,           0,         153,      -4.560847549,      -3.780232044,      -3.643029041,       -2.07384931,      -10.01928587
          0,           0,         154,      -4.561091946,      -3.770819337,      -3.631830404,      -2.074079608,      -10.01827071
          0,           0,         155,      -4.562328126,      -3.759748417,       -3.61820626,      -2.075313232,      -10.01720651
          0,           0,         156,      -4.564523039,      -3.747682969,      -3.603134518,      -2.077520194,       -10.0160033
          0,           0,         157,      -4.567626084,      -3.735240111,      -3.587498258,      -2.080652675,      -10.01460248
          0,           0,         158,      -4.571569023,      -3.722952966,       -3.57202875,      -2.084644785,      -10.01295891
          0,           0,         159,      -4.576266128,      -3.711256506,      -3.557293001,      -2.089412525,      -10.01100795
          0,           0,         160,      -4.581614683,      -3.700489408,      -3.543707648,      -2.094854106,      -10.00873204
          0,           0,         161,      -4.587496045,      -3.690904717,      -3.531564081,      -2.100850798,      -10.00605579
          0,           0,         162,      -4.593777401,       -3.68268393,      -3.521055344,       -2.10726849,      -10.00294128
          0,           0,         163,      -4.600314358,      -3.675951189,      -3.512300155,       -2.11396011,      -9.999412928
          0,           0,         164,      -4.606954409,      -3.670785898,      -3.505362395,      -2.120768991,      -9.995527703
          0,           0,         165,      -4.613541223,      -3.667233102,      -3.500265999,      -2.127533165,      -9.991302082
          0,           0,         166,      -4.619919595,      -3.665311471,       -3.49700582,      -2.134090463,      -9.986731651
          0,           0,         167,      -4.625940781,      -3.665019257,      -3.495555206,      -2.140284162,      -9.981835632
          0,           0,         168,        -4.6314678,      -3.666338293,      -3.495870958,      -2.145968793,      -9.976665869
          0,           0,         169,      -4.636380284,      -3.669236201,      -3.497896203,      -2.151015616,      -9.971271612
          0,           0,         170,      -4.640578437,      -3.673667121,      -3.501561574,      -2.155317291,      -9.965687926
          0,           0,         171,      -4.643985794,      -3.679571047,      -3.506784978,      -2.158791343,      -9.959947728
          0,           0,         172,      -4.646550656,       -3.68687176,      -3.513470067,      -2.161382178,      -9.954113083
          0,           0,         173,      -4.648246282,      -3.695473429,      -3.521503513,      -2.163061667,      -9.948215132
          0,           0,         174,      -4.649070081,      -3.705255953,      -3.530751174,      -2.163828468,      -9.942300673
          0,           0,         175,      -4.649042136,      -3.716069083,      -3.541053266,      -2.163706415,      -9.936498248
          0,           0,         176,        -4.6482034,      -3.727725671,      -3.552218852,      -2.162742329,      -9.930851762
          0,           0,         177,      -4.646613783,      -3.739994685,      -3.564020154,      -2.161003542,      -9.925286356
          0,           0,         178,      -4.644350246,      -3.752595088,      -3.576187647,      -2.158575327,      -9.919818639
          0,           0,         179,      -4.641504865,      -3.765192401,      -3.588407409,      -2.155558281,      -9.914455011
          0,           0,         180,      -4.638182766,      -3.777400464,      -3.600322712,      -2.152065634,       -9.90919838
          0,           0,         181,       -4.63449978,      -3.788791384,       -3.61154224,      -2.148220408,      -9.904103253
          0,           0,         182,      -4.630579736,      -3.798916385,      -3.621657096,      -2.144152356,      -9.899169524
          0,           0,         183,      -4.626551374,      -3.807338626,      -3.630267612,      -2.139994687,      -9.894393726
          0,           0,         184,      -4.622544943,       -3.81367584,      -3.637018494,      -2.135880629,      -9.889807525
          0,           0,         185,      -4.618688643,      -3.817646309,      -3.641637578,      -2.131939949,      -9.885424178
          0,           0,         186,      -4.615105063,      -3.819108058,      -3.643970508,      -2.128295567,      -9.881220187
          0,           0,         187,      -4.611907819,      -3.818080752,      -3.644002761,      -2.125060398,      -9.877231009
          0,           0,         188,      -4.609198517,      -3.814743643,      -3.641862832,       -2.12233455,      -9.873469441
          0,           0,         189,      -4.607064161,      -3.809410111,      -3.637805492,      -2.120202945,      -9.870048684
          0,           0,         190,       -4.60557506,      -3.802486285,      -3.632179615,      -2.118733411,      -9.867046857
          0,           0,         191,      -4.604783251,      -3.794424425,       -3.62538873,      -2.117975257,      -9.864405557
          0,           0,         192,      -4.604721428,       -3.78568083,      -3.617852641,      -2.117958319,       -9.86202929
          0,           0,         193,      -4.605402374,      -3.776684026,       -3.60997613,      -2.118692471,      -9.859856691
          0,           0,         194,      -4.606818856,      -3.767815043,      -3.602127345,       -2.12016759,      -9.857886238
          0,           0,         195,      -4.608944025,      -3.759398297,      -3.594625676,         -2.122354,      -9.856222461
          0,           0,         196,        -4.6117323,      -3.751700155,      -3.587737243,      -2.125203405,      -9.854909747
          0,           0,         197,      -4.615120793,      -3.744932301,      -3.581675586,      -2.128650368,      -9.853836099
          0,           0,         198,      -4.619031297,      -3.739257544,      -3.576605377,      -2.132614362,      -9.852961217
          0,           0,         199,      -4.623372848,       -3.73479632,      -3.572647476,      -2.137002409,      -9.852235807
          0,           0,         200,      -4.628044853,       -3.73163285,      -3.569884228,        -2.1417123,      -9.851630179
          0,           0,         201,      -4.632940707,      -3.729820367,      -3.568364308,        -2.1466363,      -9.851102101
          0,           0,         202,      -4.637951752,       -3.72938528,      -3.568106814,      -2.151665192,      -9.850663729
          0,           0,         203,      -4.642971355,      -3.730330056,      -3.569104471,      -2.156692412,      -9.850250408
          0,           0,         204,      -4.647898827,      -3.732634905,      -3.571325966,      -2.161617989,        -9.8498372
          0,           0,         205,      -4.652642887,      -3.736258347,      -3.574717516,      -2.166351967,      -9.849427027
          0,           0,         206,      -4.657124361,      -3.741136778,      -3.579203777,      -2.170817014,      -9.849002031
          0,           0,         207,      -4.661277932,      -3.747183167,       -3.58468831,      -2.174950008,      -9.848570215
          0,           0,         208,      -4.665052819,      -3.754285018,       -3.59105378,      -2.178702533,       -9.84811599
          0,           0,         209,      -4.668412474,       -3.76230193,      -3.598162161,      -2.182040339,      -9.847612938
          0,           0,         210,      -4.671333452,       -3.77106311,      -3.605855233,       -2.18494201,      -9.847076576
          0,           0,         211,      -4.673803799,        -3.7803655,      -3.613955743,      -2.187397167,      -9.846484014
          0,           0,         212,       -4.67582127,      -3.789973236,      -3.622269623,      -2.189404564,      -9.845836595
          0,           0,         213,      -4.677391703,        -3.7996195,      -3.630589676,      -2.190970396,      -9.845130902
          0,           0,         214,      -4.678527759,      -3.809011919,      -3.638701033,       -2.19210706,      -9.844365906
          0,           0,         215,      -4.679248156,      -3.817842578,       -3.64638856,      -2.192832474,      -9.843536586
          0,           0,         216,      -4.679577399,      -3.825803086,      -3.653446077,      -2.193169942,      -9.842626162
          0,           0,         217,      -4.679545857,      -3.832604283,      -3.659686885,      -2.193148405,      -9.841645368
          0,           0,         218,      -4.679189997,      -3.837998805,      -3.664954676,      -2.192802868,      -9.840581459
          0,           0,         219,      -4.678552551,      -3.841803317,      -3.669133551,      -2.192174742,      -9.839430358
          0,           0,         220,      -4.677682397,      -3.843916388,      -3.672155768,      -2.191311873,      -9.838195356
          0,           0,         221,      -4.676634004,      -3.844328254,      -3.674006002,      -2.190268103,      -9.836871437
          0,           0,         222,      -4.675466388,      -3.843120215,      -3.674721428,       -2.18910227,      -9.835442329
          0,           0,         223,      -4.674241588,      -3.840453842,      -3.674387595,      -2.187876691,      -9.833900074
          0,           0,         224,      -4.673022761,      -3.836552418,      -3.673130775,      -2.186655218,      -9.832247143
          0,           0,         225,      -4.671872059,      -3.831678487,      -3.671107993,      -2.185501028,      -9.830508733
          0,           0,         226,      -4.670848446,      -3.826111504,      -3.668496122,      -2.184474343,      -9.828658191
          0,           0,         227,      -4.670005637,       -3.82012865,      -3.665481309,      -2.183630252,      -9.826669054
          0,           0,         228,      -4.669390299,      -3.813990424,      -3.662249707,      -2.183016801,      -9.824563771
          0,           0,         229,      -4.669040624,      -3.807931355,      -3.658980035,      -2.182673461,      -9.822340312
          0,           0,         230,      -4.668985339,       -3.80215522,      -3.655838117,       -2.18263005,      -9.819973641
          0,           0,         231,       -4.66924319,      -3.796833746,      -3.652973251,      -2.182906141,      -9.817460893
          0,           0,         232,      -4.669822886,      -3.792107656,      -3.650516116,      -2.183510954,      -9.814816525
          0,           0,         233,       -4.67072348,      -3.788089125,      -3.648577837,      -2.184443704,      -9.812033228
          0,           0,         234,      -4.671935138,      -3.784864839,      -3.647249853,      -2.185694352,      -9.809141352
          0,           0,         235,      -4.673440222,      -3.782499176,      -3.646604262,      -2.187244689,       -9.80613949
          0,           0,         236,       -4.67521463,      -3.781037159,      -3.646694413,      -2.189069695,      -9.803003013
          0,           0,         237,      -4.677229305,       -3.78050699,      -3.647555529,      -2.191139087,      -9.799762954
          0,           0,         238,      -4.679451829,      -3.780922045,      -3.649205255,      -2.193418954,      -9.796394057
          0,           0,         239,      -4.681848016,      -3.782282332,      -3.651644033,      -2.195873427,      -9.792919979
          0,           0,         240,      -4.684383439,      -3.784575412,      -3.654855279,      -2.198466268,      -9.789360085
          0,           0,         241,      -4.687024785,      -3.787776741,      -3.658805341,      -2.201162315,      -9.785715776
          0,           0,         242,      -4.689741003,      -3.791849534,      -3.663443282,      -2.203928717,      -9.781995392
          0,           0,         243,      -4.692504188,      -3.796744131,      -3.668700557,      -2.206735897,      -9.778194436
          0,           0,         244,      -4.695290185,      -3.802396966,      -3.674490693,      -2.209558233,      -9.774340024
          0,           0,         245,      -4.698078885,      -3.808729199,      -3.680709176,      -2.212374422,      -9.770467263
          0,           0,         246,      -4.700854247,      -3.815645189,      -3.687233728,      -2.215167554,      -9.766559701
          0,           0,         247,      -4.703604083,      -3.823031066,      -3.693925291,      -2.217924926,      -9.762650706
          0,           0,         248,      -4.706319628,      -3.830753564,      -3.700630008,      -2.220637636,       -9.75872553
          0,           0,         249,      -4.708994989,      -3.838659587,      -3.707182536,      -2.223300028,       -9.75478581
          0,           0,         250,      -4.711626497,      -3.846576921,      -3.713410917,      -2.225909033,      -9.750833116
          0,           0,         251,      -4.714212041,      -3.854316667,       -3.71914312,      -2.228463472,      -9.746878894
          0,           0,         252,      -4.716750407,      -3.861677844,      -3.724215109,      -2.230963365,      -9.742920489
          0,           0,         253,      -4.719240676,      -3.868454551,      -3.728479956,      -2.233409278,      -9.739012047
          0,           0,         254,      -4.721681694,      -3.874445696,      -3.731817219,      -2.235801747,      -9.735127664
          0,           0,         255,      -4.724071634,      -3.879466815,      -3.734141483,      -2.238140786,       -9.73129525
          0,           0,         256,      -4.726407657,      -3.883363001,      -3.735408935,      -2.240425491,       -9.72754652
          0,           0,         257,      -4.728685672,      -3.886021258,      -3.735620976,      -2.242653746,       -9.72388321
          0,           0,         258,      -4.730900204,      -3.887380505,      -3.734824288,      -2.244822027,       -9.72030409
          0,           0,         259,      -4.733044348,      -3.887437466,      -3.733107347,      -2.246925305,      -9.716813312
          0,           0,         260,      -4.735109839,      -3.886247362,      -3.730593957,      -2.248957054,      -9.713415052
          0,           0,         261,      -4.737087202,      -3.883919268,      -3.727434778,      -2.250909358,      -9.710116611
          0,           0,         262,      -4.738966015,      -3.880606973,      -3.723798016,      -2.252773107,      -9.706921114
          0,           0,         263,      -4.740735256,      -3.876496957,      -3.719860355,      -2.254538311,      -9.703832747
          0,           0,         264,      -4.742383735,      -3.871795324,      -3.715798965,      -2.256194496,      -9.700865518
          0,           0,         265,      -4.743900617,      -3.866715422,      -3.711785062,      -2.257731188,      -9.698028321
          0,           0,         266,       -4.74527599,      -3.861467298,      -3.707979186,      -2.259138468,      -9.695323028
          0,           0,         267,       -4.74650148,      -3.856249637,        -3.7045281,      -2.260407589,      -9.692788139
          0,           0,         268,       -4.74757088,       -3.85124428,      -3.701563048,        -2.2615316,      -9.690452613
          0,           0,         269,      -4.748480762,      -3.846613045,      -3.699199072,       -2.26250599,      -9.688312893
          0,           0,         270,      -4.749231033,      -3.842496334,      -3.697535043,      -2.263329278,      -9.686347611
          0,           0,         271,      -4.749825415,       -3.83901313,      -3.696654122,      -2.264003546,      -9.684509405
          0,           0,         272,       -4.75027181,      -3.836261724,      -3.696624404,      -2.264534861,      -9.682748164
          0,           0,         273,      -4.750582529,      -3.834320938,      -3.697499536,      -2.264933578,      -9.681049753
          0,           0,         274,      -4.750774372,      -3.833251371,      -3.699319163,      -2.265214492,      -9.679526416
          0,           0,         275,      -4.750868548,      -3.833096474,      -3.702109085,      -2.265396832,      -9.678302328
          0,           0,         276,      -4.750890446,      -3.833883429,      -3.705881038,      -2.265504104,       -9.67740493
          0,           0,         277,      -4.750869259,      -3.835623601,      -3.710632019,      -2.265563776,      -9.676716079
          0,           0,         278,      -4.750837481,      -3.838312585,      -3.716343122,      -2.265606834,      -9.676104871
          0,           0,         279,      -4.750830316,      -3.841929778,      -3.722977832,      -2.265667229,      -9.675514397
          0,           0,         280,         -4.750885,      -3.846437514,      -3.730479818,      -2.265781228,      -9.674931206
          0,           0,         281,      -4.751040071,      -3.851779796,      -3.738770267,       -2.26598671,      -9.674335958
          0,           0,         282,      -4.751334616,      -3.857880723,      -3.747744912,      -2.266322405,      -9.673719564
          0,           0,         283,      -4.751807495,      -3.864642795,      -3.757271035,      -2.266827125,      -9.673071038
          0,           0,         284,      -4.752496567,      -3.871945268,      -3.767184879,       -2.26753897,      -9.672381214
          0,           0,         285,      -4.753437927,      -3.879643047,      -3.777290149,      -2.268494552,      -9.671641193
          0,           0,         286,      -4.754665149,      -3.887566447,      -3.787358496,      -2.269728213,      -9.670859317
          0,           0,         287,      -4.756208544,      -3.895522595,      -3.797133056,      -2.271271253,      -9.670030665
          0,           0,         288,      -4.758094416,      -3.903298993,      -3.806336139,      -2.273151169,      -9.669158038
          0,           0,         289,      -4.760344317,       -3.91066991,      -3.814681845,      -2.275390875,        -9.6682359
          0,           0,         290,      -4.762974296,      -3.917405951,      -3.821893651,      -2.278007927,      -9.667271508
          0,           0,         291,      -4.765994125,      -3.923286634,      -3.827725805,      -2.281013725,       -9.66626114
          0,           0,         292,      -4.769406516,      -3.928115202,      -3.831985979,      -2.284412693,      -9.665208512
          0,           0,         293,      -4.773206321,      -3.931734073,      -3.834555458,      -2.288201462,       -9.66410039
          0,           0,         294,      -4.777379738,      -3.934038689,      -3.835402884,      -2.292368029,      -9.662930062
          0,           0,         295,       -4.78190354,      -3.934987439,      -3.834588506,      -2.296890958,      -9.661690033
          0,           0,         296,      -4.786744377,      -3.934605763,      -3.832257984,      -2.301738624,      -9.660366265
          0,           0,         297,      -4.791858197,      -3.932983637,      -3.828627152,      -2.306868583,      -9.658944536
          0,           0,         298,      -4.797189897,      -3.930266935,      -3.823961079,      -2.312227147,        -9.6574148
          0,           0,         299,       -4.80267329,      -3.926644348,      -3.818551432,      -2.317749277,      -9.655769669
          0,           0,         300,      -4.808231557,       -3.92233215,      -3.812695694,      -2.323358929,      -9.653996456
          0,           0,         301,      -4.813778283,      -3.917559075,      -3.806680525,      -2.328969999,      -9.652074365
          0,           0,         302,      -4.819219242,      -3.912553084,      -3.800770182,      -2.334488004,      -9.649986293
          0,           0,         303,      -4.824454993,      -3.907531015,      -3.795199756,      -2.339812596,      -9.647725602
          0,           0,         304,       -4.82938435,      -3.902691442,      -3.790172351,      -2.344840966,      -9.645285924
          0,           0,         305,      -4.833908639,      -3.898210424,        -3.7858591,      -2.349472098,      -9.642654717
          0,           0,         306,      -4.837936575,       -3.89423967,      -3.782400938,      -2.353611693,      -9.639823631
          0,           0,         307,      -4.841389435,      -3.890906416,      -3.779911279,      -2.357177465,      -9.636795342
          0,           0,         308,      -4.844206082,      -3.888314406,      -3.778478955,      -2.360104356,      -9.633575081
          0,           0,         309,      -4.846347332,      -3.886545431,      -3.778170982,      -2.362349161,      -9.630182445
          0,           0,         310,      -4.847799175,      -3.885661138,      -3.779034888,      -2.363894029,      -9.626638354
          0,           0,         311,      -4.848574432,      -3.885704699,      -3.781100439,      -2.364748407,      -9.622976847
          0,           0,         312,      -4.848712654,      -3.886702223,      -3.784380661,      -2.364949176,      -9.619233294
          0,           0,         313,      -4.848278257,      -3.888663884,      -3.788872117,      -2.364558952,      -9.615458569
          0,           0,         314,      -4.847357155,      -3.891584559,      -3.794554399,      -2.363662799,      -9.611680985
          0,           0,         315,       -4.84605228,      -3.895444079,      -3.801388817,      -2.362363732,      -9.607914211
          0,           0,         316,      -4.844478523,      -3.900207038,      -3.809316283,      -2.360777561,      -9.604211716
          0,           0,         317,      -4.842757565,      -3.905822223,      -3.818254422,      -2.359027576,      -9.600586086
          0,           0,         318,      -4.841013036,      -3.912221742,      -3.828094033,      -2.357239523,      -9.596999068
          0,           0,         319,      -4.839366283,       -3.91931992,      -3.838695111,        -2.3555372,      -9.593404914
          0,           0,         320,      -4.837932918,      -3.927012224,      -3.849882862,      -2.354038837,      -9.589804253
          0,           0,         321,      -4.836820179,      -3.935174269,       -3.86144439,      -2.352854322,      -9.586222984
          0,           0,         322,       -4.83612504,       -3.94366147,       -3.87312708,      -2.352083211,      -9.582740341
          0,           0,         323,      -4.835932965,      -3.952309583,      -3.884640049,      -2.351813415,      -9.579379658
          0,           0,         324,      -4.836317145,      -3.960936599,      -3.895660254,      -2.352120399,      -9.576162107
          0,           0,         325,      -4.837338083,      -3.969346499,       -3.90584473,      -2.353066743,      -9.573133032
          0,           0,         326,      -4.839043357,      -3.977335206,      -3.914849786,      -2.354701909,      -9.570245707
          0,           0,         327,      -4.841467466,      -3.984698868,      -3.922356518,      -2.357062093,      -9.567495193
          0,           0,         328,      -4.844631632,      -3.991244344,      -3.928100012,      -2.360170046,      -9.564892422
          0,           0,         329,      -4.848543501,      -3.996800998,      -3.931897559,      -2.364034784,      -9.562449767
          0,           0,         330,      -4.853196685,      -4.001232656,      -3.933670078,      -2.368651145,      -9.560144305
          0,           0,         331,      -4.858570122,      -4.004448078,      -3.933451702,      -2.373999156,      -9.558026049
          0,           0,         332,      -4.864627264,      -4.006408309,      -3.931385097,      -2.380043209,      -9.556064413
          0,           0,         333,      -4.871315112,      -4.007129631,      -3.927703721,      -2.386731092,      -9.554258722
          0,           0,         334,      -4.878563187,      -4.006681584,      -3.922705403,      -2.393992916,      -9.552603156
          0,           0,         335,       -4.88628255,      -4.005180422,      -3.916722964,      -2.401740096,      -9.551127732
          0,           0,         336,      -4.894365117,      -4.002779186,      -3.910097083,      -2.409864594,       -9.54978681
          0,           0,         337,      -4.902683547,      -3.999655954,      -3.903154803,      -2.418238732,      -9.548587452
          0,           0,         338,      -4.911092091,      -3.996001895,      -3.896194961,      -2.426715949,      -9.547487982
          0,           0,         339,      -4.919428776,       -3.99201049,      -3.889480173,      -2.435132901,       -9.54647632
          0,           0,         340,      -4.927519298,      -3.987868733,       -3.88323406,      -2.443313293,      -9.545536986
          0,           0,         341,      -4.935182906,      -3.983750682,      -3.877642119,      -2.451073739,      -9.544613996
          0,           0,         342,      -4.942240312,      -3.979813295,      -3.872854769,      -2.458231726,      -9.543717087
          0,           0,         343,      -4.948523358,       -3.97619421,      -3.868991435,      -2.464615408,      -9.542862452
          0,           0,         344,      -4.953885721,      -3.973011028,      -3.866144856,      -2.470074545,      -9.542079941
          0,           0,         345,       -4.95821354,      -3.970361663,      -3.864385149,      -2.474491428,        -9.5413991
          0,           0,         346,      -4.961434559,      -3.968325321,      -3.863763333,       -2.47779037,      -9.540843127
          0,           0,         347,      -4.963524403,      -3.966963789,       -3.86431418,      -2.479944303,      -9.540426214
          0,           0,         348,      -4.964508943,      -3.966322796,      -3.866058364,      -2.480977387,      -9.540093211
          0,           0,         349,      -4.964462335,      -3.966433289,      -3.869003875,      -2.480963171,      -9.539766321
          0,           0,         350,      -4.963501089,      -3.967312505,      -3.873146734,      -2.480018635,      -9.539395142
          0,           0,         351,      -4.961775144,      -3.968964786,      -3.878471011,      -2.478295117,      -9.538959788
          0,           0,         352,      -4.959457346,      -3.971382119,      -3.884948155,      -2.475967551,      -9.538444998
          0,           0,         353,      -4.956732712,      -3.974544379,      -3.892535636,      -2.473223458,      -9.537840439
          0,           0,         354,      -4.953788648,      -3.978419275,      -3.901174902,      -2.470252914,      -9.537135032
          0,           0,         355,      -4.950806876,      -3.982962161,       -3.91078868,      -2.467240254,      -9.536323121
          0,           0,         356,      -4.947957367,      -3.988115617,      -3.921277681,       -2.46435786,      -9.535412044
          0,           0,         357,      -4.945394269,      -3.993808993,      -3.932516869,      -2.461761995,      -9.534398688
          0,           0,         358,       -4.94325354,      -3.999958007,      -3.944351594,      -2.459590393,       -9.53328446
          0,           0,         359,       -4.94165193,      -4.006464576,      -3.956594069,      -2.457961242,       -9.53207335
          0,           0,         360,      -4.940686884,      -4.013217057,      -3.969020993,      -2.456973107,      -9.530770321
          0,           0,         361,       -4.94043703,      -4.020091139,      -3.981373359,      -2.456705455,      -9.529385548
          0,           0,         362,      -4.940962923,      -4.026951569,      -3.993359802,      -2.457219441,      -9.527917376
          0,           0,         363,      -4.942307848,      -4.033655053,       -4.00466486,      -2.458558742,      -9.526379613
          0,           0,         364,      -4.944498486,      -4.040054373,      -4.014963223,      -2.460750262,      -9.524780988
          0,           0,         365,      -4.947545363,      -4.046003742,      -4.023940124,      -2.463804606,      -9.523114102
          0,           0,         366,      -4.951443006,      -4.051365294,      -4.031316504,      -2.467716246,      -9.521391663
          0,           0,         367,      -4.956169798,       -4.05601629,      -4.036875744,      -2.472463396,      -9.519618208
          0,           0,         368,       -4.96168755,      -4.059856353,      -4.040487276,      -2.478007568,       -9.51780261
          0,           0,         369,       -4.96794084,      -4.062814005,      -4.042122037,      -2.484292914,       -9.51595285
          0,           0,         370,      -4.974856223,      -4.064851649,       -4.04185611,      -2.491245416,      -9.514046317
          0,           0,         371,      -4.982341462,      -4.065968269,       -4.03986164,      -2.498772092,      -9.512086261
          0,           0,         372,      -4.990284987,      -4.066199531,      -4.036387245,      -2.506760438,      -9.510068507
          0,           0,         373,      -4.998555896,       -4.06561521,      -4.031732369,      -2.515078408,      -9.507982734
          0,           0,         374,      -5.007004872,      -4.064314313,      -4.026220652,      -2.523575312,      -9.505823864
          0,           0,         375,      -5.015466427,      -4.062418616,      -4.020176456,       -2.53208407,      -9.503594679
          0,           0,         376,       -5.02376286,      -4.060065372,      -4.013906998,      -2.540425203,      -9.501278425
          0,           0,         377,      -5.031710204,      -4.057400026,      -4.007690701,      -2.548412837,      -9.498881565
          0,           0,         378,      -5.039126186,      -4.054569548,       -4.00177116,      -2.555862775,      -9.496386443
          0,           0,         379,       -5.04583992,      -4.051716909,       -3.99635542,      -2.562602326,      -9.493793121
          0,           0,         380,      -5.051702601,      -4.048976803,      -3.991615167,      -2.568481159,      -9.491087261
          0,           0,         381,      -5.056598068,      -4.046472624,      -3.987689593,      -2.573382026,      -9.488268919
          0,           0,         382,      -5.060451835,      -4.044314541,      -3.984688973,      -2.577229926,      -9.485342028
          0,           0,         383,      -5.063237223,      -4.042598473,      -3.982698321,      -2.579998292,      -9.482317657
          0,           0,         384,      -5.064977543,      -4.041405701,      -3.981780697,      -2.581711173,      -9.479213433
          0,           0,         385,      -5.065743969,      -4.040802934,       -3.98197994,      -2.582441009,      -9.476060526
          0,           0,         386,      -5.065649456,       -4.04084261,      -3.983322701,      -2.582302395,      -9.472892295
          0,           0,         387,      -5.064839715,      -4.041563251,      -3.985819732,      -2.581442872,       -9.46974422
          0,           0,         388,      -5.063482625,      -4.042989811,      -3.989466397,      -2.580032157,      -9.466658017
          0,           0,         389,      -5.061757471,      -4.045133878,      -3.994242417,      -2.578251233,      -9.463724811
          0,           0,         390,      -5.059845175,      -4.047993709,      -4.000110858,      -2.576282466,      -9.460869406
          0,           0,         391,      -5.057920226,      -4.051554048,      -4.007016358,      -2.574301481,      -9.458008727
          0,           0,         392,      -5.056144628,      -4.055785752,      -4.014882681,      -2.572471097,      -9.455127794
          0,           0,         393,      -5.054663816,      -4.060645266,      -4.023609665,      -2.570937255,      -9.452255716
          0,           0,         394,       -5.05360427,      -4.066074006,      -4.033069794,      -2.569826667,      -9.449422069
          0,           0,         395,      -5.053072435,      -4.071997717,      -4.043104728,      -2.569245785,      -9.446652725
          0,           0,         396,      -5.053154565,      -4.078326073,      -4.053522378,      -2.569280688,      -9.444006362
          0,           0,         397,      -5.053917112,      -4.084952451,       -4.06409534,      -2.569997519,      -9.441512524
          0,           0,         398,      -5.055407383,      -4.091754555,      -4.074561825,      -2.571443184,      -9.439162507
          0,           0,         399,      -5.057654242,      -4.098595803,      -4.084630384,      -2.573646087,       -9.43695012
          0,           0,         400,      -5.060668699,      -4.105327906,      -4.093989703,      -2.576616757,      -9.434909273
          0,           0,         401,      -5.064444317,      -4.111794866,      -4.102324265,       -2.58034828,      -9.433055559
          0,           0,         402,      -5.068957386,       -4.11783852,      -4.109335636,      -2.584816508,      -9.431354733
          0,           0,         403,      -5.074166895,      -4.123305505,      -4.114767556,      -2.589980064,      -9.429820324
          0,           0,         404,      -5.080014366,      -4.128055359,      -4.118431304,      -2.595780205,      -9.428449075
          0,           0,         405,      -5.086423662,      -4.131969058,      -4.120226654,      -2.602140675,      -9.427221645
          0,           0,         406,      -5.093300943,      -4.134957106,      -4.120153852,        -2.6089677,      -9.426183477
          0,           0,         407,      -5.100534993,      -4.136966117,      -4.118313775,      -2.616150359,      -9.425291465
          0,           0,         408,      -5.107998154,      -4.137982976,       -4.11489626,      -2.623561563,      -9.424530459
          0,           0,         409,      -5.115548159,      -4.138035907,      -4.110159386,       -2.63105992,       -9.42391618
          0,           0,         410,      -5.123031147,      -4.137192314,      -4.104404228,      -2.638492765,      -9.423417287
          0,           0,         411,      -5.130286092,      -4.135553736,      -4.097949754,       -2.64570058,      -9.423035987
          0,           0,         412,      -5.137150792,      -4.133248592,      -4.091111402,      -2.652522934,      -9.422756305
          0,           0,         413,      -5.143469293,       -4.13042387,      -4.084185235,      -2.658805811,      -9.422532883
          0,           0,         414,      -5.149100344,      -4.127236578,      -4.077437964,      -2.664409939,      -9.422320509
          0,           0,         415,      -5.153926141,      -4.123845955,      -4.071102083,      -2.669219367,      -9.422112774
          0,           0,         416,      -5.157860402,      -4.120406896,      -4.065374851,      -2.673149362,       -9.42190327
          0,           0,         417,      -5.160854699,      -4.117064882,      -4.060419825,      -2.676152589,      -9.421667931
          0,           0,         418,      -5.162902137,      -4.113952378,       -4.05636979,      -2.678222674,      -9.421434339
          0,           0,         419,      -5.164037801,      -4.111186579,      -4.053330258,      -2.679394598,      -9.421207905
          0,           0,         420,      -5.164335905,      -4.108868349,      -4.051382957,      -2.679741877,      -9.421051519
          0,           0,         421,      -5.163904094,      -4.107081816,      -4.050588947,       -2.67937096,      -9.421003988
          0,           0,         422,      -5.162875765,      -4.105894509,      -4.050991154,      -2.678413679,      -9.421018557
          0,           0,         423,      -5.161401437,      -4.105357855,      -4.052616226,      -2.677018785,       -9.42097601
          0,           0,         424,       -5.15964019,      -4.105507725,      -4.055475657,       -2.67534353,      -9.420850894
          0,           0,         425,      -5.157751957,      -4.106365008,      -4.059566159,      -2.673546093,      -9.420639865
          0,           0,         426,      -5.155891176,      -4.107936004,      -4.064869271,      -2.671779313,      -9.420336503
          0,           0,         427,      -5.154201986,      -4.110212705,      -4.071350203,      -2.670185943,       -9.41991878
          0,           0,         428,      -5.152814922,      -4.113172997,      -4.078955927,      -2.668895361,      -9.419395238
          0,           0,         429,      -5.151844913,      -4.116780547,      -4.087612537,      -2.668021565,      -9.418761102
          0,           0,         430,      -5.151390283,      -4.120984751,      -4.097221975,      -2.667662151,      -9.418032174
          0,           0,         431,      -5.151532466,      -4.125720599,      -4.107658296,      -2.667897992,      -9.417204816
          0,           0,         432,      -5.152336164,      -4.130908713,       -4.11876383,      -2.668793358,      -9.416284228
          0,           0,         433,      -5.153849702,      -4.136455627,      -4.130345779,      -2.670396228,      -9.415274112
          0,           0,         434,      -5.156105411,      -4.142254531,      -4.142174133,      -2.672738635,      -9.414171544
          0,           0,         435,      -5.159119913,       -4.14818672,      -4.153982056,      -2.675836906,      -9.412995271
          0,           0,         436,      -5.162894214,      -4.154123874,      -4.165470183,       -2.67969172,      -9.411751348
          0,           0,         437,      -5.167413572,      -4.159931409,      -4.176316257,      -2.684287936,      -9.410435698
          0,           0,         438,      -5.172647131,      -4.165472816,      -4.186191085,      -2.689594197,      -9.409055276
          0,           0,         439,      -5.178547366,      -4.170615082,      -4.194780724,      -2.695562332,      -9.407624068
          0,           0,         440,       -5.18504941,      -4.175234967,      -4.201813147,      -2.702126666,      -9.406139016
          0,           0,         441,      -5.192070414,      -4.179225588,      -4.207085647,       -2.70920335,      -9.404597787
          0,           0,         442,      -5.199509113,      -4.182502712,      -4.210487879,      -2.716689924,      -9.403012645
          0,           0,         443,      -5.207245861,      -4.185010047,      -4.212015448,      -2.724465354,      -9.401378854
          0,           0,         444,       -5.21514341,      -4.186722942,       -4.21177075,      -2.732390852,       -9.39971235
          0,           0,         445,       -5.22304879,      -4.187649876,      -4.209950838,      -2.740311817,      -9.397997789
          0,           0,         446,      -5.230796639,      -4.187831632,      -4.206825283,      -2.748061258,      -9.396235836
          0,           0,         447,      -5.238214291,      -4.187338171,      -4.202708966,      -2.755465033,      -9.394430654
          0,           0,         448,      -5.245128779,       -4.18626365,      -4.197934989,      -2.762349006,      -9.392563445
          0,           0,         449,      -5.251375559,      -4.184720269,       -4.19283167,      -2.768547951,      -9.390644915
          0,           0,         450,      -5.256808387,      -4.182831618,      -4.187705667,      -2.773915602,      -9.388697651
          0,           0,         451,      -5.261309399,      -4.180726229,      -4.182831504,      -2.778334841,      -9.386694136
          0,           0,         452,      -5.264798156,      -4.178531832,      -4.178446586,      -2.781726785,      -9.384641087
          0,           0,         453,      -5.267238368,      -4.176370574,      -4.174750269,      -2.784057447,      -9.382530457
          0,           0,         454,      -5.268641252,      -4.174355363,      -4.171905535,      -2.785340933,      -9.380367905
          0,           0,         455,       -5.26906496,      -4.172587253,      -4.170042027,      -2.785638629,      -9.378155439
          0,           0,         456,      -5.268610199,      -4.171153776,      -4.169259541,      -2.785054547,      -9.375918415
          0,           0,         457,      -5.267412764,      -4.170128001,      -4.169631336,      -2.783727602,      -9.373645048
          0,           0,         458,      -5.265634157,      -4.169568153,      -4.171206895,      -2.781822014,      -9.371357178
          0,           0,         459,      -5.263451585,      -4.169517595,      -4.174013892,      -2.779517176,      -9.369077908
          0,           0,         460,      -5.261048489,      -4.170005046,      -4.178059256,      -2.776998122,      -9.366875026
          0,           0,         461,      -5.258606423,      -4.171044915,      -4.183329258,      -2.774447424,      -9.364795788
          0,           0,         462,      -5.256298724,      -4.172637639,      -4.189788603,       -2.77203892,      -9.362800748
          0,           0,         463,      -5.254286055,       -4.17477006,      -4.197378531,      -2.769933345,      -9.360872157
          0,           0,         464,      -5.252713639,      -4.177415766,      -4.206013982,      -2.768275663,      -9.358965995
          0,           0,         465,      -5.251709886,      -4.180535441,      -4.215579965,      -2.767193783,      -9.357085717
          0,           0,         466,      -5.251386021,      -4.184077321,      -4.225927413,      -2.766798269,       -9.35524692
          0,           0,         467,      -5.251836379,      -4.187977742,       -4.23686903,      -2.767182701,      -9.353452344
          0,           0,         468,       -5.25313904,      -4.192161954,      -4.248175947,      -2.768424353,      -9.351733781
          0,           0,         469,      -5.255356551,      -4.196545265,      -4.259576408,      -2.770584955,      -9.350083651
          0,           0,         470,      -5.258536534,      -4.201034616,      -4.270758061,      -2.773711324,      -9.348523531
          0,           0,         471,       -5.26271204,      -4.205530748,      -4.281375689,      -2.777835733,      -9.347055227
          0,           0,         472,       -5.26790151,      -4.209930917,      -4.291065975,      -2.782975883,       -9.34568443
          0,           0,         473,      -5.274108275,      -4.214132208,      -4.299469981,      -2.789134412,      -9.344416721
          0,           0,         474,      -5.281319506,      -4.218035373,      -4.306262213,      -2.796297858,      -9.343253666
          0,           0,         475,      -5.289504586,      -4.221548974,      -4.311182764,      -2.804435038,      -9.342214458
          0,           0,         476,      -5.298612881,       -4.22459361,      -4.314066799,       -2.81349484,       -9.34128567
          0,           0,         477,      -5.308570953,      -4.227105851,      -4.314864864,      -2.823403462,      -9.340467743
          0,           0,         478,      -5.319279317,      -4.229041476,      -4.313648904,      -2.834061206,      -9.339756392
          0,           0,         479,      -5.330608974,      -4.230377798,      -4.310602459,       -2.84533906,      -9.339155086
          0,           0,         480,       -5.34239809,      -4.231114669,      -4.305997629,      -2.857075441,      -9.338647852
          0,           0,         481,      -5.354449466,      -4.231274123,      -4.300164475,       -2.86907373,      -9.338253682
          0,           0,         482,       -5.36652976,      -4.230898707,      -4.293459311,      -2.881101557,      -9.337948071
          0,           0,         483,      -5.378371689,      -4.230048675,      -4.286237124,      -2.892893052,      -9.337718138
          0,           0,         484,      -5.389680583,      -4.228798356,      -4.278831031,      -2.904155406,      -9.337554722
          0,           0,         485,      -5.400146436,      -4.227232082,      -4.271539412,       -2.91458085,      -9.337447669
          0,           0,         486,      -5.409461911,      -4.225440049,      -4.264619781,      -2.923864515,        -9.3374142
          0,           0,         487,      -5.417345506,      -4.223514417,      -4.258287699,      -2.931727348,      -9.337416955
          0,           0,         488,      -5.423567391,      -4.221545864,      -4.252718964,      -2.937941625,      -9.337440423
          0,           0,         489,      -5.427973811,      -4.219620706,      -4.248053583,       -2.94235504,      -9.337460193
          0,           0,         490,      -5.430505229,      -4.217818712,      -4.244400418,      -2.944908587,       -9.33747546
          0,           0,         491,      -5.431204087,      -4.216211447,       -4.24184181,      -2.945644226,      -9.337463182
          0,           0,         492,      -5.430210307,      -4.214861253,      -4.240437733,      -2.944700476,        -9.3374249
          0,           0,         493,      -5.427745656,      -4.213820641,      -4.240229288,      -2.942297014,      -9.337371376
          0,           0,         494,      -5.424090614,      -4.213132044,      -4.241241428,      -2.938711881,      -9.337326282
          0,           0,         495,      -5.419558557,      -4.212827834,      -4.243484918,      -2.934255987,      -9.337319259
          0,           0,         496,      -5.414471664,      -4.212930514,      -4.246957553,      -2.929249286,      -9.337355524
          0,           0,         497,      -5.409141508,      -4.213453011,      -4.251644641,      -2.924001525,      -9.337434553
          0,           0,         498,      -5.403855537,      -4.214399112,      -4.257518818,      -2.918798794,      -9.337499572
          0,           0,         499,      -5.398869247,      -4.215763792,      -4.264539186,      -2.913895697,       -9.33752628
          0,           0,         500,      -5.394403032,       -4.21753367,      -4.272649821,      -2.909512146,      -9.337514397
          0,           0,         501,      -5.390642359,      -4.219687437,      -4.281777675,      -2.905833476,       -9.33746661
          0,           0,         502,      -5.387740021,      -4.222196311,      -4.291829963,      -2.903012619,      -9.337362885
          0,           0,         503,       -5.38581944,      -4.225024544,       -4.30269115,      -2.901173346,       -9.33719857
          0,           0,         504,      -5.384978281,      -4.228129981,      -4.314219802,      -2.900413832,      -9.336988005
          0,           0,         505,      -5.385291891,      -4.231464736,      -4.326245675,      -2.900810057,      -9.336722637
          0,           0,         506,      -5.386816285,      -4.234975979,      -4.338567652,      -2.902418757,      -9.336410631
          0,           0,         507,      -5.389590486,      -4.238606889,      -4.350953343,      -2.905279752,      -9.336040867
          0,           0,         508,      -5.393638168,      -4.242297776,      -4.363141382,      -2.909417571,      -9.335597866
          0,           0,         509,      -5.398968544,       -4.24598738,      -4.374847514,      -2.914842319,       -9.33509877
          0,           0,         510,      -5.405576472,      -4.249614428,       -4.38577541,      -2.921549774,      -9.334534648
          0,           0,         511,      -5.413441772,      -4.253119138,      -4.395632518,      -2.929520667,      -9.333912228
          0,           0,         512,      -5.422527708,      -4.256445037,      -4.404150244,       -2.93871913,      -9.333250272
          0,           0,         513,      -5.432778628,      -4.259540722,      -4.411106411,      -2.949090273,      -9.332556262
          0,           0,         514,      -5.444116726,      -4.262361545,      -4.416346588,      -2.960556856,      -9.331825881
          0,           0,         515,      -5.456437977,      -4.264871174,      -4.419800313,       -2.97301509,      -9.331054431
          0,           0,         516,      -5.469607369,      -4.267042891,      -4.421488731,      -2.986329693,      -9.330263733
          0,           0,         517,      -5.483453808,      -4.268860508,      -4.421521905,      -3.000328568,      -9.329459692
          0,           0,         518,      -5.497765339,      -4.270318805,      -4.420086384,      -3.014797732,      -9.328623128
          0,           0,         519,      -5.512285725,      -4.271423471,      -4.417425837,      -3.029477587,      -9.327752683
          0,           0,         520,       -5.52671387,      -4.272190548,      -4.413818612,      -3.044062036,      -9.326835845
          0,           0,         521,      -5.540707943,      -4.272645449,      -4.409556065,      -3.058202434,      -9.325881935
          0,           0,         522,      -5.553896216,       -4.27282159,      -4.404924384,      -3.071518466,      -9.324903082
          0,           0,         523,      -5.565896092,      -4.272758891,      -4.400191304,      -3.083617598,      -9.323887251
          0,           0,         524,      -5.576341427,      -4.272501988,      -4.395597786,      -3.094123281,      -9.322831843
          0,           0,         525,      -5.584915865,      -4.272098503,      -4.391354002,      -3.102709603,       -9.32171747
          0,           0,         526,      -5.591387172,      -4.271597307,      -4.387638532,      -3.109137132,      -9.320569591
          0,           0,         527,      -5.595635542,      -4.271046946,        -4.3845997,      -3.113282527,      -9.319394297
          0,           0,         528,      -5.597668976,      -4.270494189,      -4.382358096,      -3.115154611,      -9.318193297
          0,           0,         529,      -5.597621636,      -4.269982834,      -4.381009585,      -3.114892523,      -9.316977829
          0,           0,         530,      -5.595735608,      -4.269552624,      -4.380628285,      -3.112746482,      -9.315752516
          0,           0,         531,      -5.592330901,      -4.269238447,      -4.381269222,      -3.109046296,      -9.314538632
          0,           0,         532,      -5.587770818,      -4.269069691,      -4.382970462,      -3.104165219,      -9.313306912
          0,           0,         533,       -5.58242944,       -4.26906978,      -4.385754621,      -3.098486248,      -9.312098584
          0,           0,         534,      -5.576665786,      -4.269255859,      -4.389629703,      -3.092375579,      -9.310900058
          0,           0,         535,      -5.570806396,      -4.269638601,      -4.394589214,      -3.086164947,      -9.309724649
          0,           0,         536,       -5.56513592,      -4.270222147,      -4.400611555,      -3.080142303,      -9.308549683
          0,           0,         537,      -5.559894049,      -4.271004125,      -4.407658662,      -3.074549031,      -9.307396543
          0,           0,         538,      -5.555276783,      -4.271975786,      -4.415673892,      -3.069581559,      -9.306265558
          0,           0,         539,      -5.551440219,      -4.273122237,      -4.424579191,      -3.065395489,      -9.305153892
          0,           0,         540,      -5.548505484,      -4.274422763,      -4.434271612,      -3.062110824,      -9.304078757
          0,           0,         541,      -5.546563867,      -4.275851281,      -4.444619392,       -3.05981733,      -9.303046445
          0,           0,         542,      -5.545681599,      -4.277376909,      -4.455457944,      -3.058579502,      -9.302071137
          0,           0,         543,      -5.545903986,      -4.278964669,      -4.466586366,      -3.058440822,      -9.301147581
          0,           0,         544,      -5.547258759,      -4.280576261,      -4.477765382,      -3.059427226,      -9.300281585
          0,           0,         545,      -5.549758643,      -4.282171303,      -4.488718022,      -3.061549752,      -9.299483076
          0,           0,         546,       -5.55340315,      -4.283708291,      -4.499134474,       -3.06480641,      -9.298753303
          0,           0,         547,      -5.558179661,      -4.285145879,      -4.508682627,      -3.069183358,      -9.298114491
          0,           0,         548,      -5.564063846,      -4.286444263,      -4.517025263,      -3.074655409,      -9.297541598
          0,           0,         549,      -5.571019472,       -4.28756656,      -4.523843676,      -3.081185957,      -9.297043967
          0,           0,         550,      -5.578997637,      -4.288480192,      -4.528865591,      -3.088726355,      -9.296612437
          0,           0,         551,      -5.587935469,      -4.289158151,       -4.53189331,      -3.097214796,      -9.296289803
          0,           0,         552,      -5.597754323,      -4.289580118,      -4.532826622,       -3.10657472,      -9.296071323
          0,           0,         553,      -5.608357547,      -4.289733344,      -4.531675268,      -3.116712841,      -9.295933195
          0,           0,         554,      -5.619627976,      -4.289613234,      -4.528557847,      -3.127516923,      -9.295884755
          0,           0,         555,      -5.631425378,       -4.28922356,      -4.523687434,      -3.138853514,      -9.295875771
          0,           0,         556,       -5.64358422,      -4.288576453,      -4.517347487,       -3.15056597,      -9.295924714
          0,           0,         557,      -5.655912271,      -4.287691854,      -4.509863377,      -3.162473216,      -9.296039101
          0,           0,         558,      -5.668190723,      -4.286596778,      -4.501574928,      -3.174369835,      -9.296184247
          0,           0,         559,      -5.680176645,      -4.285324301,      -4.492813757,      -3.186028185,      -9.296372627
          0,           0,         560,      -5.691608615,      -4.283912359,      -4.483887204,      -3.197203281,      -9.296629715
          0,           0,         561,      -5.702216198,       -4.28240242,      -4.475068828,      -3.207641032,      -9.296913442
          0,           0,         562,      -5.711733451,      -4.280838149,      -4.466594405,      -3.217090039,      -9.297211336
          0,           0,         563,      -5.719915832,       -4.27926404,      -4.458661882,      -3.225316505,      -9.297514494
          0,           0,         564,      -5.726558854,      -4.277724186,       -4.45143383,      -3.232120926,      -9.297824966
          0,           0,         565,      -5.731515864,      -4.276261244,      -4.445041218,      -3.237354417,      -9.298134036
          0,           0,         566,      -5.734711866,      -4.274915336,      -4.439587597,      -3.240932021,      -9.298446153
          0,           0,         567,      -5.736150627,      -4.273723275,      -4.435153182,      -3.242840513,      -9.298782245
          0,           0,         568,      -5.735913563,      -4.272717816,      -4.431798483,      -3.243139099,      -9.299151971
          0,           0,         569,      -5.734150627,      -4.271927295,      -4.429567366,      -3.241952879,      -9.299550449
          0,           0,         570,      -5.731065132,      -4.271375128,      -4.428489435,      -3.239460391,      -9.299973182
          0,           0,         571,      -5.726895424,      -4.271079509,       -4.42858173,      -3.235877633,       -9.30039429
          0,           0,         572,      -5.721896444,      -4.271053258,      -4.429849772,      -3.231441217,      -9.300791415
          0,           0,         573,      -5.716323578,      -4.271303726,      -4.432287971,      -3.226392941,      -9.301171407
          0,           0,         574,      -5.710420149,      -4.271832765,      -4.435879408,      -3.220967297,      -9.301526519
          0,           0,         575,      -5.704408977,      -4.272636776,      -4.440595012,      -3.215382502,      -9.301845486
          0,           0,         576,      -5.698487622,      -4.273706817,      -4.446392112,       -3.20983496,      -9.302151758
          0,           0,         577,      -5.692826602,      -4.275028783,      -4.453212409,      -3.204496631,      -9.302430101
          0,           0,         578,      -5.687569727,      -4.276583647,      -4.460979366,      -3.199514562,      -9.302686307
          0,           0,         579,      -5.682835763,      -4.278347779,      -4.469595139,      -3.195011891,      -9.302929804
          0,           0,         580,      -5.678720793,      -4.280293352,      -4.478937178,      -3.191089693,      -9.303144581
          0,           0,         581,      -5.675300831,      -4.282388812,      -4.488854821,      -3.187829209,      -9.303326021
          0,           0,         582,       -5.67263436,      -4.284599594,      -4.499166387,      -3.185294135,      -9.303495843
          0,           0,         583,      -5.670764633,      -4.286888708,      -4.509657447,      -3.183532749,      -9.303641054
          0,           0,         584,      -5.669721618,      -4.289217598,      -4.520081286,      -3.182579762,      -9.303723939
          0,           0,         585,      -5.669523572,      -4.291547061,      -4.530162705,       -3.18245783,       -9.30378341
          0,           0,         586,      -5.670178225,       -4.29383822,      -4.539606345,      -3.183178719,      -9.303822955
          0,           0,         587,      -5.671683611,      -4.296053573,      -4.548110302,      -3.184744113,      -9.303850462
          0,           0,         588,      -5.674028545,      -4.298158044,      -4.555385022,      -3.187146084,      -9.303870491
          0,           0,         589,      -5.677192723,      -4.300120033,      -4.561176078,      -3.190367183,      -9.303862368
          0,           0,         590,      -5.681146458,      -4.301912391,      -4.565287919,      -3.194380153,      -9.303816985
          0,           0,         591,      -5.685850071,      -4.303513404,      -4.567604573,      -3.199147299,      -9.303761474
          0,           0,         592,      -5.691253052,        -4.3049074,      -4.568102968,      -3.204619588,      -9.303692736
          0,           0,         593,      -5.697293097,      -4.306085216,       -4.56685589,       -3.21073561,      -9.303576873
          0,           0,         594,        -5.7038951,      -4.307044379,      -4.564023831,      -3.217420464,      -9.303429342
          0,           0,         595,      -5.710970208,      -4.307789011,      -4.559837658,      -3.224584682,      -9.303250544
          0,           0,         596,      -5.718415076,       -4.30832946,      -4.554575888,       -3.23212333,      -9.303038166
          0,           0,         597,      -5.726111507,      -4.308681707,      -4.548540897,      -3.239915502,      -9.302782797
          0,           0,         598,      -5.733926741,      -4.308866579,      -4.542037696,      -3.247824476,      -9.302497698
          0,           0,         599,      -5.741714672,      -4.308908788,      -4.535357435,      -3.255698857,      -9.302192105
          0,           0,         600,      -5.749318287,      -4.308835894,      -4.528766327,      -3.263375033,      -9.301875146
          0,           0,         601,      -5.756573568,      -4.308677212,      -4.522499571,      -3.270681236,       -9.30152876
          0,           0,         602,      -5.763314987,      -4.308462723,       -4.51675923,      -3.277443361,      -9.301177168
          0,           0,         603,      -5.769382493,      -4.308222014,      -4.511714847,      -3.283492473,      -9.300798726
          0,           0,         604,      -5.774629649,      -4.307983308,      -4.507505729,      -3.288673632,      -9.300401254
          0,           0,         605,      -5.778932245,      -4.307772622,      -4.504244006,      -3.292855292,      -9.299986341
          0,           0,         606,      -5.782196457,      -4.307612927,      -4.502017845,      -3.295938257,      -9.299566329
          0,           0,         607,      -5.784365508,      -4.307523664,      -4.500894432,      -3.297862988,      -9.299144469
          0,           0,         608,      -5.785423852,      -4.307520091,      -4.500922417,      -3.298614169,      -9.298706805
          0,           0,         609,      -5.785398243,      -4.307612988,      -4.502133751,      -3.298221817,      -9.298283664
          0,           0,         610,      -5.784355504,       -4.30780842,      -4.504544796,      -3.296758719,      -9.297890906
          0,           0,         611,       -5.78239736,      -4.308107628,      -4.508156643,      -3.294334639,      -9.297509142
          0,           0,         612,      -5.779653114,      -4.308507016,      -4.512954617,      -3.291088205,      -9.297125925
          0,           0,         613,      -5.776271203,      -4.308998291,      -4.518906946,      -3.287177645,      -9.296759078
          0,           0,         614,      -5.772410661,      -4.309568713,      -4.525962552,      -3.282771507,      -9.296392331
          0,           0,         615,      -5.768233315,      -4.310201482,      -4.534047981,      -3.278040321,      -9.296077091
          0,           0,         616,      -5.763897305,       -4.31087621,      -4.543063496,      -3.273149747,      -9.295802854
          0,           0,         617,      -5.759552146,      -4.311569523,      -4.552878517,      -3.268255483,      -9.295574968
          0,           0,         618,       -5.75533535,      -4.312255781,      -4.563326735,      -3.263499887,      -9.295379954
          0,           0,         619,      -5.751370436,      -4.312907897,      -4.574201511,      -3.259010079,      -9.295206224
          0,           0,         620,      -5.747766041,       -4.31349816,      -4.585252533,      -3.254897226,      -9.295074386
          0,           0,         621,      -5.744615866,      -4.313999353,      -4.596185248,       -3.25125668,      -9.294983759
          0,           0,         622,      -5.741999163,      -4.314385676,      -4.606664791,      -3.248168667,      -9.294905311
          0,           0,         623,       -5.73998156,      -4.314633664,      -4.616326385,      -3.245699292,      -9.294869801
          0,           0,         624,      -5.738616022,      -4.314723161,      -4.624793731,      -3.243901678,       -9.29487896
          0,           0,         625,      -5.737943824,      -4.314638185,       -4.63170556,      -3.242817073,      -9.294921221
          0,           0,         626,        -5.7379954,       -4.31436756,      -4.636748248,      -3.242475833,      -9.294975173
          0,           0,         627,      -5.738790985,      -4.313905614,      -4.639689792,      -3.242898166,      -9.295021506
          0,           0,         628,      -5.740340986,      -4.313252339,      -4.640408214,      -3.244094599,      -9.295075015
          0,           0,         629,      -5.742646086,      -4.312413612,       -4.63890765,      -3.246066171,      -9.295130401
          0,           0,         630,      -5.745697073,      -4.311400959,      -4.635317729,      -3.248804348,      -9.295215542
          0,           0,         631,      -5.749474423,      -4.310231255,       -4.62987652,      -3.252290681,      -9.295308667
          0,           0,         632,      -5.753947621,      -4.308926203,      -4.622901497,      -3.256496217,      -9.295431549
          0,           0,         633,      -5.759074266,      -4.307511631,      -4.614755477,      -3.261380675,       -9.29560503
          0,           0,         634,      -5.764798975,      -4.306016674,      -4.605814259,      -3.266891426,      -9.295822352
          0,           0,         635,      -5.771052179,      -4.304472895,      -4.596440595,      -3.272962335,      -9.296058335
          0,           0,         636,       -5.77774891,      -4.302913351,      -4.586966427,      -3.279512584,      -9.296311851
          0,           0,         637,      -5.784787764,      -4.301371691,       -4.57768307,      -3.286445596,       -9.29657084
          0,           0,         638,      -5.792050257,      -4.299881269,      -4.568837784,       -3.29364831,      -9.296850805
          0,           0,         639,      -5.799400884,      -4.298474321,      -4.560634756,      -3.300991043,      -9.297133708
          0,           0,         640,      -5.806688232,       -4.29718129,      -4.553238706,      -3.308328289,      -9.297411399
          0,           0,         641,      -5.813747511,      -4.296030163,      -4.546779685,      -3.315500811,      -9.297680569
          0,           0,         642,      -5.820404843,      -4.295045873,      -4.541358129,      -3.322339338,      -9.297943517
          0,           0,         643,      -5.826483504,      -4.294250089,       -4.53704965,      -3.328670134,      -9.298217324
          0,           0,         644,      -5.831812062,      -4.293660727,      -4.533909144,      -3.334322409,      -9.298503002
          0,           0,         645,      -5.836233996,      -4.293291666,      -4.531974128,       -3.33913733,      -9.298794949
          0,           0,         646,      -5.839617988,      -4.293152619,       -4.53126728,      -3.342977899,      -9.299116071
          0,           0,         647,      -5.841867701,      -4.293249099,      -4.531798228,      -3.345738696,      -9.299436174
          0,           0,         648,      -5.842929706,      -4.293582249,      -4.533564542,      -3.347354193,      -9.299776328
          0,           0,         649,      -5.842798321,      -4.294148897,      -4.536552024,      -3.347804422,      -9.300121158
          0,           0,         650,      -5.841516542,      -4.294941744,      -4.540734328,      -3.347117053,      -9.300461579
          0,           0,         651,      -5.839172908,      -4.295949448,      -4.546071879,      -3.345365496,      -9.300805148
          0,           0,         652,      -5.835894832,      -4.297156832,      -4.552510134,      -3.342663423,      -9.301148979
          0,           0,         653,       -5.83183948,      -4.298545163,      -4.559977216,      -3.339156541,       -9.30148208
          0,           0,         654,      -5.827183527,      -4.300092486,      -4.568380966,       -3.33501286,      -9.301827969
          0,           0,         655,      -5.822113079,      -4.301774021,       -4.57760555,      -3.330412747,      -9.302183291
          0,           0,         656,       -5.81681475,      -4.303562545,      -4.587507844,      -3.325539806,      -9.302539434
          0,           0,         657,      -5.811468498,      -4.305429331,      -4.597914135,      -3.320573306,      -9.302889026
          0,           0,         658,      -5.806242414,      -4.307344358,      -4.608617502,      -3.315682445,      -9.303265851
          0,           0,         659,      -5.801289381,      -4.309277133,      -4.619377035,      -3.311022494,      -9.303624205
          0,           0,         660,      -5.796745309,       -4.31119742,      -4.629919927,      -3.306732535,      -9.303958181
          0,           0,         661,      -5.792728583,      -4.313075997,      -4.639947738,      -3.302934515,      -9.304282079
          0,           0,         662,      -5.789340363,      -4.314885402,      -4.649147924,      -3.299733227,      -9.304587493
          0,           0,         663,      -5.786665396,      -4.316600664,      -4.657211054,      -3.297216901,      -9.304901605
          0,           0,         664,      -5.784773102,      -4.318199967,      -4.663852963,      -3.295458132,      -9.305219464
          0,           0,         665,      -5.783718705,       -4.31966523,      -4.668839514,      -3.294514908,       -9.30556014
          0,           0,         666,      -5.783544245,      -4.320982563,      -4.672010068,       -3.29443157,      -9.305893783
          0,           0,         667,      -5.784279279,      -4.322142591,      -4.673295103,       -3.29523948,      -9.306234445
          0,           0,         668,      -5.785941201,      -4.323140617,      -4.672724015,      -3.296957331,      -9.306569028
          0,           0,         669,      -5.788535255,      -4.323976611,       -4.67042122,       -3.29959115,      -9.306900856
          0,           0,         670,      -5.792054306,      -4.324655017,       -4.66659146,      -3.303134064,       -9.30723132
          0,           0,         671,      -5.796478302,       -4.32518441,      -4.661497709,      -3.307565773,      -9.307552139
          0,           0,         672,      -5.801773357,      -4.325576989,      -4.655436282,      -3.312851622,      -9.307861916
          0,           0,         673,      -5.807890431,      -4.325847951,      -4.648713377,      -3.318941277,      -9.308165096
          0,           0,         674,      -5.814763689,      -4.326014784,      -4.641625932,      -3.325767089,      -9.308481326
          0,           0,         675,      -5.822308627,      -4.326096516,      -4.634448039,      -3.333242241,        -9.3087807
          0,           0,         676,      -5.830420143,      -4.326112955,      -4.627422823,      -3.341258886,      -9.309050967
          0,           0,         677,      -5.838970819,      -4.326083965,      -4.620758876,      -3.349686551,      -9.309322919
          0,           0,         678,      -5.847809784,      -4.326028773,      -4.614630007,      -3.358371195,      -9.309570157
          0,           0,         679,      -5.856762646,      -4.325965352,       -4.60917712,      -3.367135423,      -9.309782676
          0,           0,         680,      -5.865633092,       -4.32590987,      -4.604511215,      -3.375780466,      -9.309982999
          0,           0,         681,      -5.874206789,       -4.32587624,      -4.600716788,      -3.384090541,      -9.310164495
          0,           0,         682,      -5.882258128,      -4.325875753,       -4.59785516,      -3.391840097,      -9.310335476
          0,           0,         683,      -5.889560084,      -4.325916817,       -4.59596743,      -3.398804156,      -9.310491652
          0,           0,         684,      -5.895896955,       -4.32600479,      -4.595076917,      -3.404771385,      -9.310636265
          0,           0,         685,      -5.901079045,      -4.326141916,      -4.595191019,      -3.409558866,      -9.310787431
          0,           0,         686,      -5.904957636,      -4.326327358,      -4.596302498,      -3.413026797,      -9.310923992
          0,           0,         687,       -5.90743804,      -4.326557322,      -4.598390217,      -3.415090902,      -9.311034274
          0,           0,         688,      -5.908488489,      -4.326825271,      -4.601419383,      -3.415730372,      -9.311115267
          0,           0,         689,      -5.908143167,      -4.327122212,      -4.605341348,      -3.414989807,      -9.311201058
          0,           0,         690,      -5.906498768,      -4.327437062,       -4.61009308,      -3.412974777,      -9.311276602
          0,           0,         691,      -5.903705267,      -4.327757074,      -4.615596385,      -3.409841865,      -9.311333351
          0,           0,         692,      -5.899952633,      -4.328068318,      -4.621757053,      -3.405785036,      -9.311383766
          0,           0,         693,       -5.89545576,      -4.328356206,      -4.628464094,      -3.401020616,      -9.311447866
          0,           0,         694,      -5.890439782,      -4.328606034,      -4.635589331,      -3.395772945,       -9.31148238
          0,           0,         695,      -5.885127398,      -4.328803537,      -4.642987645,      -3.390262232,       -9.31151602
          0,           0,         696,      -5.879729106,      -4.328935437,       -4.65049823,      -3.384695337,      -9.311548125
          0,           0,         697,      -5.874436526,      -4.328989955,      -4.657947221,      -3.379259624,      -9.311572769
          0,           0,         698,      -5.869418538,       -4.32895728,      -4.665152014,      -3.374119516,      -9.311589774
          0,           0,         699,      -5.864819678,      -4.328829967,       -4.67192745,      -3.369415202,       -9.31157292
          0,           0,         700,      -5.860760145,      -4.328603236,      -4.678093796,      -3.365262853,      -9.311540431
          0,           0,         701,      -5.857336856,      -4.328275214,      -4.683486129,      -3.361755789,      -9.311508054
          0,           0,         702,      -5.854625026,      -4.327847091,      -4.687964344,      -3.358966125,      -9.311497505
          0,           0,         703,      -5.852679949,      -4.327323016,        -4.6914226,      -3.356946564,      -9.311495521
          0,           0,         704,      -5.851538706,      -4.326710062,      -4.693796979,        -3.3557321,      -9.311485977
          0,           0,         705,      -5.851221668,      -4.326017904,      -4.695070091,      -3.355341499,      -9.311481675
          0,           0,         706,      -5.851733709,      -4.325258651,      -4.695271933,      -3.355778506,      -9.311490263
          0,           0,         707,      -5.853065113,      -4.324446457,      -4.694476779,      -3.357032743,       -9.31150017
          0,           0,         708,      -5.855192182,      -4.323597035,      -4.692796583,      -3.359080326,      -9.311514282
          0,           0,         709,       -5.85807758,      -4.322727251,      -4.690371996,      -3.361884223,      -9.311532073
          0,           0,         710,      -5.861670479,      -4.321854646,      -4.687362285,      -3.365394431,      -9.311555049
          0,           0,         711,      -5.865906598,      -4.320996961,      -4.683935402,      -3.369548048,      -9.311577241
          0,           0,         712,      -5.870708243,      -4.320171691,      -4.680259159,      -3.374269346,      -9.311590814
          0,           0,         713,      -5.875984493,      -4.319395653,        -4.6764941,       -3.37946998,      -9.311604251
          0,           0,         714,      -5.881631711,      -4.318684605,      -4.672788278,        -3.3850495,      -9.311627481
          0,           0,         715,       -5.88753455,      -4.318052904,      -4.669273843,       -3.39089633,      -9.311675865
          0,           0,         716,      -5.893567668,      -4.317513215,      -4.666065184,      -3.396889395,      -9.311734926
          0,           0,         717,      -5.899598312,      -4.317076283,      -4.663258261,      -3.402900562,      -9.311802415
          0,           0,         718,      -5.905489896,      -4.316750751,      -4.660930792,      -3.408797996,      -9.311866837
          0,           0,         719,      -5.911106579,      -4.316543037,      -4.659142976,       -3.41445045,      -9.311931509
          0,           0,         720,      -5.916318719,      -4.316457268,      -4.657938505,      -3.419732364,      -9.312003703
          0,           0,         721,      -5.921008899,      -4.316495262,      -4.657345691,      -3.424529509,      -9.312086087
          0,           0,         722,      -5.925078025,      -4.316656558,       -4.65737858,      -3.428744727,      -9.312195762
          0,           0,         723,      -5.928450911,      -4.316938495,      -4.658037982,      -3.432303226,      -9.312331015
          0,           0,         724,       -5.93108067,      -4.317336336,      -4.659312397,      -3.435156806,      -9.312476838
          0,           0,         725,       -5.93295135,      -4.317843421,      -4.661178822,      -3.437286502,       -9.31264985
          0,           0,         726,      -5.934078451,      -4.318451373,      -4.663603481,      -3.438703273,      -9.312855208
          0,           0,         727,      -5.934507223,      -4.319150316,      -4.666542498,      -3.439446622,      -9.313072825
          0,           0,         728,      -5.934308984,      -4.319929138,      -4.669942595,      -3.439581339,      -9.313304498
          0,           0,         729,      -5.933575932,      -4.320775771,      -4.673741856,      -3.439192768,      -9.313547027
          0,           0,         730,      -5.932415079,       -4.32167748,      -4.677870642,      -3.438381175,      -9.313797369
          0,           0,         731,       -5.93094196,      -4.322621176,       -4.68225273,      -3.437255797,      -9.314058581
          0,           0,         732,      -5.929274682,      -4.323593721,      -4.686806719,      -3.435929141,      -9.314305122
          0,           0,         733,      -5.927528712,      -4.324582233,      -4.691447765,      -3.434511899,      -9.314579888
          0,           0,         734,      -5.925812648,      -4.325574376,      -4.696089649,      -3.433108751,      -9.314878041
          0,           0,         735,      -5.924225029,      -4.326558629,      -4.700647159,      -3.431815126,       -9.31518595
          0,           0,         736,       -5.92285213,      -4.327524525,      -4.705038707,      -3.430714899,      -9.315459641
          0,           0,         737,      -5.921766619,      -4.328462855,      -4.709189075,      -3.429878924,       -9.31574355
          0,           0,         738,      -5.921026902,      -4.329365818,      -4.713032107,      -3.429364242,      -9.316042708
          0,           0,         739,      -5.920676989,      -4.330227134,      -4.716513153,      -3.429213828,      -9.316353478
          0,           0,         740,      -5.920746738,      -4.331042095,      -4.719591063,       -3.42945672,      -9.316678198
          0,           0,         741,      -5.921252358,      -4.331807568,      -4.722239537,      -3.430108445,      -9.317013611
          0,           0,         742,      -5.922197093,      -4.332521948,      -4.724447701,      -3.431171635,      -9.317359093
          0,           0,         743,      -5.923572034,      -4.333185051,      -4.726219849,      -3.432636814,       -9.31771363
          0,           0,         744,      -5.925357055,      -4.333797974,      -4.727574362,      -3.434483319,      -9.318075941
          0,           0,         745,       -5.92752187,      -4.334362923,      -4.728541932,      -3.436680371,      -9.318472643
          0,           0,         746,      -5.930027219,      -4.334882998,      -4.729163239,      -3.439188311,      -9.318870568
          0,           0,         747,      -5.932826228,      -4.335361974,      -4.729486286,      -3.441960002,       -9.31927037
          0,           0,         748,      -5.935865932,      -4.335804062,      -4.729563612,      -3.444942435,      -9.319678014
          0,           0,         749,      -5.939089009,      -4.336213667,      -4.729449556,      -3.448078532,      -9.320080226
          0,           0,         750,      -5.942435709,      -4.336595154,      -4.729197745,      -3.451309163,      -9.320456526
          0,           0,         751,       -5.94584598,      -4.336952631,      -4.728858897,      -3.454575337,      -9.320825567
          0,           0,         752,      -5.949261716,      -4.337289764,      -4.728479018,      -3.457820517,      -9.321207773
          0,           0,         753,      -5.952629071,      -4.337609613,      -4.728098021,       -3.46099297,      -9.321594444
          0,           0,         754,      -5.955900712,      -4.337914514,      -4.727748776,      -3.464048025,       -9.32198149
          0,           0,         755,      -5.959037888,      -4.338205999,      -4.727456571,      -3.466950102,      -9.322367226
          0,           0,         756,      -5.962012151,      -4.338484743,      -4.727238951,      -3.469674365,      -9.322761765
          0,           0,         757,      -5.964806623,      -4.338750565,      -4.727105888,      -3.472207862,      -9.323137944
          0,           0,         758,      -5.967416662,      -4.339002454,      -4.727060244,      -3.474550045,      -9.323458818
          0,           0,         759,      -5.969849892,      -4.339238636,      -4.727098481,      -3.476712638,      -9.323762456
          0,           0,         760,      -5.972125561,      -4.339456671,      -4.727211571,      -3.478718827,      -9.324045808
          0,           0,         761,       -5.97427329,       -4.33965358,      -4.727386073,      -3.480601858,      -9.324311231
          0,           0,         762,      -5.976331285,      -4.339825991,      -4.727605332,      -3.482403137,      -9.324537465
          0,           0,         763,      -5.978344158,      -4.339970315,      -4.727850765,      -3.484169964,       -9.32474171
          0,           0,         764,       -5.98036049,      -4.340082913,      -4.728103185,      -3.485953061,      -9.324942175
          0,           0,         765,      -5.982430275,      -4.340160289,      -4.728344115,      -3.487804025,      -9.325137695
          0,           0,         766,      -5.984602385,      -4.340199265,      -4.728557044,       -3.48977282,      -9.325312558
          0,           0,         767,      -5.986922132,      -4.340197157,      -4.728728575,      -3.491905413,       -9.32547385
          0,           0,         768,      -5.989429018,      -4.340151929,      -4.728849404,      -3.494241601,      -9.325618746
          0,           0,         769,      -5.992154693,      -4.340062325,      -4.728915083,      -3.496813066,       -9.32574788
          0,           0,         770,      -5.995121158,      -4.339927981,      -4.728926541,      -3.499641669,      -9.325884099
          0,           0,         771,      -5.998339208,      -4.339749505,      -4.728890329,      -3.502737987,      -9.326005259
          0,           0,         772,      -6.001807131,      -4.339528502,      -4.728818581,      -3.506100091,      -9.326110498
          0,           0,         773,      -6.005509672,      -4.339267603,      -4.728728708,      -3.509712585,      -9.326181902
          0,           0,         774,      -6.009417309,       -4.33897043,      -4.728642854,      -3.513545933,      -9.326200629
          0,           0,         775,      -6.013485903,      -4.338641535,      -4.728587136,      -3.517556145,      -9.326202065
          0,           0,         776,      -6.017656807,      -4.338286313,      -4.728590728,      -3.521684905,      -9.326187486
          0,           0,         777,      -6.021857577,      -4.337910878,      -4.728684838,      -3.525860258,      -9.326158051
          0,           0,         778,      -6.026003403,      -4.337521926,      -4.728901626,      -3.529998008,      -9.326127309
          0,           0,         779,      -6.029999399,      -4.337126571,      -4.729273099,      -3.534003936,      -9.326099517
          0,           0,         780,      -6.033743847,      -4.336732178,      -4.729830036,       -3.53777694,      -9.326049507
          0,           0,         781,      -6.037132419,      -4.336346188,      -4.730600947,      -3.541213135,      -9.325981184
          0,           0,         782,      -6.040063259,      -4.335975979,      -4.731611126,      -3.544210809,      -9.325901124
          0,           0,         783,      -6.042442712,      -4.335628602,      -4.732881722,       -3.54667601,       -9.32582277
          0,           0,         784,      -6.044191276,      -4.335310698,      -4.734428954,      -3.548528394,      -9.325734752
          0,           0,         785,      -6.045249254,      -4.335028368,      -4.736263399,       -3.54970682,      -9.325632752
          0,           0,         786,      -6.045581521,      -4.334787044,      -4.738389385,      -3.550174104,      -9.325522243
          0,           0,         787,      -6.045180832,      -4.334591282,       -4.74080441,      -3.549920389,      -9.325427759
          0,           0,         788,      -6.044069282,      -4.334444749,      -4.743498772,      -3.548964718,      -9.325326607
          0,           0,         789,      -6.042297718,      -4.334350238,      -4.746455209,      -3.547354633,      -9.325236638
          0,           0,         790,      -6.039943234,      -4.334309601,      -4.749648702,      -3.545163847,      -9.325145042
          0,           0,         791,       -6.03710508,      -4.334323638,      -4.753046421,      -3.542488346,       -9.32504413
          0,           0,         792,      -6.033899524,       -4.33439217,      -4.756607972,      -3.539441399,      -9.324932995
          0,           0,         793,      -6.030454253,      -4.334514085,      -4.760285823,       -3.53614808,      -9.324819703
          0,           0,         794,      -6.026902874,      -4.334687392,      -4.764025979,       -3.53273983,      -9.324706211
          0,           0,         795,      -6.023379942,      -4.334909191,       -4.76776893,      -3.529349481,      -9.324588569
          0,           0,         796,      -6.020016793,      -4.335175909,      -4.771451096,      -3.526107069,      -9.324474872
          0,           0,         797,      -6.016938304,      -4.335483349,      -4.775006573,      -3.523136541,      -9.324367161
          0,           0,         798,      -6.014260567,      -4.335826805,      -4.778369239,      -3.520553355,       -9.32428598
          0,           0,         799,      -6.012089392,      -4.336201194,      -4.781475145,      -3.518462896,      -9.324234043
          0,           0,         800,      -6.010519459,      -4.336601192,      -4.784265113,      -3.516959556,      -9.324191808
          0,           0,         801,       -6.00963397,      -4.337021365,      -4.786687384,      -3.516126311,      -9.324160815
          0,           0,         802,      -6.009504611,      -4.337456313,      -4.788700152,      -3.516034624,      -9.324143831
          0,           0,         803,      -6.010191679,      -4.337900792,      -4.790273777,      -3.516744514,       -9.32413958
          0,           0,         804,       -6.01174423,      -4.338349846,      -4.791392485,      -3.518304657,      -9.324117937
          0,           0,         805,      -6.014200135,      -4.338798913,      -4.792055418,      -3.520752406,        -9.3241101
          0,           0,         806,      -6.017585936,      -4.339243921,      -4.792276904,       -3.52411362,      -9.324110804
          0,           0,         807,      -6.021916437,      -4.339681372,      -4.792085959,      -3.528402224,      -9.324126533
          0,           0,         808,      -6.027193935,      -4.340108396,      -4.791525035,      -3.533619431,      -9.324169425
          0,           0,         809,      -6.033407032,      -4.340522792,      -4.790648159,      -3.539752554,      -9.324230859
          0,           0,         810,      -6.040528995,      -4.340923073,      -4.789518636,       -3.54677337,      -9.324311973
          0,           0,         811,       -6.04851561,      -4.341308362,      -4.788206431,      -3.554636013,      -9.324406576
          0,           0,         812,      -6.057302556,       -4.34167847,      -4.786785566,      -3.563274411,       -9.32451069
          0,           0,         813,      -6.066802356,      -4.342033806,      -4.785331581,      -3.572599351,      -9.324643765
          0,           0,         814,      -6.076901071,      -4.342375318,      -4.783919195,      -3.582495336,       -9.32480064
          0,           0,         815,      -6.087455062,      -4.342704404,      -4.782620276,      -3.592817582,      -9.324955823
          0,           0,         816,      -6.098288312,       -4.34302282,      -4.781502139,      -3.603389657,       -9.32511854
          0,           0,         817,      -6.109191071,      -4.343332576,      -4.780626181,      -3.614002523,      -9.325292325
          0,           0,         818,      -6.119920816,      -4.343635827,      -4.780046811,      -3.624415938,      -9.325481021
          0,           0,         819,      -6.130206702,      -4.343934759,      -4.779810645,      -3.634363338,      -9.325708451
          0,           0,         820,      -6.139758621,      -4.344231485,      -4.779955897,      -3.643561208,        -9.3259536
          0,           0,         821,       -6.14828158,      -4.344527938,      -4.780511932,      -3.651723515,      -9.326200085
          0,           0,         822,      -6.155495193,      -4.344825777,      -4.781498913,       -3.65858086,      -9.326475522
          0,           0,         823,      -6.161156726,      -4.345126329,       -4.78292755,      -3.663902697,      -9.326760399
          0,           0,         824,      -6.165084604,      -4.345430474,       -4.78479882,      -3.667519566,      -9.327059132
          0,           0,         825,      -6.167178268,      -4.345738514,      -4.787103638,      -3.669341465,        -9.3273851
          0,           0,         826,      -6.167430239,      -4.346050297,      -4.789822714,      -3.669368565,      -9.327708035
          0,           0,         827,      -6.165927584,      -4.346365116,      -4.792926347,      -3.667691665,      -9.328025566
          0,           0,         828,      -6.162842549,      -4.346681704,      -4.796374303,      -3.664482593,      -9.328343344
          0,           0,         829,        -6.1584145,      -4.346998244,      -4.800115755,      -3.659976574,      -9.328657795
          0,           0,         830,      -6.152927076,      -4.347312421,       -4.80408943,      -3.654450324,      -9.328964333
          0,           0,         831,      -6.146684823,      -4.347621471,      -4.808224042,      -3.648199818,      -9.329266377
          0,           0,         832,      -6.139992741,      -4.347922245,      -4.812439101,      -3.641520916,      -9.329554321
          0,           0,         833,       -6.13314068,        -4.3482113,      -4.816646202,      -3.634694615,      -9.329817915
          0,           0,         834,      -6.126393125,      -4.348484991,      -4.820750888,      -3.627977369,      -9.330069916
          0,           0,         835,      -6.119983823,      -4.348739581,      -4.824655138,      -3.621595991,      -9.330303598
          0,           0,         836,      -6.114114211,      -4.348971351,        -4.8282605,      -3.615746127,      -9.330520385
          0,           0,         837,      -6.108954443,      -4.349176714,      -4.831471782,      -3.610593203,      -9.330721981
          0,           0,         838,      -6.104645986,      -4.349352335,      -4.834201147,      -3.606274856,      -9.330909922
          0,           0,         839,      -6.101304941,      -4.349495241,      -4.836372352,      -3.602904066,      -9.331072816
          0,           0,         840,      -6.099025526,      -4.349602926,       -4.83792479,       -3.60057246,      -9.331203666
          0,           0,         841,      -6.097883346,      -4.349673442,      -4.838816958,      -3.599353416,      -9.331322166
          0,           0,         842,      -6.097938226,      -4.349705485,      -4.839028989,      -3.599304757,      -9.331427191
          0,           0,         843,      -6.099236489,      -4.349698456,      -4.838563967,       -3.60047092,      -9.331515853
          0,           0,         844,      -6.101812604,      -4.349652505,      -4.837447862,      -3.602884528,      -9.331588144
          0,           0,         845,      -6.105690177,      -4.349568561,      -4.835728103,      -3.606567328,      -9.331643581
          0,           0,         846,      -6.110882218,      -4.349448334,      -4.833470955,      -3.611530458,      -9.331679328
          0,           0,         847,      -6.117390644,      -4.349294301,         -4.830758,      -3.617773978,      -9.331701598
          0,           0,         848,      -6.125204926,      -4.349109672,        -4.8276821,      -3.625285605,      -9.331709519
          0,           0,         849,      -6.134299757,      -4.348898337,      -4.824343215,      -3.634038547,      -9.331702101
          0,           0,         850,       -6.14463162,      -4.348664785,      -4.820844407,      -3.643988317,      -9.331676018
          0,           0,         851,      -6.156134092,      -4.348414021,      -4.817288285,      -3.655068427,      -9.331610937
          0,           0,         852,      -6.168711772,      -4.348151458,      -4.813774019,      -3.667184854,      -9.331525897
          0,           0,         853,      -6.182232776,        -4.3478828,         -4.810395,      -3.680209287,      -9.331410488
          0,           0,         854,      -6.196519981,      -4.347613925,      -4.807237122,      -3.693971346,      -9.331270272
          0,           0,         855,      -6.211341583,      -4.347350758,      -4.804377611,      -3.708250327,      -9.331111477
          0,           0,         856,      -6.226402167,      -4.347099149,       -4.80188433,      -3.722767555,      -9.330935528
          0,           0,         857,      -6.241336479,      -4.346864753,      -4.799815425,      -3.737181276,      -9.330760969
          0,           0,         858,      -6.255709165,       -4.34665291,      -4.798219231,      -3.751086885,      -9.330615415
          0,           0,         859,      -6.269024745,      -4.346468549,       -4.79713434,      -3.764026075,       -9.33046002
          0,           0,         860,      -6.280752094,      -4.346316085,      -4.796589749,      -3.775508453,      -9.330311914
          0,           0,         861,      -6.290365751,      -4.346199345,      -4.796605026,      -3.785047537,      -9.330174367
          0,           0,         862,      -6.297401767,      -4.346121485,      -4.797190456,      -3.792209315,      -9.330029094
          0,           0,         863,      -6.301519141,      -4.346084949,       -4.79834714,      -3.796666169,      -9.329887378
          0,           0,         864,      -6.302552167,      -4.346091426,      -4.800067016,      -3.798244156,      -9.329745141
          0,           0,         865,       -6.30053815,      -4.346141827,      -4.802332809,      -3.796950453,       -9.32961014
          0,           0,         866,      -6.295711327,      -4.346236285,      -4.805117933,      -3.792972418,      -9.329467206
          0,           0,         867,      -6.288465082,      -4.346374155,       -4.80838636,      -3.786648578,      -9.329317974
          0,           0,         868,      -6.279294608,      -4.346554054,      -4.812092505,      -3.778420572,      -9.329159078
          0,           0,         869,      -6.268736058,       -4.34677389,       -4.81618118,      -3.768779308,      -9.328995119
          0,           0,         870,      -6.257315204,      -4.347030926,      -4.820587692,      -3.758217115,      -9.328827569
          0,           0,         871,      -6.245512142,      -4.347321849,      -4.825238184,      -3.747192741,      -9.328656659
          0,           0,         872,      -6.233742405,      -4.347642845,      -4.830050294,      -3.736110722,      -9.328484417
          0,           0,         873,      -6.222351198,      -4.347989695,      -4.834934264,      -3.725313003,      -9.328320622
          0,           0,         874,      -6.211616327,      -4.348357871,       -4.83979456,      -3.715079267,      -9.328165712
          0,           0,         875,      -6.201755834,      -4.348742638,      -4.844532096,      -3.705632397,      -9.328017044
          0,           0,         876,      -6.192937473,      -4.349139163,       -4.84904706,      -3.697146345,      -9.327867992
          0,           0,         877,      -6.185288221,      -4.349542619,      -4.853242309,       -3.68975453,      -9.327721801
          0,           0,         878,      -6.178902862,      -4.349948294,      -4.857027188,       -3.68355775,      -9.327586135
          0,           0,         879,      -6.173851287,      -4.350351685,      -4.860321548,      -3.678631049,      -9.327444876
          0,           0,         880,      -6.170184393,      -4.350748593,      -4.863059672,      -3.675029413,      -9.327299213
          0,           0,         881,      -6.167938714,      -4.351135225,      -4.865193746,      -3.672792271,      -9.327164125
          0,           0,         882,        -6.1671399,      -4.351508213,       -4.86669648,      -3.671946922,      -9.327034189
          0,           0,         883,      -6.167805212,      -4.351864704,      -4.867562672,      -3.672510991,      -9.326906034
          0,           0,         884,      -6.169945168,      -4.352202479,      -4.867809518,       -3.67449405,      -9.326794229
          0,           0,         885,      -6.173564422,      -4.352519806,      -4.867475464,      -3.677898449,       -9.32668885
          0,           0,         886,      -6.178661905,      -4.352815494,      -4.866617899,       -3.68271937,      -9.326588631
          0,           0,         887,      -6.185230266,      -4.353088991,       -4.86530999,      -3.688944211,       -9.32649763
          0,           0,         888,      -6.193254562,      -4.353340296,      -4.863636875,      -3.696551189,      -9.326426555
          0,           0,         889,      -6.202710054,      -4.353569917,      -4.861691591,      -3.705507039,      -9.326373371
          0,           0,         890,      -6.213558988,      -4.353778818,      -4.859571068,      -3.715763743,      -9.326329492
          0,           0,         891,      -6.225746177,      -4.353968346,      -4.857372488,      -3.727254159,      -9.326292692
          0,           0,         892,      -6.239193181,      -4.354140158,      -4.855190169,      -3.739886384,       -9.32626809
          0,           0,         893,      -6.253790857,      -4.354296133,      -4.853113014,      -3.753536833,      -9.326258189
          0,           0,         894,      -6.269390228,      -4.354438291,      -4.851222546,      -3.768042087,      -9.326257406
          0,           0,         895,      -6.285791808,       -4.35456871,      -4.849591476,      -3.783189948,      -9.326261779
          0,           0,         896,      -6.302734054,      -4.354689445,      -4.848282747,      -3.798710591,      -9.326277279
          0,           0,         897,      -6.319882468,       -4.35480245,      -4.847348964,      -3.814269522,      -9.326275876
          0,           0,         898,      -6.336822112,      -4.354909508,      -4.846832112,      -3.829465039,      -9.326309764
          0,           0,         899,      -6.353057806,      -4.355012173,      -4.846763463,      -3.843833877,      -9.326374012
          0,           0,         900,      -6.368027551,       -4.35511171,      -4.847163591,      -3.856869127,      -9.326437858
          0,           0,         901,      -6.381134504,      -4.355209057,      -4.848042448,      -3.868053468,      -9.326508983
          0,           0,         902,      -6.391799882,      -4.355304799,       -4.84939945,      -3.876907401,      -9.326593975
          0,           0,         903,      -6.399532396,       -4.35539915,      -4.851223561,      -3.883046598,      -9.326704465
          0,           0,         904,      -6.404000914,      -4.355491955,      -4.853493375,      -3.886236488,      -9.326836978
          0,           0,         905,      -6.405090428,      -4.355582703,      -4.856177211,      -3.886429262,      -9.326967479
          0,           0,         906,       -6.40292285,      -4.355670554,      -4.859233254,      -3.883771721,      -9.327116234
          0,           0,         907,      -6.397835137,      -4.355754379,      -4.862609798,      -3.878581327,      -9.327246947
          0,           0,         908,      -6.390322612,      -4.355832807,      -4.866245657,      -3.871298271,      -9.327392914
          0,           0,         909,      -6.380966137,      -4.355904288,      -4.870070827,      -3.862427649,      -9.327536222
          0,           0,         910,      -6.370362964,      -4.355967152,      -4.874007463,      -3.852485677,      -9.327672988
          0,           0,         911,      -6.359074358,      -4.356019688,      -4.877971276,      -3.841958855,      -9.327803389
          0,           0,         912,      -6.347594141,      -4.356060209,      -4.881873389,      -3.831278891,      -9.327934176
          0,           0,         913,      -6.336335696,      -4.356087129,      -4.885622702,      -3.820811615,      -9.328068449
          0,           0,         914,      -6.325632023,      -4.356099033,      -4.889128731,      -3.810856077,      -9.328199513
          0,           0,         915,      -6.315743361,      -4.356094742,      -4.892304841,      -3.801649824,      -9.328318572
          0,           0,         916,      -6.306868117,      -4.356073374,       -4.89507174,      -3.793377147,      -9.328430742
          0,           0,         917,      -6.299154384,      -4.356034392,      -4.897360986,      -3.786178114,      -9.328536216
          0,           0,         918,      -6.292710545,      -4.355977646,      -4.899118247,      -3.780157154,      -9.328637697
          0,           0,         919,      -6.287614314,      -4.355903405,      -4.900306017,      -3.775390547,      -9.328725444
          0,           0,         920,      -6.283920057,       -4.35581237,      -4.900905529,      -3.771932626,      -9.328804657
          0,           0,         921,      -6.281664487,      -4.355705679,      -4.900917654,       -3.76982068,      -9.328882321
          0,           0,         922,      -6.280870917,      -4.355584897,      -4.900362658,      -3.769078675,      -9.328981131
          0,           0,         923,      -6.281552271,      -4.355451995,      -4.899278901,      -3.769719928,      -9.329060627
          0,           0,         924,       -6.28371305,      -4.355309316,      -4.897720607,      -3.771748862,      -9.329121949
          0,           0,         925,      -6.287350359,       -4.35515953,      -4.895754901,       -3.77516194,      -9.329155814
          0,           0,         926,      -6.292454101,      -4.355005573,      -4.893458425,      -3.779947855,      -9.329150987
          0,           0,         927,      -6.299006359,      -4.354850596,      -4.890913815,      -3.786086987,      -9.329131995
          0,           0,         928,      -6.306979929,      -4.354697887,      -4.888206318,      -3.793550142,      -9.329109457
          0,           0,         929,      -6.316335965,      -4.354550803,      -4.885420727,      -3.802296512,      -9.329082652
          0,           0,         930,      -6.327020597,      -4.354412701,       -4.88263878,      -3.812270799,      -9.329039111
          0,           0,         931,      -6.338960399,      -4.354286856,      -4.879937065,      -3.823399425,      -9.328977553
          0,           0,         932,      -6.352056589,      -4.354176399,      -4.877385447,      -3.835585786,      -9.328897341
          0,           0,         933,      -6.366177887,      -4.354084244,      -4.875045964,      -3.848704555,      -9.328778272
          0,           0,         934,       -6.38115215,       -4.35401303,      -4.872972131,       -3.86259522,      -9.328640237
          0,           0,         935,      -6.396757224,      -4.353965064,      -4.871208575,      -3.877055265,      -9.328474122
          0,           0,         936,      -6.412711993,      -4.353942275,      -4.869790923,      -3.891833868,      -9.328280681
          0,           0,         937,      -6.428669467,      -4.353946176,      -4.868745868,      -3.906627505,      -9.328068716
          0,           0,         938,      -6.444214759,      -4.353977837,      -4.868091368,      -3.921079562,      -9.327846966
          0,           0,         939,      -6.458871804,      -4.354037866,      -4.867836913,      -3.934786589,      -9.327616075
          0,           0,         940,      -6.472122985,      -4.354126399,      -4.867983856,       -3.94731393,      -9.327379786
          0,           0,         941,      -6.483444531,      -4.354243108,      -4.868525757,      -3.958222501,      -9.327140085
          0,           0,         942,      -6.492356903,      -4.354387206,      -4.869448769,      -3.967106091,      -9.326890443
          0,           0,         943,      -6.498483448,      -4.354557473,      -4.870732037,      -3.973634837,      -9.326625143
          0,           0,         944,       -6.50160461,      -4.354752288,      -4.872348143,        -3.9775967,      -9.326356131
          0,           0,         945,      -6.501692593,      -4.354969661,      -4.874263607,      -3.978926849,       -9.32607171
          0,           0,         946,      -6.498915409,      -4.355207283,      -4.876439461,      -3.977716698,      -9.325783813
          0,           0,         947,      -6.493608951,      -4.355462576,      -4.878831928,      -3.974199908,      -9.325490236
          0,           0,         948,      -6.486226157,      -4.355732747,      -4.881393223,       -3.96871947,      -9.325189677
          0,           0,         949,      -6.477278027,      -4.356014843,       -4.88407249,      -3.961684871,       -9.32488441
          0,           0,         950,      -6.467280277,      -4.356305816,      -4.886816895,      -3.953529308,       -9.32459214
          0,           0,         951,      -6.456713931,       -4.35660258,      -4.889572855,       -3.94467436,      -9.324321004
          0,           0,         952,      -6.446001933,       -4.35690207,      -4.892287409,      -3.935505606,       -9.32405608
          0,           0,         953,      -6.435499569,      -4.357201297,      -4.894909667,      -3.926359137,      -9.323809669
          0,           0,         954,       -6.42549466,      -4.357497402,      -4.897392312,      -3.917516891,      -9.323552911
          0,           0,         955,      -6.416213517,      -4.357787703,      -4.899693072,      -3.909208013,      -9.323283368
          0,           0,         956,      -6.407829515,      -4.358069737,      -4.901776081,      -3.901613695,      -9.322997162
          0,           0,         957,      -6.400472231,      -4.358341291,      -4.903613064,      -3.894873563,      -9.322699145
          0,           0,         958,      -6.394235978,      -4.358600435,      -4.905184237,      -3.889092314,      -9.322395894
          0,           0,         959,      -6.389187172,      -4.358845534,      -4.906478888,      -3.884345889,      -9.322092957
          0,           0,         960,      -6.385370385,      -4.359075265,      -4.907495572,      -3.880686788,       -9.32179097
          0,           0,         961,      -6.382813101,      -4.359288618,      -4.908241918,      -3.878148435,      -9.321499861
          0,           0,         962,      -6.381529316,      -4.359484891,      -4.908734054,      -3.876748576,      -9.321230209
          0,           0,         963,      -6.381522127,      -4.359663622,      -4.908995683,      -3.876491786,      -9.320961194
          0,           0,         964,      -6.382785447,      -4.359824687,      -4.909056954,      -3.877371227,      -9.320696378
          0,           0,         965,      -6.385304974,      -4.359968273,      -4.908953093,      -3.879369582,      -9.320434493
          0,           0,         966,      -6.389058493,      -4.360094733,      -4.908722868,      -3.882459437,      -9.320173501
          0,           0,         967,      -6.394015572,      -4.360204613,      -4.908407142,      -3.886603199,      -9.319917727
          0,           0,         968,      -6.400136682,      -4.360298615,      -4.908047458,      -3.891752352,      -9.319661326
          0,           0,         969,      -6.407371764,      -4.360377564,      -4.907684693,      -3.897846303,       -9.31940222
          0,           0,         970,      -6.415658256,       -4.36044237,      -4.907357867,      -3.904810873,      -9.319143571
          0,           0,         971,      -6.424918603,      -4.360493994,      -4.907103135,      -3.912556505,      -9.318886068
          0,           0,         972,      -6.435057302,      -4.360533417,      -4.906952953,      -3.920976302,      -9.318624907
          0,           0,         973,       -6.44595758,      -4.360561607,       -4.90693542,      -3.929944116,       -9.31836355
          0,           0,         974,      -6.457477927,      -4.360579493,      -4.907073787,      -3.939312965,      -9.318098145
          0,           0,         975,      -6.469448839,      -4.360587946,       -4.90738612,      -3.948914176,      -9.317821508
          0,           0,         976,      -6.481670327,      -4.360587762,      -4.907885093,       -3.95855776,      -9.317536671
          0,           0,         977,         -6.493911,      -4.360579644,      -4.908577907,      -3.968034597,      -9.317252632
          0,           0,         978,      -6.505909727,      -4.360564203,      -4.909466323,      -3.977121041,      -9.316965213
          0,           0,         979,      -6.517381004,      -4.360541949,      -4.910546776,      -3.985586318,      -9.316678408
          0,           0,         980,      -6.528025032,      -4.360513295,      -4.911810585,      -3.993202923,       -9.31639346
          0,           0,         981,      -6.537542986,      -4.360478564,      -4.913244239,      -3.999759524,      -9.316110239
          0,           0,         982,      -6.545656917,      -4.360437998,       -4.91482977,      -4.005075282,      -9.315830242
          0,           0,         983,      -6.552132408,      -4.360391775,      -4.916545201,      -4.009013802,      -9.315555682
          0,           0,         984,      -6.556800656,      -4.360340021,      -4.918365073,      -4.011494589,      -9.315280035
          0,           0,         985,      -6.559575941,      -4.360282833,      -4.920261054,      -4.012499965,      -9.315001395
          0,           0,         986,      -6.560464727,      -4.360220295,      -4.922202624,      -4.012076147,      -9.314707123
          0,           0,         987,      -6.559564316,      -4.360152501,      -4.924157837,      -4.010328236,      -9.314401064
          0,           0,         988,      -6.557051342,      -4.360079576,      -4.926094138,      -4.007410114,      -9.314091429
          0,           0,         989,      -6.553162724,       -4.36000171,      -4.927979277,      -4.003511068,      -9.313769138
          0,           0,         990,      -6.548172986,      -4.359919131,      -4.929782122,      -3.998841231,       -9.31344107
          0,           0,         991,      -6.542372042,      -4.359832136,      -4.931473527,       -3.99361809,      -9.313108534
          0,           0,         992,      -6.536046202,      -4.359741137,      -4.933027221,      -3.988055043,      -9.312774244
          0,           0,         993,      -6.529464052,      -4.359646646,      -4.934420592,      -3.982352716,      -9.312431347
          0,           0,         994,      -6.522867567,      -4.359549275,      -4.935635355,       -3.97669342,      -9.312077744
          0,           0,         995,      -6.516467698,      -4.359449741,      -4.936658045,      -3.971238155,      -9.311717346
          0,           0,         996,      -6.510443349,      -4.359348867,      -4.937480351,       -3.96612564,      -9.311350576
          0,           0,         997,       -6.50494269,      -4.359247573,      -4.938099262,      -3.961472765,      -9.310975487
          0,           0,         998,      -6.500085805,      -4.359146865,      -4.938517032,      -3.957375977,      -9.310599866
          0,           0,         999,      -6.495967978,      -4.359047823,       -4.93874094,      -3.953913149,      -9.310228866
          0,           0,        1000,      -6.492663075,      -4.358951589,       -4.93878288,      -3.951145628,      -9.309866862
          0,           0,        1001,      -6.490226748,      -4.358859343,      -4.938658803,      -3.949120249,      -9.309510471
          0,           0,        1002,      -6.488699249,      -4.358772285,      -4.938388042,      -3.947871171,      -9.309143566
          0,           0,        1003,      -6.488107806,      -4.358691617,       -4.93799256,      -3.947421477,      -9.308765059
          0,           0,        1004,      -6.488468538,      -4.358618517,      -4.937496162,        -3.9477845,      -9.308377862
          0,           0,        1005,      -6.489787904,      -4.358554117,      -4.936923703,      -3.948964859,      -9.307995288
          0,           0,        1006,      -6.492063727,      -4.358499485,      -4.936300328,      -3.950959222,      -9.307628061
          0,           0,        1007,      -6.495285826,        -4.3584556,      -4.935650762,      -3.953756811,      -9.307250048
          0,           0,        1008,      -6.499436277,      -4.358423335,      -4.934998688,      -3.957339658,      -9.306863009
          0,           0,        1009,      -6.504489339,      -4.358403441,      -4.934366199,      -3.961682648,      -9.306465895
          0,           0,        1010,      -6.510411075,      -4.358396531,      -4.933773362,      -3.966753362,      -9.306051199
          0,           0,        1011,      -6.517158677,      -4.358403064,       -4.93323787,      -3.972511758,      -9.305645774
          0,           0,        1012,      -6.524679545,      -4.358423345,      -4.932774792,      -3.978909714,      -9.305228093
          0,           0,        1013,      -6.532910148,      -4.358457509,      -4.932396417,      -3.985890482,      -9.304794829
          0,           0,        1014,      -6.541774739,      -4.358505526,      -4.932112182,      -3.993388108,      -9.304350664
          0,           0,        1015,      -6.551184006,      -4.358567196,      -4.931928675,      -4.001326895,      -9.303895691
          0,           0,        1016,      -6.561033808,      -4.358642157,      -4.931849704,      -4.009620993,      -9.303426193
          0,           0,        1017,       -6.57120417,      -4.358729887,      -4.931876438,       -4.01817424,      -9.302943758
          0,           0,        1018,       -6.58155879,      -4.358829717,      -4.932007583,      -4.026880397,       -9.30245268
          0,           0,        1019,      -6.591945377,      -4.358940843,      -4.932239621,      -4.035623914,      -9.301953258
          0,           0,        1020,       -6.60219715,      -4.359062338,      -4.932567063,      -4.044281391,      -9.301431462
          0,           0,        1021,      -6.612135894,      -4.359193173,      -4.932982752,        -4.0527239,      -9.300894777
          0,           0,        1022,      -6.621576784,      -4.359332229,      -4.933478182,      -4.060820162,      -9.300352892
          0,           0,        1023,      -6.630335127,      -4.359478316,      -4.934043831,      -4.068440651,       -9.29979518
          0,           0,        1024,       -6.63823486,      -4.359630197,      -4.934669501,      -4.075462471,       -9.29921929
          0,           0,        1025,      -6.645118235,      -4.359786605,      -4.935344652,      -4.081774717,      -9.298634547
          0,           0,        1026,      -6.650855772,       -4.35994626,      -4.936058733,      -4.087283886,      -9.298040022
          0,           0,        1027,      -6.655355267,       -4.36010789,      -4.936801498,      -4.091918822,       -9.29742995
          0,           0,        1028,      -6.658568544,      -4.360270248,      -4.937563289,      -4.095634632,      -9.296811119
          0,           0,        1029,      -6.660494902,       -4.36043213,      -4.938335294,      -4.098415083,      -9.296185386
          0,           0,        1030,      -6.661180632,      -4.360592384,      -4.939109761,      -4.100273161,      -9.295553871
          0,           0,        1031,      -6.660714712,      -4.360749927,      -4.939880165,      -4.101249715,      -9.294913689
          0,           0,        1032,      -6.659221395,      -4.360903755,      -4.940641326,      -4.101410359,      -9.294287953
          0,           0,        1033,      -6.656850826,       -4.36105295,      -4.941389482,      -4.100841034,      -9.293665956
          0,           0,        1034,      -6.653769016,      -4.361196685,      -4.942122296,      -4.099642761,      -9.293034937
          0,           0,        1035,      -6.650148314,       -4.36133423,      -4.942838822,      -4.097926126,      -9.292397272
          0,           0,        1036,      -6.646159244,       -4.36146495,      -4.943539414,      -4.095806023,      -9.291752771
          0,           0,        1037,      -6.641964148,      -4.361588307,      -4.944225599,      -4.093397003,      -9.291104121
          0,           0,        1038,      -6.637712735,      -4.361703856,       -4.94489991,      -4.090809456,      -9.290441588
          0,           0,        1039,      -6.633539398,      -4.361811242,      -4.945565685,      -4.088146723,      -9.289766599
          0,           0,        1040,      -6.629561972,      -4.361910193,      -4.946226856,      -4.085503088,      -9.289080406
          0,           0,        1041,      -6.625881589,      -4.362000511,      -4.946887715,      -4.082962555,      -9.288383758
          0,           0,        1042,      -6.622583299,      -4.362082071,      -4.947552687,      -4.080598278,      -9.287679196
          0,           0,        1043,      -6.619737157,      -4.362154806,      -4.948226101,      -4.078472468,      -9.286968337
          0,           0,        1044,      -6.617399524,      -4.362218702,      -4.948911975,      -4.076636654,      -9.286245984
          0,           0,        1045,      -6.615614453,       -4.36227379,      -4.949613828,      -4.075132162,      -9.285519035
          0,           0,        1046,      -6.614415015,      -4.362320135,      -4.950334511,      -4.073990716,      -9.284788565
          0,           0,        1047,        -6.6138245,      -4.362357835,      -4.951076068,      -4.073235077,      -9.284057178
          0,           0,        1048,      -6.613857437,      -4.362387007,      -4.951839638,      -4.072879674,      -9.283326448
          0,           0,        1049,       -6.61452044,      -4.362407789,      -4.952625392,      -4.072931185,      -9.282590455
          0,           0,        1050,      -6.615812851,       -4.36242033,      -4.953432501,      -4.073389058,      -9.281849168
          0,           0,        1051,      -6.617727183,       -4.36242479,      -4.954259148,      -4.074245949,      -9.281103006
          0,           0,        1052,      -6.620249382,      -4.362421337,      -4.955102572,      -4.075488073,      -9.280353253
          0,           0,        1053,      -6.623358913,      -4.362410148,      -4.955959149,      -4.077095502,      -9.279593638
          0,           0,        1054,      -6.627028701,      -4.362391408,      -4.956824512,      -4.079042413,      -9.278825694
          0,           0,        1055,      -6.631224945,       -4.36236531,      -4.957693685,      -4.081297294,      -9.278051454
          0,           0,        1056,       -6.63590682,      -4.362332063,      -4.958561248,      -4.083823159,      -9.277271006
          0,           0,        1057,      -6.641026126,      -4.362291887,      -4.959421521,      -4.086577785,      -9.276485032
          0,           0,        1058,      -6.646526934,      -4.362245023,      -4.960268757,      -4.089514018,      -9.275697368
          0,           0,        1059,      -6.652345238,      -4.362191734,      -4.961097335,      -4.092580161,      -9.274914968
          0,           0,        1060,      -6.658408746,       -4.36213231,      -4.961901963,      -4.095720503,      -9.274128348
          0,           0,        1061,      -6.664636861,      -4.362067068,       -4.96267786,      -4.098876012,      -9.273335803
          0,           0,        1062,      -6.670940967,      -4.361996362,      -4.963420927,      -4.101985222,      -9.272532328
          0,           0,        1063,      -6.677225129,       -4.36192058,        -4.9641279,      -4.104985339,      -9.271723841
          0,           0,        1064,      -6.683387313,      -4.361840149,      -4.964796465,      -4.107813558,      -9.270908689
          0,           0,        1065,      -6.689321218,      -4.361755532,       -4.96542535,      -4.110408582,      -9.270083676
          0,           0,        1066,      -6.694918817,      -4.361667236,       -4.96601437,      -4.112712327,      -9.269251057
          0,           0,        1067,      -6.700073562,      -4.361575803,      -4.966564441,      -4.114671714,      -9.268411832
          0,           0,        1068,      -6.704684176,      -4.361481814,      -4.967077551,      -4.116240471,      -9.267561072
          0,           0,        1069,      -6.708658868,      -4.361385882,      -4.967556697,      -4.117380863,      -9.266705107
          0,           0,        1070,      -6.711919682,      -4.361288651,      -4.968005776,        -4.1180652,      -9.265844114
          0,           0,        1071,      -6.714406591,      -4.361190786,       -4.96842946,      -4.118277034,      -9.264977829
          0,           0,        1072,      -6.716080941,      -4.361092971,      -4.968833034,      -4.118011941,      -9.264105718
          0,           0,        1073,      -6.716927878,        -4.3609959,      -4.969222195,      -4.117277808,       -9.26323967
          0,           0,        1074,      -6.716957461,       -4.36090027,      -4.969602862,      -4.116094656,      -9.262375362
          0,           0,        1075,      -6.716204367,       -4.36080677,      -4.969980988,      -4.114493964,      -9.261504864
          0,           0,        1076,      -6.714726151,      -4.360716077,      -4.970362348,      -4.112517552,      -9.260627538
          0,           0,        1077,      -6.712600322,      -4.360628843,      -4.970752337,      -4.110216136,      -9.259741929
          0,           0,        1078,      -6.709920572,      -4.360545688,      -4.971155782,      -4.107647663,      -9.258846019
          0,           0,        1079,      -6.706792558,      -4.360467189,      -4.971576768,      -4.104875551,      -9.257940895
          0,           0,        1080,      -6.703329591,      -4.360393877,      -4.972018502,      -4.101966899,      -9.257026796
          0,           0,        1081,      -6.699648629,      -4.360326226,      -4.972483179,      -4.098990824,       -9.25610333
          0,           0,        1082,      -6.695866778,      -4.360264647,      -4.972971901,      -4.096016939,       -9.25517316
          0,           0,        1083,      -6.692098448,      -4.360209486,      -4.973484617,       -4.09311405,      -9.254234141
          0,           0,        1084,      -6.688453196,      -4.360161014,      -4.974020105,       -4.09034908,      -9.253284535
          0,           0,        1085,      -6.685034228,      -4.360119429,      -4.974575989,      -4.087786201,      -9.252323474
          0,           0,        1086,      -6.681937514,      -4.360084853,      -4.975148784,        -4.0854862,       -9.25135524
          0,           0,        1087,      -6.679251379,      -4.360057331,      -4.975733988,      -4.083506027,       -9.25037921
          0,           0,        1088,      -6.677056481,      -4.360036831,      -4.976326201,      -4.081898506,       -9.24939522
          0,           0,        1089,      -6.675426039,       -4.36002325,       -4.97691928,      -4.080712153,      -9.248393984
          0,           0,        1090,      -6.674426222,      -4.360016414,      -4.977506521,      -4.079991076,      -9.247380021
          0,           0,        1091,      -6.674116646,      -4.360016085,      -4.978080866,      -4.079774948,      -9.246354697
          0,           0,        1092,      -6.674550877,      -4.360021964,      -4.978635129,      -4.080098976,      -9.245319535
          0,           0,        1093,      -6.675776883,        -4.3600337,      -4.979162231,      -4.080993866,      -9.244274625
          0,           0,        1094,      -6.677837429,      -4.360050898,      -4.979655445,      -4.082485765,      -9.243220153
          0,           0,        1095,      -6.680770324,      -4.360073121,      -4.980108623,      -4.084596136,      -9.242155488
          0,           0,        1096,      -6.684608535,      -4.360099907,      -4.980516434,      -4.087341566,       -9.24108302
          0,           0,        1097,      -6.689380081,      -4.360130768,      -4.980874565,      -4.090733459,      -9.240002124
          0,           0,        1098,      -6.695107653,      -4.360165205,      -4.981179908,      -4.094777621,      -9.238915777
          0,           0,        1099,      -6.701807939,      -4.360202712,      -4.981430707,      -4.099473676,      -9.237818413
          0,           0,        1100,      -6.709490582,      -4.360242786,      -4.981626659,      -4.104814356,      -9.236711764
          0,           0,        1101,      -6.718156675,       -4.36028493,      -4.981768978,      -4.110784617,      -9.235594627
          0,           0,        1102,      -6.727796699,      -4.360328664,      -4.981860413,       -4.11736057,       -9.23446871
          0,           0,        1103,      -6.738387774,      -4.360373527,      -4.981905211,      -4.124508243,      -9.233335218
          0,           0,        1104,       -6.74989012,      -4.360419082,      -4.981909035,      -4.132182184,      -9.232193657
          0,           0,        1105,      -6.762242614,      -4.360464921,      -4.981878839,      -4.140323962,      -9.231041466
          0,           0,        1106,      -6.775357342,      -4.360510666,      -4.981822706,      -4.148860629,      -9.229881336
          0,           0,        1107,      -6.789113215,       -4.36055597,      -4.981749648,      -4.157703258,       -9.22871548
          0,           0,        1108,      -6.803348859,      -4.360600517,      -4.981669377,      -4.166745784,      -9.227543606
          0,           0,        1109,      -6.817855386,      -4.360644023,      -4.981592051,      -4.175864373,      -9.226367448
          0,           0,        1110,      -6.832370162,      -4.360686235,      -4.981528018,       -4.18491768,      -9.225183261
          0,           0,        1111,      -6.846573257,      -4.360726925,      -4.981487547,      -4.193748327,      -9.223991109
          0,           0,        1112,      -6.860089168,      -4.360765891,      -4.981480561,      -4.202186002,      -9.222790634
          0,           0,        1113,      -6.872496802,      -4.360802952,      -4.981516389,      -4.210052509,       -9.22158266
          0,           0,        1114,      -6.883350514,      -4.360837944,      -4.981603516,       -4.21716887,      -9.220371789
          0,           0,        1115,      -6.892213368,      -4.360870717,      -4.981749372,      -4.223364321,      -9.219151043
          0,           0,        1116,      -6.898700536,       -4.36090113,      -4.981960124,      -4.228486649,      -9.217917769
          0,           0,        1117,      -6.902526236,      -4.360929048,      -4.982240512,      -4.232412815,      -9.216671945
          0,           0,        1118,      -6.903543955,      -4.360954339,      -4.982593711,      -4.235058587,      -9.215415726
          0,           0,        1119,      -6.901769281,      -4.360976871,      -4.983021227,      -4.236385683,       -9.21414734
          0,           0,        1120,      -6.897378554,      -4.360996506,      -4.983522828,      -4.236405347,       -9.21286952
          0,           0,        1121,      -6.890683646,      -4.361013105,      -4.984096513,      -4.235177698,      -9.211582039
          0,           0,        1122,      -6.882090439,       -4.36102652,      -4.984738527,      -4.232806938,      -9.210286404
          0,           0,        1123,      -6.872051871,      -4.361036596,      -4.985443403,      -4.229433237,      -9.208983688
          0,           0,        1124,      -6.861025479,      -4.361043174,      -4.986204049,      -4.225222617,       -9.20767374
          0,           0,        1125,      -6.849441546,      -4.361046087,      -4.987011883,      -4.220356247,      -9.206356531
          0,           0,        1126,      -6.837683423,      -4.361045167,      -4.987856992,      -4.215020344,      -9.205041277
          0,           0,        1127,      -6.826078676,      -4.361040245,      -4.988728349,      -4.209397624,      -9.203721617
          0,           0,        1128,      -6.814898112,      -4.361031153,       -4.98961404,      -4.203660711,      -9.202395317
          0,           0,        1129,      -6.804359761,      -4.361017732,      -4.990501547,      -4.197967598,      -9.201065088
          0,           0,        1130,      -6.794635305,      -4.360999832,      -4.991378043,      -4.192458911,      -9.199730715
          0,           0,        1131,       -6.78585731,      -4.360977318,      -4.992230713,      -4.187256666,      -9.198390025
          0,           0,        1132,      -6.778126211,      -4.360950076,      -4.993047086,      -4.182464104,      -9.197035793
          0,           0,        1133,      -6.771516525,      -4.360918016,      -4.993815363,      -4.178166269,      -9.195666168
          0,           0,        1134,      -6.766082068,      -4.360881052,      -4.994524723,      -4.174430996,      -9.194287294
          0,           0,        1135,      -6.761860078,      -4.360839174,      -4.995165681,      -4.171310106,       -9.19290166
          0,           0,        1136,      -6.758874425,      -4.360792399,      -4.995730332,      -4.168840426,      -9.191508969
          0,           0,        1137,      -6.757137875,      -4.360740778,      -4.996212585,      -4.167044898,      -9.190109353
          0,           0,        1138,      -6.756653592,      -4.360684399,       -4.99660836,      -4.165933439,      -9.188702509
          0,           0,        1139,      -6.757415913,      -4.360623396,      -4.996915729,      -4.165503512,      -9.187288088
          0,           0,        1140,       -6.75941044,      -4.360557946,      -4.997134977,       -4.16574048,      -9.185866145
          0,           0,        1141,      -6.762613534,       -4.36048827,        -4.9972686,      -4.166617807,      -9.184436587
          0,           0,        1142,      -6.766991201,      -4.360414632,      -4.997321237,      -4.168097073,      -9.182997493
          0,           0,        1143,      -6.772497295,      -4.360337334,      -4.997299556,       -4.17012791,      -9.181551735
          0,           0,        1144,      -6.779071095,      -4.360256716,      -4.997212064,      -4.172647796,      -9.180098899
          0,           0,        1145,      -6.786634218,      -4.360173152,      -4.997068869,      -4.175581984,      -9.178638305
          0,           0,        1146,      -6.795086953,      -4.360087044,      -4.996881401,      -4.178843637,      -9.177170445
          0,           0,        1147,       -6.80430411,      -4.359998816,      -4.996662105,      -4.182334307,      -9.175695263
          0,           0,        1148,      -6.814130634,       -4.35990891,      -4.996424113,      -4.185944887,      -9.174212529
          0,           0,        1149,      -6.824377503,      -4.359817779,      -4.996180899,      -4.189557288,        -9.1727199
          0,           0,        1150,      -6.834818607,       -4.35972588,      -4.995945956,      -4.193046957,      -9.171218256
          0,           0,        1151,      -6.845189821,      -4.359633668,      -4.995732463,      -4.196286264,      -9.169709596
          0,           0,        1152,       -6.85519157,      -4.359541587,      -4.995552979,      -4.199148875,      -9.168194063
          0,           0,        1153,      -6.864496513,      -4.359450067,      -4.995419153,      -4.201514871,      -9.166672207
          0,           0,        1154,      -6.872763706,      -4.359359515,       -4.99534147,      -4.203276436,      -9.165143659
          0,           0,        1155,      -6.879659565,       -4.35927031,      -4.995329025,      -4.204343575,       -9.16360694
          0,           0,        1156,       -6.88488436,      -4.359182799,       -4.99538935,      -4.204649378,      -9.162063195
          0,           0,        1157,      -6.888201172,      -4.359097294,      -4.995528269,      -4.204154104,      -9.160513628
          0,           0,        1158,      -6.889462051,      -4.359014058,      -4.995749781,      -4.202847743,       -9.15896448
          0,           0,        1159,      -6.888625625,       -4.35893331,      -4.996055986,      -4.200750463,      -9.157411661
          0,           0,        1160,      -6.885762614,      -4.358855227,      -4.996447062,      -4.197911383,      -9.155851326
          0,           0,        1161,      -6.881047023,      -4.358779937,      -4.996921264,      -4.194405309,      -9.154283245
          0,           0,        1162,      -6.874735545,       -4.35870752,      -4.997474986,      -4.190328103,      -9.152708553
          0,           0,        1163,      -6.867140037,      -4.358638012,      -4.998102845,      -4.185791193,      -9.151127654
          0,           0,        1164,      -6.858598781,      -4.358571401,      -4.998797801,      -4.180915843,      -9.149538673
          0,           0,        1165,      -6.849451231,      -4.358507635,      -4.999551317,      -4.175827736,      -9.147943276
          0,           0,        1166,      -6.840018962,      -4.358446623,      -5.000353544,      -4.170652241,      -9.146342098
          0,           0,        1167,      -6.830593373,       -4.35838824,      -5.001193548,      -4.165510533,      -9.144735085
          0,           0,        1168,      -6.821429449,      -4.358332332,      -5.002059562,      -4.160516689,      -9.143121031
          0,           0,        1169,      -6.812744299,      -4.358278719,       -5.00293925,      -4.155775665,      -9.141496488
          0,           0,        1170,      -6.804718953,      -4.358227208,      -5.003819998,      -4.151382157,      -9.139864639
          0,           0,        1171,      -6.797501741,      -4.358177586,      -5.004689229,      -4.147420005,      -9.138226923
          0,           0,        1172,      -6.791212687,      -4.358129643,      -5.005534747,      -4.143962139,      -9.136583813
          0,           0,        1173,      -6.785947947,      -4.358083149,      -5.006344949,       -4.14107079,      -9.134934948
          0,           0,        1174,      -6.781784146,      -4.358037886,      -5.007109144,      -4.138798186,      -9.133279056
          0,           0,        1175,      -6.778781887,      -4.357993647,      -5.007817833,      -4.137186963,      -9.131616206
          0,           0,        1176,      -6.776988836,      -4.357950235,      -5.008462963,      -4.136270663,      -9.129947432
          0,           0,        1177,      -6.776442314,       -4.35790747,      -5.009038124,      -4.136074297,      -9.128273448
          0,           0,        1178,      -6.777171184,      -4.357865192,      -5.009538697,      -4.136614777,      -9.126595346
          0,           0,        1179,      -6.779197194,      -4.357823259,      -5.009961943,      -4.137901147,      -9.124911144
          0,           0,        1180,      -6.782535767,      -4.357781555,      -5.010307049,      -4.139934699,      -9.123220266
          0,           0,        1181,      -6.787196183,      -4.357739985,      -5.010575116,      -4.142708918,      -9.121522851
          0,           0,        1182,      -6.793181307,      -4.357698479,      -5.010769094,      -4.146209212,      -9.119819469
          0,           0,        1183,      -6.800486704,      -4.357656991,      -5.010893658,      -4.150412528,      -9.118109736
          0,           0,        1184,      -6.809098993,      -4.357615495,      -5.010955039,      -4.155286782,      -9.116394812
          0,           0,        1185,      -6.818993379,      -4.357573986,      -5.010960813,      -4.160790159,      -9.114674251
          0,           0,        1186,      -6.830130227,      -4.357532475,      -5.010919663,      -4.166870269,      -9.112948631
          0,           0,        1187,      -6.842450418,      -4.357490987,      -5.010841107,      -4.173463311,      -9.111217719
          0,           0,        1188,        -6.8558693,      -4.357449559,      -5.010735222,      -4.180493224,      -9.109480228
          0,           0,        1189,      -6.870269307,      -4.357408233,      -5.010612362,      -4.187871019,      -9.107737117
          0,           0,        1190,      -6.885490937,      -4.357367056,      -5.010482868,      -4.195494399,      -9.105988685
          0,           0,        1191,      -6.901322602,      -4.357326074,      -5.010356793,      -4.203247909,      -9.104234199
          0,           0,        1192,      -6.917490253,      -4.357285332,      -5.010243651,      -4.211003809,      -9.102472723
          0,           0,        1193,      -6.933648411,      -4.357244864,      -5.010152189,      -4.218623894,      -9.100704444
          0,           0,        1194,      -6.949375544,      -4.357204697,      -5.010090181,      -4.225962384,      -9.098929042
          0,           0,        1195,      -6.964178149,      -4.357164842,       -5.01006427,      -4.232870179,      -9.097147118
          0,           0,        1196,      -6.977508624,      -4.357125296,      -5.010079822,      -4.239200284,      -9.095359333
          0,           0,        1197,      -6.988801019,      -4.357086038,       -5.01014082,      -4.244814418,      -9.093564559
          0,           0,        1198,      -6.997524988,       -4.35704703,      -5.010249797,       -4.24959023,      -9.091761886
          0,           0,        1199,      -7.003251735,      -4.357008214,      -5.010407801,      -4.253428459,      -9.089952545
          0,           0,        1200,      -7.005717647,      -4.356969513,      -5.010614398,      -4.256259262,      -9.088137304
          0,           0,        1201,       -7.00486797,      -4.356930833,      -5.010867712,      -4.258046837,      -9.086315952
          0,           0,        1202,      -7.000866074,      -4.356892058,        -5.0111645,      -4.258791806,      -9.084489434
          0,           0,        1203,      -6.994064912,      -4.356853061,      -5.011500251,      -4.258530794,      -9.082656902
          0,           0,        1204,      -6.984950469,      -4.356813695,      -5.011869303,      -4.257333453,      -9.080819128
          0,           0,        1205,      -6.974074762,      -4.356773806,      -5.012264997,      -4.255297327,      -9.078975722
          0,           0,        1206,      -6.961995037,      -4.356733228,      -5.012679848,      -4.252541217,      -9.077126875
          0,           0,        1207,      -6.949229107,      -4.356691792,      -5.013105745,      -4.249197935,      -9.075271856
          0,           0,        1208,      -6.936229213,      -4.356649323,      -5.013534169,        -4.2454071,      -9.073410623
          0,           0,        1209,       -6.92337188,      -4.356605648,      -5.013956408,       -4.24130865,      -9.071544917
          0,           0,        1210,      -6.910958957,      -4.356560597,      -5.014363782,      -4.237037558,       -9.06967278
          0,           0,        1211,      -6.899224938,      -4.356514008,      -5.014747868,      -4.232719849,      -9.067794754
          0,           0,        1212,      -6.888346957,      -4.356465725,      -5.015100713,      -4.228469846,      -9.065911302
          0,           0,        1213,      -6.878455256,       -4.35641561,      -5.015415043,      -4.224388583,         -9.064021
          0,           0,        1214,      -6.869642735,      -4.356363537,      -5.015684454,      -4.220563018,      -9.062124559
          0,           0,        1215,      -6.861972996,      -4.356309396,      -5.015903584,      -4.217065936,      -9.060222379
          0,           0,        1216,      -6.855487034,      -4.356253099,      -5.016068253,      -4.213956273,      -9.058314284
          0,           0,        1217,      -6.850208469,      -4.356194573,      -5.016175564,      -4.211279754,      -9.056400928
          0,           0,        1218,       -6.84614749,      -4.356133769,      -5.016223974,      -4.209069687,      -9.054481724
          0,           0,        1219,      -6.843303738,       -4.35607066,      -5.016213323,       -4.20734779,       -9.05255688
          0,           0,        1220,      -6.841668402,      -4.356005237,      -5.016144835,      -4.206125016,      -9.050626704
          0,           0,        1221,      -6.841225428,      -4.355937515,      -5.016021082,      -4.205402183,      -9.048692245
          0,           0,        1222,      -6.841952139,      -4.355867526,      -5.015845902,      -4.205170602,      -9.046753911
          0,           0,        1223,      -6.843819264,       -4.35579532,      -5.015624313,      -4.205412588,      -9.044811666
          0,           0,        1224,      -6.846790631,      -4.355720965,      -5.015362363,      -4.206101846,      -9.042864089
          0,           0,        1225,      -6.850822469,      -4.355644542,      -5.015066973,      -4.207203957,      -9.040910664
          0,           0,        1226,      -6.855862223,      -4.355566147,      -5.014745768,      -4.208676783,      -9.038952595
          0,           0,        1227,      -6.861846973,      -4.355485884,      -5.014406894,      -4.210470935,       -9.03699034
          0,           0,        1228,      -6.868701496,       -4.35540387,      -5.014058827,      -4.212530199,      -9.035024187
          0,           0,        1229,      -6.876336086,      -4.355320223,      -5.013710183,      -4.214792187,      -9.033052965
          0,           0,        1230,      -6.884644145,       -4.35523507,      -5.013369543,       -4.21718926,      -9.031076303
          0,           0,        1231,      -6.893499828,      -4.355148535,      -5.013045282,      -4.219649516,      -9.029095664
          0,           0,        1232,      -6.902755887,      -4.355060744,      -5.012745396,      -4.222098145,      -9.027111326
          0,           0,        1233,      -6.912242267,      -4.354971819,      -5.012477345,      -4.224459084,      -9.025123008
          0,           0,        1234,      -6.921765738,      -4.354881881,       -5.01224793,      -4.226657037,      -9.023130411
          0,           0,        1235,       -6.93111142,      -4.354791044,      -5.012063183,      -4.228619512,      -9.021133375
          0,           0,        1236,      -6.940046948,      -4.354699416,      -5.011928267,      -4.230279216,      -9.019131809
          0,           0,        1237,      -6.948329498,      -4.354607099,      -5.011847425,      -4.231576394,      -9.017126103
          0,           0,        1238,      -6.955716192,      -4.354514186,      -5.011823925,      -4.232461018,      -9.015116306
          0,           0,        1239,      -6.961977607,      -4.354420762,      -5.011860034,      -4.232894742,      -9.013103217
          0,           0,        1240,      -6.966913537,      -4.354326902,       -5.01195698,       -4.23285244,      -9.011087593
          0,           0,        1241,       -6.97036854,      -4.354232675,      -5.012114972,      -4.232323214,      -9.009069037
          0,           0,        1242,        -6.9722455,      -4.354138141,      -5.012333232,      -4.231310683,      -9.007047811
          0,           0,        1243,       -6.97251449,      -4.354043355,      -5.012610044,      -4.229832567,      -9.005023829
          0,           0,        1244,      -6.971215184,      -4.353948363,      -5.012942792,       -4.22791964,       -9.00299756
          0,           0,        1245,      -6.968452502,      -4.353853209,      -5.013328045,      -4.225614219,      -9.000968984
          0,           0,        1246,      -6.964386089,      -4.353757928,      -5.013761632,       -4.22296815,      -8.998937966
          0,           0,        1247,      -6.959215919,      -4.353662554,      -5.014238733,      -4.220040579,      -8.996903805
          0,           0,        1248,       -6.95316627,      -4.353567119,      -5.014753974,      -4.216895674,      -8.994866791
          0,           0,        1249,       -6.94647055,      -4.353471652,      -5.015301549,      -4.213600446,      -8.992827073
          0,           0,        1250,      -6.939358513,      -4.353376183,      -5.015875329,      -4.210222622,      -8.990783351
          0,           0,        1251,       -6.93204665,      -4.353280742,      -5.016468982,       -4.20682885,       -8.98873744
          0,           0,        1252,        -6.9247319,      -4.353185361,      -5.017076091,      -4.203483232,      -8.986689258
          0,           0,        1253,      -6.917588483,      -4.353090071,      -5.017690264,      -4.200246205,      -8.984638308
          0,           0,        1254,      -6.910766897,      -4.352994908,      -5.018305255,      -4.197173689,       -8.98258404
          0,           0,        1255,       -6.90439445,      -4.352899911,      -5.018915052,      -4.194316442,       -8.98052649
          0,           0,        1256,      -6.898576791,      -4.352805121,      -5.019514003,      -4.191719775,       -8.97846666
          0,           0,        1257,      -6.893400066,      -4.352710581,      -5.020096895,      -4.189423308,       -8.97640404
          0,           0,        1258,       -6.88893336,      -4.352616338,      -5.020659033,      -4.187460938,      -8.974338308
          0,           0,        1259,      -6.885230985,      -4.352522441,      -5.021196304,      -4.185860939,      -8.972269916
          0,           0,        1260,      -6.882334571,      -4.352428943,      -5.021705229,      -4.184646086,      -8.970199182
          0,           0,        1261,      -6.880274856,      -4.352335897,      -5.022182996,      -4.183833825,      -8.968126123
          0,           0,        1262,      -6.879073205,      -4.352243359,       -5.02262748,      -4.183436439,      -8.966050235
          0,           0,        1263,      -6.878742821,      -4.352151383,      -5.023037236,      -4.183461183,      -8.963971327
          0,           0,        1264,      -6.879289581,      -4.352060026,      -5.023411511,      -4.183910593,      -8.961889445
          0,           0,        1265,      -6.880712527,      -4.351969341,      -5.023750213,      -4.184782391,      -8.959804814
          0,           0,        1266,      -6.883004123,      -4.351879379,       -5.02405386,      -4.186069609,      -8.957717107
          0,           0,        1267,      -6.886150325,      -4.351790188,      -5.024323529,      -4.187760708,      -8.955626635
          0,           0,        1268,      -6.890130366,      -4.351701813,      -5.024560794,      -4.189839659,      -8.953533116
          0,           0,        1269,      -6.894916237,      -4.351614293,      -5.024767662,      -4.192285946,      -8.951436887
          0,           0,        1270,      -6.900471968,      -4.351527664,      -5.024946483,       -4.19507461,      -8.949338416
          0,           0,        1271,      -6.906752658,      -4.351441955,      -5.025099871,      -4.198176318,      -8.947237773
          0,           0,        1272,       -6.91370325,      -4.351357188,      -5.025230641,      -4.201557408,      -8.945133923
          0,           0,        1273,      -6.921257096,      -4.351273376,      -5.025341716,      -4.205179912,       -8.94302827
          0,           0,        1274,      -6.929334499,      -4.351190526,      -5.025436038,      -4.209001749,      -8.940921203
          0,           0,        1275,      -6.937841456,      -4.351108635,      -5.025516493,      -4.212977081,      -8.938812116
          0,           0,        1276,       -6.94666847,      -4.351027692,      -5.025585838,      -4.217056716,      -8.936701559
          0,           0,        1277,      -6.955689759,      -4.350947679,      -5.025646634,      -4.221188673,      -8.934588334
          0,           0,        1278,      -6.964763182,      -4.350868571,      -5.025701185,      -4.225318873,      -8.932472578
          0,           0,        1279,      -6.973731246,      -4.350790332,       -5.02575151,      -4.229392059,      -8.930354048
          0,           0,        1280,      -6.982423384,      -4.350712918,      -5.025799302,      -4.233352755,      -8.928233054
          0,           0,        1281,      -6.990660006,      -4.350636277,      -5.025845891,      -4.237146472,      -8.926110467
          0,           0,        1282,      -6.998258725,      -4.350560349,      -5.025892221,      -4.240721086,      -8.923984504
          0,           0,        1283,      -7.005042351,      -4.350485068,      -5.025938846,      -4.244028268,      -8.921854413
          0,           0,        1284,      -7.010848358,      -4.350410361,      -5.025985927,      -4.247024889,      -8.919721449
          0,           0,        1285,       -7.01553901,      -4.350336146,      -5.026033238,      -4.249674478,      -8.917586165
          0,           0,        1286,      -7.019011187,      -4.350262341,      -5.026080183,      -4.251948285,      -8.915447701
          0,           0,        1287,      -7.021204466,      -4.350188855,      -5.026125848,      -4.253826386,      -8.913306863
          0,           0,        1288,      -7.022105852,      -4.350115593,      -5.026169029,       -4.25529822,      -8.911163447
          0,           0,        1289,      -7.021750924,      -4.350042454,       -5.02620827,      -4.256362912,      -8.909017636
          0,           0,        1290,      -7.020221029,      -4.349969338,      -5.026241902,      -4.257029229,      -8.906868847
          0,           0,        1291,      -7.017636791,      -4.349896139,      -5.026268095,      -4.257315073,      -8.904716264
          0,           0,        1292,      -7.014149202,       -4.34982275,       -5.02628491,      -4.257246763,      -8.902560406
          0,           0,        1293,      -7.009929505,      -4.349749064,      -5.026290363,      -4.256857917,      -8.900401682
          0,           0,        1294,      -7.005159173,      -4.349674972,      -5.026282487,      -4.256188061,      -8.898240128
          0,           0,        1295,       -7.00002097,      -4.349600367,      -5.026259386,      -4.255281179,      -8.896075423
          0,           0,        1296,      -6.994691774,       -4.34952514,      -5.026219301,      -4.254184257,      -8.893907727
          0,           0,        1297,      -6.989337232,      -4.349449185,      -5.026160654,      -4.252945751,      -8.891737879
          0,           0,        1298,      -6.984108564,      -4.349372397,      -5.026082096,      -4.251614313,      -8.889566673
          0,           0,        1299,      -6.979140897,      -4.349294675,       -5.02598255,      -4.250237531,      -8.887393063
          0,           0,        1300,      -6.974552688,      -4.349215921,      -5.025861267,      -4.248860952,      -8.885218116
          0,           0,        1301,      -6.970446045,       -4.34913604,      -5.025717854,      -4.247527028,      -8.883041425
          0,           0,        1302,      -6.966907648,      -4.349054943,      -5.025552304,      -4.246274397,      -8.880862065
          0,           0,        1303,      -6.964009995,      -4.348972543,      -5.025365005,      -4.245137357,      -8.878681088
          0,           0,        1304,      -6.961812736,      -4.348888761,      -5.025156752,      -4.244145419,      -8.876499196
          0,           0,        1305,      -6.960364034,      -4.348803525,      -5.024928744,      -4.243323119,      -8.874316301
          0,           0,        1306,      -6.959701656,      -4.348716768,      -5.024682582,      -4.242689721,      -8.872132534
          0,           0,        1307,      -6.959853771,      -4.348628432,      -5.024420252,      -4.242259055,      -8.869948308
          0,           0,        1308,      -6.960839652,      -4.348538465,       -5.02414411,      -4.242039562,      -8.867764352
          0,           0,        1309,      -6.962670001,      -4.348446824,      -5.023856847,      -4.242034209,       -8.86558048
          0,           0,        1310,      -6.965347038,      -4.348353473,      -5.023561449,      -4.242240563,      -8.863396703
          0,           0,        1311,      -6.968864294,      -4.348258385,      -5.023261151,      -4.242650877,      -8.861213322
          0,           0,        1312,      -6.973206018,      -4.348161544,      -5.022959388,      -4.243252314,      -8.859030762
          0,           0,        1313,      -6.978346286,      -4.348062942,      -5.022659744,      -4.244027105,      -8.856849085
          0,           0,        1314,      -6.984247691,      -4.347962581,      -5.022365894,      -4.244952757,      -8.854667892
          0,           0,        1315,      -6.990859823,      -4.347860473,      -5.022081551,      -4.246002406,      -8.852487949
          0,           0,        1316,      -6.998117358,      -4.347756638,      -5.021810413,      -4.247145313,      -8.850308957
          0,           0,        1317,      -7.005937863,      -4.347651104,      -5.021556104,      -4.248347269,      -8.848131148
          0,           0,        1318,      -7.014219574,      -4.347543912,      -5.021322106,      -4.249571216,      -8.845954622
          0,           0,        1319,      -7.022839421,      -4.347435106,       -5.02111171,      -4.250778054,       -8.84377937
          0,           0,        1320,      -7.031651339,      -4.347324744,      -5.020927963,      -4.251927592,      -8.841606125
          0,           0,        1321,      -7.040485737,      -4.347212888,       -5.02077363,      -4.252979472,      -8.839434565
          0,           0,        1322,      -7.049150093,      -4.347099608,      -5.020651142,       -4.25389418,       -8.83726377
          0,           0,        1323,      -7.057432044,      -4.346984979,      -5.020562561,      -4.254634262,      -8.835093716
          0,           0,        1324,      -7.065105133,      -4.346869084,      -5.020509549,      -4.255165528,      -8.832925077
          0,           0,        1325,      -7.071937771,      -4.346752009,      -5.020493342,      -4.255458187,      -8.830757744
          0,           0,        1326,       -7.07770525,      -4.346633844,      -5.020514732,      -4.255487863,      -8.828590904
          0,           0,        1327,      -7.082204182,      -4.346514681,      -5.020574044,      -4.255236505,      -8.826425211
          0,           0,        1328,      -7.085268307,      -4.346394615,      -5.020671137,      -4.254693219,      -8.824260697
          0,           0,        1329,      -7.086782999,      -4.346273742,      -5.020805401,      -4.253854679,      -8.822098028
          0,           0,        1330,      -7.086696151,      -4.346152159,      -5.020975772,       -4.25272533,      -8.819936833
          0,           0,        1331,      -7.085023462,       -4.34602996,      -5.021180744,      -4.251317287,      -8.817778648
          0,           0,        1332,      -7.081847126,      -4.345907238,      -5.021418383,      -4.249649974,      -8.815623199
          0,           0,        1333,      -7.077308179,      -4.345784086,      -5.021686361,      -4.247749489,      -8.813469955
          0,           0,        1334,      -7.071594013,       -4.34566059,       -5.02198198,      -4.245647814,      -8.811318529
          0,           0,        1335,      -7.064923235,      -4.345536837,      -5.022302216,      -4.243381831,      -8.809168964
          0,           0,        1336,      -7.057530185,      -4.345412907,      -5.022643777,      -4.240992208,      -8.807021295
          0,           0,        1337,      -7.049651058,      -4.345288875,       -5.02300314,      -4.238522182,      -8.804875271
          0,           0,        1338,      -7.041513101,      -4.345164811,      -5.023376609,      -4.236016471,      -8.802730836
          0,           0,        1339,      -7.033327101,      -4.345040781,      -5.023760367,      -4.233520237,      -8.800587971
          0,           0,        1340,      -7.025282843,      -4.344916843,      -5.024150528,      -4.231078121,      -8.798446131
          0,           0,        1341,      -7.017547238,      -4.344793053,      -5.024543202,      -4.228733455,      -8.796305284
          0,           0,        1342,      -7.010264204,      -4.344669459,      -5.024934559,      -4.226527464,      -8.794165395
          0,           0,        1343,      -7.003555801,      -4.344546105,      -5.025320881,      -4.224498633,      -8.792026732
          0,           0,        1344,      -6.997524075,      -4.344423028,      -5.025698617,      -4.222682242,      -8.789889481
          0,           0,        1345,      -6.992253452,      -4.344300261,      -5.026064446,          -4.22111,      -8.787754287
          0,           0,        1346,      -6.987812945,      -4.344177831,      -5.026415318,      -4.219809704,      -8.785619987
          0,           0,        1347,      -6.984258353,      -4.344055762,      -5.026748488,      -4.218805013,      -8.783487615
          0,           0,        1348,      -6.981634182,      -4.343934073,      -5.027061553,      -4.218115384,      -8.781356599
          0,           0,        1349,      -6.979975413,      -4.343812779,      -5.027352494,      -4.217755921,      -8.779226956
          0,           0,        1350,      -6.979308683,      -4.343691891,      -5.027619673,      -4.217737234,      -8.777099581
          0,           0,        1351,      -6.979653337,      -4.343571417,       -5.02786187,      -4.218065433,       -8.77497525
          0,           0,        1352,      -6.981021954,      -4.343451363,      -5.028078261,      -4.218742027,       -8.77285333
          0,           0,        1353,      -6.983420823,       -4.34333173,      -5.028268431,      -4.219763953,      -8.770733922
          0,           0,        1354,      -6.986849817,      -4.343212517,      -5.028432344,      -4.221123478,      -8.768616961
          0,           0,        1355,      -6.991302145,      -4.343093721,      -5.028570335,       -4.22280825,      -8.766502772
          0,           0,        1356,       -6.99676345,      -4.342975336,      -5.028683065,      -4.224801236,      -8.764390853
          0,           0,        1357,      -7.003210965,      -4.342857355,      -5.028771496,      -4.227080802,      -8.762280977
          0,           0,        1358,       -7.01061185,      -4.342739765,      -5.028836841,      -4.229620736,      -8.760173429
          0,           0,        1359,      -7.018921347,      -4.342622553,      -5.028880528,      -4.232390408,      -8.758068988
          0,           0,        1360,      -7.028080334,      -4.342505704,      -5.028904138,      -4.235354944,      -8.755967438
          0,           0,        1361,      -7.038012605,      -4.342389196,      -5.028909359,      -4.238475565,      -8.753868824
          0,           0,        1362,      -7.048621774,      -4.342273009,      -5.028897942,      -4.241709992,      -8.751772965
          0,           0,        1363,       -7.05978779,      -4.342157114,      -5.028871641,      -4.245012961,      -8.749679352
          0,           0,        1364,      -7.071363749,      -4.342041483,      -5.028832162,      -4.248336962,      -8.747588686
          0,           0,        1365,      -7.083173235,       -4.34192608,      -5.028781122,       -4.25163306,      -8.745501757
          0,           0,        1366,      -7.095008951,      -4.341810868,      -5.028720007,      -4.254851928,      -8.743418563
          0,           0,        1367,      -7.106633439,      -4.341695803,      -5.028650146,      -4.257944988,      -8.741338372
          0,           0,        1368,      -7.117782925,      -4.341580836,       -5.02857267,      -4.260865608,      -8.739261235
          0,           0,        1369,      -7.128175631,      -4.341465914,      -5.028488482,      -4.263570469,      -8.737187578
          0,           0,        1370,      -7.137525088,      -4.341350978,      -5.028398252,       -4.26602092,      -8.735117388
          0,           0,        1371,      -7.145558055,      -4.341235965,      -5.028302413,      -4.268184182,      -8.733051136
          0,           0,        1372,      -7.152035437,      -4.341120805,      -5.028201156,      -4.270034449,       -8.73098887
          0,           0,        1373,      -7.156774383,      -4.341005424,      -5.028094417,      -4.271553696,      -8.728930116
          0,           0,        1374,       -7.15966767,      -4.340889744,       -5.02798192,      -4.272732438,      -8.726875457
          0,           0,        1375,      -7.160695449,       -4.34077368,      -5.027863185,      -4.273569896,      -8.724824315
          0,           0,        1376,      -7.159927836,      -4.340657147,       -5.02773754,      -4.274073901,      -8.722776906
          0,           0,        1377,      -7.157517831,      -4.340540053,      -5.027604183,      -4.274260578,      -8.720733097
          0,           0,        1378,      -7.153684697,      -4.340422304,      -5.027462195,      -4.274153474,      -8.718692876
          0,           0,        1379,      -7.148693455,      -4.340303803,      -5.027310584,       -4.27378261,      -8.716655828
          0,           0,        1380,       -7.14283263,      -4.340184454,      -5.027148341,      -4.273183292,      -8.714621277
          0,           0,        1381,      -7.136394053,      -4.340064159,      -5.026974456,      -4.272394716,      -8.712589513
          0,           0,        1382,      -7.129657858,       -4.33994282,      -5.026787994,      -4.271458685,      -8.710560812
          0,           0,        1383,       -7.12288126,       -4.33982034,      -5.026588116,      -4.270418117,      -8.708535415
          0,           0,        1384,      -7.116292848,      -4.339696626,      -5.026374137,      -4.269315847,      -8.706513642
          0,           0,        1385,      -7.110089935,      -4.339571586,      -5.026145538,      -4.268193373,      -8.704495755
          0,           0,        1386,      -7.104439589,      -4.339445135,      -5.025902033,      -4.267089964,      -8.702481138
          0,           0,        1387,      -7.099479968,      -4.339317191,      -5.025643569,      -4.266041694,      -8.700470575
          0,           0,        1388,      -7.095323638,      -4.339187678,      -5.025370365,      -4.265080791,      -8.698464508
          0,           0,        1389,        -7.0920606,      -4.339056529,      -5.025082919,      -4.264235045,      -8.696462775
          0,           0,        1390,      -7.089761257,      -4.338923682,      -5.024782012,      -4.263527395,      -8.694465413
          0,           0,        1391,       -7.08847922,      -4.338789085,      -5.024468718,      -4.262975692,       -8.69247277
          0,           0,        1392,      -7.088253513,      -4.338652696,      -5.024144405,      -4.262592531,      -8.690485151
          0,           0,        1393,      -7.089110041,      -4.338514479,      -5.023810715,      -4.262385121,      -8.688502565
          0,           0,        1394,      -7.091062751,       -4.33837441,      -5.023469531,      -4.262355298,      -8.686524777
          0,           0,        1395,       -7.09411385,      -4.338232474,      -5.023122945,      -4.262499646,      -8.684552332
          0,           0,        1396,      -7.098254347,      -4.338088666,      -5.022773254,       -4.26280978,      -8.682585416
          0,           0,        1397,      -7.103462829,      -4.337942991,      -5.022422912,       -4.26327245,      -8.680623893
          0,           0,        1398,       -7.10970402,      -4.337795463,      -5.022074479,      -4.263869853,      -8.678667548
          0,           0,        1399,      -7.116926741,      -4.337646105,      -5.021730566,      -4.264580054,      -8.676715709
          0,           0,        1400,      -7.125061572,      -4.337494951,      -5.021393814,      -4.265377558,      -8.674769484
          0,           0,        1401,      -7.134017408,       -4.33734204,      -5.021066844,      -4.266233824,      -8.672828872
          0,           0,        1402,      -7.143677392,       -4.33718742,      -5.020752183,      -4.267117836,      -8.670893963
          0,           0,        1403,      -7.153895356,      -4.337031147,      -5.020452244,      -4.267997035,      -8.668964742
          0,           0,        1404,      -7.164491839,       -4.33687328,       -5.02016928,      -4.268838075,      -8.667041481
          0,           0,        1405,       -7.17525107,      -4.336713886,      -5.019905316,       -4.26960767,      -8.665124322
          0,           0,        1406,      -7.185920672,      -4.336553035,      -5.019662146,      -4.270273683,      -8.663213665
          0,           0,        1407,      -7.196213586,      -4.336390801,      -5.019441291,      -4.270806003,      -8.661309064
          0,           0,        1408,      -7.205814875,       -4.33622726,      -5.019243943,      -4.271177441,      -8.659410415
          0,           0,        1409,      -7.214395857,      -4.336062489,      -5.019070989,      -4.271364834,      -8.657517215
          0,           0,        1410,      -7.221632545,      -4.335896567,       -5.01892297,      -4.271349634,      -8.655629694
          0,           0,        1411,      -7.227230846,      -4.335729573,      -5.018800075,      -4.271118645,      -8.653747595
          0,           0,        1412,      -7.230953919,      -4.335561582,      -5.018702136,      -4.270664471,      -8.651871381
          0,           0,        1413,      -7.232647278,      -4.335392671,       -5.01862863,      -4.269985807,      -8.650001202
          0,           0,        1414,       -7.23225695,      -4.335222914,      -5.018578683,      -4.269087463,      -8.648136516
          0,           0,        1415,      -7.229836334,      -4.335052382,      -5.018551101,      -4.267980223,      -8.646277196
          0,           0,        1416,      -7.225539257,      -4.334881144,      -5.018544393,      -4.266680447,      -8.644423607
          0,           0,        1417,      -7.219601472,      -4.334709263,      -5.018556792,      -4.265209455,      -8.642575967
          0,           0,        1418,      -7.212315616,      -4.334536801,      -5.018586281,      -4.263592849,      -8.640733984
          0,           0,        1419,      -7.204003757,      -4.334363814,      -5.018630624,      -4.261859656,      -8.638897951
          0,           0,        1420,       -7.19499283,      -4.334190355,      -5.018687412,      -4.260041519,      -8.637068189
          0,           0,        1421,      -7.185595435,      -4.334016474,       -5.01875412,      -4.258171792,      -8.635244835
          0,           0,        1422,      -7.176096633,      -4.333842214,      -5.018828139,      -4.256284582,      -8.633427427
          0,           0,        1423,      -7.166746937,      -4.333667616,      -5.018906814,      -4.254413922,      -8.631615944
          0,           0,        1424,      -7.157760068,      -4.333492719,      -5.018987478,      -4.252592988,      -8.629810019
          0,           0,        1425,      -7.149314297,      -4.333317555,      -5.019067526,      -4.250853552,      -8.628009927
          0,           0,        1426,      -7.141555102,      -4.333142155,      -5.019144445,      -4.249225289,      -8.626216175
          0,           0,        1427,       -7.13459904,      -4.332966544,      -5.019215843,      -4.247735281,      -8.624428155
          0,           0,        1428,       -7.12853796,      -4.332790749,      -5.019279481,      -4.246407644,      -8.622646117
          0,           0,        1429,      -7.123443294,      -4.332614788,      -5.019333332,      -4.245263299,      -8.620869957
          0,           0,        1430,        -7.1193691,      -4.332438682,      -5.019375593,      -4.244319651,      -8.619099112
          0,           0,        1431,      -7.116355036,      -4.332262445,      -5.019404681,       -4.24359042,       -8.61733316
          0,           0,        1432,      -7.114429257,      -4.332086092,      -5.019419278,      -4.243085655,      -8.615572199
          0,           0,        1433,      -7.113610095,      -4.331909635,      -5.019418337,      -4.242811641,      -8.613816561
          0,           0,        1434,       -7.11390719,      -4.331733084,      -5.019401067,      -4.242770835,       -8.61206639
          0,           0,        1435,      -7.115322494,      -4.331556447,      -5.019366935,      -4.242961961,       -8.61032205
          0,           0,        1436,      -7.117851013,       -4.33137973,      -5.019315681,      -4.243380131,      -8.608583704
          0,           0,        1437,      -7.121480175,      -4.331202937,      -5.019247275,      -4.244016841,      -8.606851386
          0,           0,        1438,      -7.126189732,      -4.331026071,      -5.019161917,      -4.244860214,      -8.605125526
          0,           0,        1439,      -7.131950782,       -4.33084913,      -5.019060005,      -4.245895134,      -8.603406473
          0,           0,        1440,      -7.138724323,      -4.330672114,      -5.018942101,      -4.247103453,      -8.601694635
          0,           0,        1441,      -7.146459642,      -4.330495016,      -5.018808915,       -4.24846432,      -8.599989029
          0,           0,        1442,      -7.155091837,      -4.330317832,      -5.018661258,      -4.249954428,      -8.598290618
          0,           0,        1443,      -7.164539604,      -4.330140549,      -5.018500037,      -4.251548476,      -8.596599407
          0,           0,        1444,      -7.174701812,      -4.329963156,      -5.018326208,      -4.253219498,      -8.594914736
          0,           0,        1445,      -7.185454292,      -4.329785635,      -5.018140742,      -4.254939351,      -8.593236276
          0,           0,        1446,      -7.196646909,      -4.329607969,      -5.017944597,      -4.256679262,      -8.591564086
          0,           0,        1447,       -7.20810082,      -4.329430135,      -5.017738677,      -4.258410346,       -8.58989835
          0,           0,        1448,      -7.219607825,      -4.329252106,      -5.017523836,      -4.260104317,      -8.588239546
          0,           0,        1449,      -7.230930706,      -4.329073855,      -5.017300848,       -4.26173402,      -8.586587376
          0,           0,        1450,      -7.241807048,      -4.328895346,      -5.017070389,      -4.263274044,       -8.58494197
          0,           0,        1451,      -7.251957127,      -4.328716545,      -5.016833014,      -4.264701301,      -8.583303421
          0,           0,        1452,        -7.2610964,      -4.328537412,       -5.01658914,      -4.265995584,      -8.581671492
          0,           0,        1453,      -7.268953525,      -4.328357904,      -5.016339072,      -4.267140144,      -8.580046054
          0,           0,        1454,      -7.275290103,      -4.328177975,      -5.016082996,       -4.26812199,      -8.578427164
          0,           0,        1455,      -7.279921417,      -4.327997576,       -5.01582097,      -4.268932147,       -8.57681597
          0,           0,        1456,      -7.282734574,      -4.327816657,      -5.015552917,      -4.269565782,      -8.575213754
          0,           0,        1457,      -7.283701451,      -4.327635165,      -5.015278666,      -4.270022372,      -8.573618312
          0,           0,        1458,      -7.282881156,      -4.327453047,      -5.014997967,      -4.270305498,       -8.57202882
          0,           0,        1459,      -7.280412627,      -4.327270247,      -5.014710501,      -4.270422563,      -8.570445949
          0,           0,        1460,      -7.276499688,       -4.32708671,      -5.014415882,      -4.270384428,      -8.568869707
          0,           0,        1461,      -7.271391874,      -4.326902378,      -5.014113707,       -4.27020506,      -8.567300384
          0,           0,        1462,      -7.265362576,      -4.326717197,      -5.013803565,      -4.269900936,      -8.565737868
          0,           0,        1463,      -7.258689437,      -4.326531112,      -5.013485046,      -4.269490412,      -8.564181486
          0,           0,        1464,      -7.251639795,      -4.326344071,      -5.013157779,      -4.268993241,      -8.562631701
          0,           0,        1465,      -7.244459306,      -4.326156023,      -5.012821451,      -4.268429907,      -8.561088888
          0,           0,        1466,      -7.237365631,       -4.32596692,      -5.012475812,      -4.267820984,      -8.559552644
          0,           0,        1467,      -7.230546506,      -4.325776719,      -5.012120712,      -4.267186698,      -8.558022759
          0,           0,        1468,      -7.224159021,      -4.325585377,      -5.011756114,      -4.266546354,      -8.556500083
          0,           0,        1469,      -7.218331332,      -4.325392859,      -5.011382085,      -4.265917846,      -8.554985794
          0,           0,        1470,      -7.213165882,      -4.325199131,       -5.01099882,      -4.265317389,      -8.553479078
          0,           0,        1471,      -7.208741985,      -4.325004166,      -5.010606645,      -4.264759142,       -8.55197906
          0,           0,        1472,      -7.205118504,      -4.324807941,      -5.010205998,      -4.264254949,      -8.550484994
          0,           0,        1473,      -7.202337535,       -4.32461044,      -5.009797459,      -4.263814291,      -8.548996932
          0,           0,        1474,      -7.200425715,      -4.324411649,      -5.009381733,      -4.263444049,       -8.54751498
          0,           0,        1475,      -7.199396282,      -4.324211563,      -5.008959645,      -4.263148498,      -8.546039527
          0,           0,        1476,      -7.199250181,      -4.324010179,      -5.008532115,      -4.262929272,       -8.54457049
          0,           0,        1477,      -7.199977141,      -4.323807502,      -5.008100144,      -4.262785449,      -8.543107316
          0,           0,        1478,       -7.20155632,      -4.323603541,      -5.007664807,      -4.262713689,      -8.541650146
          0,           0,        1479,      -7.203956433,       -4.32339831,      -5.007227236,      -4.262708385,      -8.540199503
          0,           0,        1480,       -7.20713542,      -4.323191826,      -5.006788607,       -4.26276185,       -8.53875572
          0,           0,        1481,       -7.21103986,      -4.322984112,      -5.006350104,      -4.262864509,      -8.537318007
          0,           0,        1482,      -7.215604153,      -4.322775194,      -5.005912893,      -4.263005174,      -8.535888734
          0,           0,        1483,      -7.220750429,      -4.322565104,      -5.005478113,      -4.263171427,      -8.534465942
          0,           0,        1484,      -7.226387573,      -4.322353874,      -5.005046865,       -4.26334993,      -8.533053781
          0,           0,        1485,      -7.232410467,      -4.322141541,      -5.004620186,      -4.263526734,      -8.531647126
          0,           0,        1486,      -7.238699596,      -4.321928144,       -5.00419902,      -4.263687607,      -8.530245757
          0,           0,        1487,      -7.245122156,      -4.321713725,      -5.003784211,        -4.2638185,      -8.528849747
          0,           0,        1488,       -7.25153338,      -4.321498326,      -5.003376491,      -4.263905921,      -8.527459026
          0,           0,        1489,      -7.257778817,      -4.321281991,      -5.002976472,      -4.263937246,      -8.526073794
          0,           0,        1490,      -7.263697912,      -4.321064766,      -5.002584623,       -4.26390103,      -8.524693651
          0,           0,        1491,       -7.26913006,      -4.320846694,      -5.002201279,      -4.263787407,       -8.52332012
          0,           0,        1492,      -7.273920899,       -4.32062782,      -5.001826638,      -4.263588308,      -8.521953971
          0,           0,        1493,      -7.277929507,       -4.32040819,      -5.001460752,      -4.263297653,      -8.520593118
          0,           0,        1494,      -7.281036681,      -4.320187847,      -5.001103528,      -4.262911532,      -8.519238123
          0,           0,        1495,      -7.283152608,      -4.319966835,      -5.000754741,      -4.262428336,      -8.517889404
          0,           0,        1496,      -7.284222525,      -4.319745197,      -5.000414035,      -4.261848747,      -8.516550145
          0,           0,        1497,      -7.284230635,      -4.319522973,      -5.000080922,      -4.261175717,      -8.515218203
          0,           0,        1498,      -7.283201274,      -4.319300205,      -4.999754814,      -4.260414408,      -8.513895185
          0,           0,        1499,      -7.281196037,       -4.31907693,      -4.999435026,      -4.259571979,      -8.512577329
          0,           0,        1500,       -7.27830915,      -4.318853186,      -4.999120789,      -4.258657403,      -8.511264656
          0,           0,        1501,      -7.274660868,      -4.318629009,      -4.998811271,      -4.257681229,       -8.50995682
          0,           0,        1502,      -7.270389071,      -4.318404433,       -4.99850558,      -4.256655267,      -8.508653831
          0,           0,        1503,      -7.265641525,      -4.318179491,      -4.998202787,       -4.25559232,      -8.507356369
          0,           0,        1504,      -7.260569432,      -4.317954213,      -4.997901946,      -4.254505908,      -8.506065328
          0,           0,        1505,      -7.255320525,      -4.317728629,      -4.997602112,      -4.253409912,      -8.504781179
          0,           0,        1506,      -7.250034465,      -4.317502766,      -4.997302356,       -4.25231828,      -8.503503084
          0,           0,        1507,      -7.244839495,       -4.31727665,      -4.997001767,      -4.251244707,      -8.502230597
          0,           0,        1508,      -7.239850487,      -4.317050305,      -4.996699469,      -4.250202396,      -8.500963121
          0,           0,        1509,      -7.235168403,      -4.316823754,      -4.996394636,      -4.249203833,      -8.499704076
          0,           0,        1510,      -7.230880128,      -4.316597018,      -4.996086512,      -4.248260579,      -8.498451565
          0,           0,        1511,      -7.227058635,      -4.316370117,       -4.99577441,      -4.247383059,      -8.497213462
          0,           0,        1512,      -7.223763543,       -4.31614307,      -4.995457722,      -4.246580402,       -8.49597984
          0,           0,        1513,      -7.221042069,      -4.315915893,      -4.995135911,      -4.245860303,      -8.494750181
          0,           0,        1514,      -7.218930566,      -4.315688604,      -4.994808527,      -4.245228998,      -8.493524968
          0,           0,        1515,       -7.21745495,      -4.315461217,      -4.994475214,      -4.244691177,      -8.492305118
          0,           0,        1516,      -7.216631431,      -4.315233745,      -4.994135704,      -4.244249933,      -8.491090064
          0,           0,        1517,      -7.216466903,        -4.3150062,      -4.993789801,      -4.243906723,      -8.489880975
          0,           0,        1518,      -7.216960025,      -4.314778592,      -4.993437389,      -4.243661455,      -8.488677365
          0,           0,        1519,      -7.218101406,      -4.314550931,      -4.993078429,      -4.243512527,      -8.487477947
          0,           0,        1520,      -7.219873504,      -4.314323224,       -4.99271295,      -4.243456862,      -8.486282681
          0,           0,        1521,      -7.222250488,      -4.314095477,      -4.992341036,      -4.243489975,      -8.485092811
          0,           0,        1522,      -7.225198518,      -4.313867696,      -4.991962827,      -4.243606123,      -8.483911023
          0,           0,        1523,      -7.228675371,      -4.313639883,      -4.991578506,        -4.2437984,      -8.482738435
          0,           0,        1524,      -7.232629909,      -4.313412041,      -4.991188286,      -4.244058851,      -8.481576731
          0,           0,        1525,      -7.237002205,      -4.313184168,       -4.99079241,      -4.244378665,        -8.4804222
          0,           0,        1526,      -7.241723285,      -4.312956266,       -4.99039114,      -4.244748331,      -8.479270862
          0,           0,        1527,      -7.246714716,      -4.312728332,      -4.989984744,      -4.245157782,      -8.478123334
          0,           0,        1528,      -7.251889492,      -4.312500361,      -4.989573492,      -4.245596626,      -8.476978733
          0,           0,        1529,      -7.257152394,      -4.312272352,      -4.989157645,      -4.246054326,      -8.475837618
          0,           0,        1530,      -7.262400809,      -4.312044294,       -4.98873745,      -4.246520368,      -8.474699762
          0,           0,        1531,      -7.267527034,       -4.31181618,      -4.988313139,      -4.246984457,      -8.473564764
          0,           0,        1532,      -7.272420185,      -4.311588003,      -4.987884919,      -4.247436701,      -8.472432744
          0,           0,        1533,      -7.276969447,      -4.311359752,      -4.987452977,      -4.247867799,       -8.47130375
          0,           0,        1534,      -7.281067669,      -4.311131417,      -4.987017475,      -4.248269211,      -8.470177768
          0,           0,        1535,      -7.284615356,      -4.310902985,      -4.986578539,      -4.248633268,      -8.469056484
          0,           0,        1536,      -7.287525079,      -4.310674444,      -4.986136265,       -4.24895331,      -8.467948566
          0,           0,        1537,      -7.289725933,      -4.310445781,      -4.985690716,      -4.249223801,      -8.466849266
          0,           0,        1538,      -7.291167037,      -4.310216982,      -4.985241931,      -4.249440416,      -8.465755197
          0,           0,        1539,      -7.291819743,      -4.309988034,      -4.984789922,      -4.249600067,       -8.46466221
          0,           0,        1540,      -7.291679013,      -4.309758923,      -4.984334681,      -4.249700886,      -8.463570453
          0,           0,        1541,      -7.290763828,      -4.309529634,      -4.983876177,      -4.249742231,       -8.46248094
          0,           0,        1542,      -7.289115684,      -4.309300157,      -4.983414366,      -4.249724666,       -8.46139353
          0,           0,        1543,      -7.286795575,      -4.309070478,      -4.982949195,      -4.249649867,       -8.46030846
          0,           0,        1544,      -7.283880672,      -4.308840583,        -4.9824806,      -4.249520556,      -8.459225508
          0,           0,        1545,      -7.280460173,      -4.308610463,      -4.982008519,      -4.249340369,      -8.458144087
          0,           0,        1546,      -7.276630651,      -4.308380105,      -4.981532894,        -4.2491137,        -8.4570647
          0,           0,        1547,      -7.272491942,        -4.3081495,      -4.981053669,      -4.248845584,      -8.455989491
          0,           0,        1548,       -7.26814339,       -4.30791864,      -4.980570804,      -4.248541538,      -8.454915633
          0,           0,        1549,      -7.263680954,      -4.307687517,      -4.980084271,       -4.24820739,      -8.453849201
          0,           0,        1550,      -7.259194788,      -4.307456126,      -4.979594065,      -4.247849124,      -8.452803611
          0,           0,        1551,      -7.254767422,      -4.307224462,      -4.979100202,      -4.247472742,      -8.451759787
          0,           0,        1552,      -7.250472783,      -4.306992522,      -4.978602718,      -4.247084095,      -8.450715266
          0,           0,        1553,      -7.246375544,      -4.306760307,      -4.978101673,      -4.246688769,      -8.449670905
          0,           0,        1554,       -7.24253111,      -4.306527817,      -4.977597156,      -4.246291961,      -8.448625837
          0,           0,        1555,      -7.238985468,      -4.306295057,      -4.977089281,      -4.245898361,      -8.447579723
          0,           0,        1556,      -7.235775664,       -4.30606203,       -4.97657819,      -4.245512079,      -8.446532653
          0,           0,        1557,      -7.232929974,      -4.305828745,      -4.976064053,      -4.245136564,      -8.445484752
          0,           0,        1558,      -7.230468525,      -4.305595211,      -4.975547064,      -4.244774535,      -8.444436389
          0,           0,        1559,      -7.228403768,      -4.305361436,      -4.975027444,      -4.244427939,      -8.443389268
          0,           0,        1560,      -7.226740532,      -4.305127435,      -4.974505432,      -4.244097927,      -8.442342397
          0,           0,        1561,      -7.225476918,      -4.304893221,      -4.973981286,      -4.243784872,      -8.441294146
          0,           0,        1562,      -7.224604713,      -4.304658811,      -4.973455279,      -4.243488402,      -8.440249307
          0,           0,        1563,      -7.224109703,      -4.304424222,      -4.972927699,      -4.243207422,      -8.439227438
          0,           0,        1564,      -7.223972034,      -4.304189473,       -4.97239884,      -4.242940163,      -8.438204217
          0,           0,        1565,      -7.224166603,      -4.303954588,      -4.971869001,      -4.242684232,      -8.437179988
          0,           0,        1566,      -7.224663567,       -4.30371959,      -4.971338482,      -4.242436732,      -8.436153133
          0,           0,        1567,      -7.225428346,      -4.303484503,      -4.970807587,      -4.242194295,      -8.435123603
          0,           0,        1568,      -7.226421949,      -4.303249354,      -4.970276613,       -4.24195315,      -8.434092194
          0,           0,        1569,      -7.227601875,       -4.30301417,      -4.969745846,       -4.24170931,      -8.433059044
          0,           0,        1570,      -7.228922599,      -4.302778979,      -4.969215564,      -4.241458632,      -8.432023856
          0,           0,        1571,      -7.230336172,      -4.302543812,      -4.968686028,      -4.241196918,      -8.430987533
          0,           0,        1572,      -7.231793071,      -4.302308699,      -4.968157479,      -4.240920037,      -8.429950847
          0,           0,        1573,      -7.233243173,      -4.302073672,      -4.967630136,      -4.240624038,      -8.428915069
          0,           0,        1574,      -7.234636747,      -4.301838764,      -4.967104196,      -4.240305252,       -8.42787906
          0,           0,        1575,      -7.235925984,      -4.301604009,      -4.966579826,      -4.239960394,      -8.426845669
          0,           0,        1576,       -7.23706566,      -4.301369442,      -4.966057172,      -4.239586663,      -8.425831767
          0,           0,        1577,      -7.238014509,      -4.301135098,      -4.965536345,      -4.239181775,      -8.424815682
          0,           0,        1578,      -7.238736047,      -4.300901012,      -4.965017432,      -4.238744017,      -8.423795403
          0,           0,        1579,      -7.239199926,      -4.300667223,       -4.96450049,      -4.238272309,      -8.422771048
          0,           0,        1580,      -7.239383091,      -4.300433767,      -4.963985548,      -4.237766269,      -8.421743334
          0,           0,        1581,       -7.23927038,      -4.300200681,      -4.963472608,      -4.237226218,      -8.420711836
          0,           0,        1582,      -7.238854658,      -4.299968004,      -4.962961646,      -4.236653164,      -8.419676377
          0,           0,        1583,      -7.238137002,      -4.299735774,       -4.96245261,      -4.236048794,      -8.418637595
          0,           0,        1584,      -7.237126825,      -4.299504028,       -4.96194542,      -4.235415459,      -8.417595286
          0,           0,        1585,      -7.235840876,      -4.299272805,      -4.961439976,      -4.234756115,      -8.416549654
          0,           0,        1586,      -7.234302872,      -4.299042143,      -4.960936154,      -4.234074279,      -8.415502943
          0,           0,        1587,      -7.232542091,      -4.298812079,      -4.960433822,      -4.233373938,      -8.414459796
          0,           0,        1588,      -7.230592283,      -4.298582651,      -4.959932827,       -4.23265945,      -8.413419944
          0,           0,        1589,      -7.228490561,      -4.298353898,      -4.959433003,       -4.23193548,      -8.412393314
          0,           0,        1590,       -7.22627634,      -4.298125855,      -4.958934167,      -4.231206922,      -8.411361946
          0,           0,        1591,      -7.223990335,      -4.297898562,      -4.958436133,      -4.230478824,       -8.41032469
          0,           0,        1592,      -7.221673329,      -4.297672055,      -4.957938706,      -4.229756289,      -8.409281253
          0,           0,        1593,      -7.219365375,      -4.297446372,       -4.95744169,      -4.229044385,      -8.408232521
          0,           0,        1594,      -7.217104421,      -4.297221549,      -4.956944892,      -4.228348038,      -8.407181159
          0,           0,        1595,       -7.21492588,      -4.296997622,      -4.956448122,      -4.227671958,      -8.406125282
          0,           0,        1596,      -7.212862053,      -4.296774628,      -4.955951194,      -4.227020554,       -8.40506472
          0,           0,        1597,      -7.210941707,        -4.2965526,      -4.955453938,      -4.226397882,      -8.403998619
          0,           0,        1598,      -7.209189674,      -4.296331575,       -4.95495619,      -4.225807566,      -8.402927777
          0,           0,        1599,      -7.207626606,      -4.296111586,      -4.954457796,      -4.225252751,      -8.401854771
          0,           0,        1600,      -7.206269052,      -4.295892666,      -4.953958617,      -4.224736078,      -8.400787988
          0,           0,        1601,      -7.205129147,       -4.29567485,      -4.953458533,      -4.224259629,      -8.399724716
          0,           0,        1602,      -7.204214736,      -4.295458169,      -4.952957434,      -4.223824915,      -8.398665269
          0,           0,        1603,      -7.203529252,      -4.295242656,      -4.952455234,       -4.22343287,       -8.39760277
          0,           0,        1604,       -7.20307176,      -4.295028344,      -4.951951865,      -4.223083829,       -8.39653721
          0,           0,        1605,      -7.202836791,      -4.294815263,      -4.951447272,      -4.222777519,      -8.395464937
          0,           0,        1606,      -7.202814969,      -4.294603446,      -4.950941432,      -4.222513105,      -8.394386922
          0,           0,        1607,      -7.202992973,      -4.294392922,      -4.950434335,      -4.222289203,      -8.393302716
          0,           0,        1608,       -7.20335386,      -4.294183722,      -4.949925989,      -4.222103944,      -8.392215303
          0,           0,        1609,      -7.203876977,      -4.293975874,      -4.949416418,      -4.221954965,      -8.391123176
          0,           0,        1610,      -7.204538352,      -4.293769409,       -4.94890566,       -4.22183947,      -8.390024723
          0,           0,        1611,      -7.205311138,      -4.293564354,      -4.948393764,      -4.221754286,      -8.388919867
          0,           0,        1612,      -7.206166233,      -4.293360738,      -4.947880799,      -4.221695969,       -8.38781282
          0,           0,        1613,      -7.207072149,      -4.293158589,      -4.947366849,      -4.221660789,      -8.386711525
          0,           0,        1614,      -7.207995577,      -4.292957933,      -4.946852003,      -4.221644814,       -8.38560704
          0,           0,        1615,      -7.208902317,      -4.292758799,      -4.946336362,      -4.221643992,      -8.384508864
          0,           0,        1616,      -7.209757912,      -4.292561211,      -4.945820028,       -4.22165422,       -8.38340286
          0,           0,        1617,        -7.2105286,      -4.292365196,      -4.945303105,      -4.221671438,      -8.382289418
          0,           0,        1618,      -7.211181766,      -4.292170781,      -4.944785706,       -4.22169169,      -8.381168801
          0,           0,        1619,      -7.211686686,      -4.291977992,      -4.944267941,      -4.221711156,       -8.38004583
          0,           0,        1620,      -7.212015366,      -4.291786852,      -4.943749915,      -4.221726224,      -8.378916121
          0,           0,        1621,       -7.21214364,      -4.291597388,      -4.943231732,      -4.221733566,      -8.377781661
          0,           0,        1622,      -7.212051497,      -4.291409624,      -4.942713482,      -4.221730188,      -8.376642849
          0,           0,        1623,      -7.211723433,      -4.291223583,      -4.942195255,      -4.221713446,      -8.375496754
          0,           0,        1624,      -7.211149027,       -4.29103929,      -4.941677142,      -4.221681076,      -8.374343604
          0,           0,        1625,      -7.210323122,      -4.290856767,      -4.941159221,      -4.221631222,      -8.373189548
          0,           0,        1626,      -7.209246364,      -4.290676038,      -4.940641552,      -4.221562487,      -8.372042529
          0,           0,        1627,      -7.207924771,      -4.290497125,      -4.940124186,       -4.22147394,      -8.370888136
          0,           0,        1628,      -7.206369283,      -4.290320051,      -4.939607163,      -4.221365081,       -8.36973202
          0,           0,        1629,      -7.204595748,      -4.290144841,      -4.939090512,      -4.221235853,      -8.368576781
          0,           0,        1630,      -7.202624323,      -4.289971515,      -4.938574252,      -4.221086621,      -8.367414097
          0,           0,        1631,      -7.200478833,      -4.289800096,      -4.938058392,      -4.220918152,      -8.366242381
          0,           0,        1632,      -7.198185598,      -4.289630609,      -4.937542937,       -4.22073156,      -8.365063156
          0,           0,        1633,      -7.195772836,      -4.289463074,      -4.937027891,       -4.22052825,      -8.363876337
          0,           0,        1634,      -7.193269718,      -4.289297513,      -4.936513235,      -4.220309849,      -8.362682922
          0,           0,        1635,      -7.190706217,      -4.289133951,      -4.935998958,       -4.22007822,      -8.361488899
          0,           0,        1636,      -7.188112274,      -4.288972408,      -4.935485043,      -4.219835393,       -8.36028732
          0,           0,        1637,      -7.185516754,      -4.288812908,      -4.934971471,      -4.219583491,      -8.359079206
          0,           0,        1638,      -7.182947212,      -4.288655474,      -4.934458228,       -4.21932467,       -8.35786814
          0,           0,        1639,      -7.180429546,       -4.28850013,      -4.933945299,      -4.219061086,      -8.356668671
          0,           0,        1640,      -7.177987467,      -4.288346899,      -4.933432674,      -4.218794827,      -8.355461494
          0,           0,        1641,      -7.175642213,      -4.288195806,      -4.932920345,      -4.218527867,      -8.354247006
          0,           0,        1642,      -7.173412417,      -4.288046875,      -4.932408318,      -4.218262021,      -8.353024875
          0,           0,        1643,       -7.17131375,      -4.287900134,      -4.931896601,      -4.217998906,      -8.351799467
          0,           0,        1644,      -7.169358996,      -4.287755606,      -4.931385225,      -4.217739909,      -8.350570271
          0,           0,        1645,      -7.167557933,       -4.28761332,      -4.930874222,      -4.217486138,      -8.349332941
          0,           0,        1646,      -7.165917036,      -4.287473302,      -4.930363632,      -4.217238416,      -8.348088468
          0,           0,        1647,       -7.16444014,      -4.287335581,      -4.929853513,      -4.216997285,      -8.346838095
          0,           0,        1648,      -7.163128241,      -4.287200186,      -4.929343948,      -4.216762979,      -8.345592087
          0,           0,        1649,      -7.161979541,      -4.287067145,      -4.928835027,      -4.216535433,      -8.344338714
          0,           0,        1650,      -7.160989567,       -4.28693649,      -4.928326848,      -4.216314283,      -8.343078013
          0,           0,        1651,      -7.160151409,      -4.286808251,      -4.927819522,       -4.21609889,      -8.341808562
          0,           0,        1652,      -7.159456101,      -4.286682463,      -4.927313157,      -4.215888374,      -8.340544806
          0,           0,        1653,      -7.158892572,      -4.286559156,      -4.926807899,      -4.215681633,      -8.339281553
          0,           0,        1654,      -7.158447597,      -4.286438365,      -4.926303895,       -4.21547733,      -8.338011393
          0,           0,        1655,      -7.158106383,      -4.286320126,      -4.925801292,      -4.215273975,       -8.33673195
          0,           0,        1656,      -7.157852751,      -4.286204473,      -4.925300248,      -4.215069951,      -8.335444574
          0,           0,        1657,      -7.157669553,      -4.286091443,      -4.924800926,      -4.214863565,      -8.334150143
          0,           0,        1658,      -7.157538938,      -4.285981074,       -4.92430349,      -4.214653086,      -8.332849282
          0,           0,        1659,       -7.15744285,      -4.285873402,      -4.923808103,      -4.214436794,      -8.331541821
          0,           0,        1660,      -7.157363374,      -4.285768465,      -4.923314918,       -4.21421306,      -8.330233058
          0,           0,        1661,      -7.157283049,      -4.285666302,      -4.922824097,      -4.213980373,      -8.328933972
          0,           0,        1662,      -7.157185295,      -4.285566952,      -4.922335793,      -4.213737368,      -8.327629265
          0,           0,        1663,      -7.157054229,      -4.285470456,      -4.921850141,      -4.213482841,      -8.326317151
          0,           0,        1664,      -7.156875506,      -4.285376853,      -4.921367264,      -4.213215822,      -8.324998294
          0,           0,        1665,       -7.15663677,      -4.285286183,      -4.920887287,      -4.212935608,       -8.32367296
          0,           0,        1666,      -7.156327433,      -4.285198487,      -4.920410321,      -4.212641752,      -8.322349519
          0,           0,        1667,      -7.155938922,      -4.285113803,       -4.91993646,      -4.212334079,      -8.321030143
          0,           0,        1668,      -7.155465134,      -4.285032174,      -4.919465779,      -4.212012736,      -8.319705569
          0,           0,        1669,      -7.154902642,      -4.284953637,      -4.918998333,      -4.211678213,      -8.318373911
          0,           0,        1670,      -7.154250547,      -4.284878236,      -4.918534164,      -4.211331314,      -8.317035234
          0,           0,        1671,      -7.153510636,      -4.284806008,      -4.918073293,      -4.210973171,      -8.315688639
          0,           0,        1672,      -7.152687201,      -4.284736995,       -4.91761573,       -4.21060522,      -8.314334478
          0,           0,        1673,      -7.151786292,      -4.284671235,      -4.917161465,       -4.21022913,      -8.312974189
          0,           0,        1674,      -7.150815877,      -4.284608766,      -4.916710461,      -4.209846798,      -8.311618369
          0,           0,        1675,       -7.14978572,      -4.284549628,      -4.916262696,      -4.209460338,      -8.310261476
          0,           0,        1676,       -7.14870679,      -4.284493856,      -4.915818121,      -4.209072014,      -8.308897921
          0,           0,        1677,      -7.147591363,      -4.284441488,      -4.915376674,      -4.208684251,      -8.307528156
          0,           0,        1678,      -7.146452496,      -4.284392562,      -4.914938288,      -4.208299575,      -8.306152894
          0,           0,        1679,      -7.145303758,      -4.284347111,       -4.91450288,      -4.207920566,      -8.304771834
          0,           0,        1680,      -7.144158979,       -4.28430517,      -4.914070374,      -4.207549834,      -8.303385006
          0,           0,        1681,      -7.143031535,      -4.284266772,       -4.91364068,      -4.207189919,      -8.302000052
          0,           0,        1682,      -7.141934351,      -4.284231949,      -4.913213707,      -4.206843299,       -8.30062054
          0,           0,        1683,      -7.140879404,      -4.284200735,      -4.912789361,      -4.206512328,      -8.299235115
          0,           0,        1684,      -7.139877407,      -4.284173159,      -4.912367543,      -4.206199172,      -8.297843512
          0,           0,        1685,      -7.138937892,      -4.284149251,      -4.911948172,      -4.205905814,      -8.296445688
          0,           0,        1686,        -7.1380687,      -4.284129039,      -4.911531164,      -4.205633978,      -8.295042361
          0,           0,        1687,      -7.137276122,      -4.284112551,       -4.91111643,      -4.205385144,      -8.293633315
          0,           0,        1688,      -7.136564858,      -4.284099813,      -4.910703899,       -4.20516054,      -8.292235616
          0,           0,        1689,      -7.135937877,      -4.284090851,      -4.910293507,       -4.20496112,      -8.290835719
          0,           0,        1690,      -7.135396384,      -4.284085689,      -4.909885197,      -4.204787548,      -8.289430318
          0,           0,        1691,      -7.134939696,      -4.284084348,      -4.909478929,      -4.204640172,      -8.288018678
          0,           0,        1692,      -7.134565464,      -4.284086851,      -4.909074668,      -4.204519043,      -8.286599604
          0,           0,        1693,      -7.134269445,      -4.284093218,      -4.908672393,      -4.204423916,      -8.285175642
          0,           0,        1694,      -7.134045609,      -4.284103467,      -4.908272092,      -4.204354236,      -8.283750311
          0,           0,        1695,      -7.133886248,      -4.284117615,      -4.907873762,      -4.204309167,      -8.282318093
          0,           0,        1696,      -7.133782411,      -4.284135678,      -4.907477415,       -4.20428764,      -8.280880146
          0,           0,        1697,      -7.133723926,       -4.28415767,      -4.907083066,      -4.204288355,      -8.279437055
          0,           0,        1698,      -7.133699657,      -4.284183604,      -4.906690729,      -4.204309819,        -8.2779884
          0,           0,        1699,      -7.133697993,       -4.28421349,      -4.906300443,       -4.20435042,      -8.276542281
          0,           0,        1700,      -7.133706678,      -4.284247338,      -4.905912257,      -4.204408397,      -8.275092855
          0,           0,        1701,      -7.133713244,      -4.284285154,      -4.905526224,       -4.20448189,      -8.273639309
          0,           0,        1702,      -7.133705335,      -4.284326945,       -4.90514239,      -4.204568991,      -8.272189055
          0,           0,        1703,      -7.133671124,      -4.284372713,      -4.904760806,      -4.204667803,      -8.270745344
          0,           0,        1704,      -7.133599242,      -4.284422462,      -4.904381506,      -4.204776443,      -8.269296623
          0,           0,        1705,      -7.133479249,      -4.284476193,       -4.90400455,      -4.204893094,      -8.267842513
          0,           0,        1706,      -7.133301739,      -4.284533903,      -4.903629983,      -4.205016017,      -8.266383375
          0,           0,        1707,      -7.133058721,      -4.284595591,      -4.903257849,      -4.205143583,      -8.264919815
          0,           0,        1708,      -7.132743605,      -4.284661251,      -4.902888181,      -4.205274293,      -8.263462104
          0,           0,        1709,      -7.132351691,      -4.284730877,      -4.902521011,      -4.205406839,      -8.261999241
          0,           0,        1710,      -7.131880249,      -4.284804461,      -4.902156367,      -4.205540123,      -8.260531365
          0,           0,        1711,       -7.13132851,      -4.284881992,      -4.901794274,      -4.205673266,      -8.259059477
          0,           0,        1712,      -7.130697737,      -4.284963459,      -4.901434753,       -4.20580561,      -8.257582891
          0,           0,        1713,       -7.12999107,      -4.285048848,      -4.901077814,      -4.205936713,      -8.256101135
          0,           0,        1714,      -7.129213729,      -4.285138144,      -4.900723472,      -4.206066383,      -8.254615558
          0,           0,        1715,      -7.128372824,      -4.285231329,      -4.900371737,      -4.206194659,      -8.253126148
          0,           0,        1716,      -7.127476727,      -4.285328383,      -4.900022617,      -4.206321748,      -8.251632275
          0,           0,        1717,      -7.126535151,      -4.285429287,      -4.899676122,      -4.206448051,       -8.25013239
          0,           0,        1718,      -7.125558825,      -4.285534016,      -4.899332255,      -4.206574113,      -8.248643401
          0,           0,        1719,      -7.124559409,      -4.285642547,      -4.898991009,      -4.206700628,       -8.24715063
          0,           0,        1720,       -7.12354935,      -4.285754854,      -4.898652397,       -4.20682843,      -8.245653483
          0,           0,        1721,      -7.122541367,      -4.285870911,       -4.89831642,      -4.206958436,      -8.244152396
          0,           0,        1722,       -7.12154857,      -4.285990687,      -4.897983082,      -4.207091677,      -8.242660034
          0,           0,        1723,      -7.120583993,      -4.286114154,      -4.897652409,      -4.207229215,      -8.241163071
          0,           0,        1724,      -7.119660145,      -4.286241279,      -4.897324422,       -4.20737209,      -8.239663158
          0,           0,        1725,      -7.118789079,      -4.286372029,      -4.896999149,      -4.207521321,      -8.238159396
          0,           0,        1726,      -7.117982103,      -4.286506372,      -4.896676624,      -4.207677872,      -8.236652982
          0,           0,        1727,      -7.117249629,      -4.286644272,      -4.896356875,      -4.207842633,      -8.235143045
          0,           0,        1728,      -7.116600886,      -4.286785694,      -4.896039953,      -4.208016377,      -8.233629873
          0,           0,        1729,      -7.116043856,      -4.286930602,      -4.895725913,      -4.208199741,      -8.232112824
          0,           0,        1730,      -7.115585055,      -4.287078959,      -4.895414813,      -4.208393199,      -8.230592056
          0,           0,        1731,       -7.11522956,      -4.287230728,       -4.89510672,      -4.208597034,        -8.2290678
          0,           0,        1732,      -7.114981035,      -4.287385873,      -4.894801718,      -4.208811352,      -8.227541032
          0,           0,        1733,      -7.114841297,      -4.287544353,      -4.894499894,      -4.209036007,      -8.226010033
          0,           0,        1734,      -7.114811171,      -4.287706127,      -4.894201332,      -4.209270773,      -8.224474069
          0,           0,        1735,      -7.114890213,      -4.287871155,      -4.893906118,      -4.209515233,      -8.222942443
          0,           0,        1736,      -7.115075904,      -4.288039396,      -4.893614344,      -4.209768629,      -8.221417447
          0,           0,        1737,      -7.115364305,      -4.288210808,       -4.89332612,      -4.210030072,      -8.219898781
          0,           0,        1738,      -7.115750248,      -4.288385351,      -4.893041553,      -4.210298554,      -8.218377387
          0,           0,        1739,      -7.116227367,      -4.288562982,      -4.892760759,      -4.210572929,      -8.216853358
          0,           0,        1740,      -7.116788038,       -4.28874366,      -4.892483849,        -4.2108519,      -8.215326782
          0,           0,        1741,      -7.117423532,      -4.288927342,      -4.892210931,       -4.21113404,      -8.213797069
          0,           0,        1742,      -7.118124173,      -4.289113987,      -4.891942105,      -4.211417827,       -8.21226218
          0,           0,        1743,      -7.118879501,      -4.289303552,      -4.891677463,      -4.211701687,      -8.210723414
          0,           0,        1744,      -7.119678406,      -4.289495994,      -4.891417083,      -4.211984016,      -8.209181301
          0,           0,        1745,      -7.120509631,      -4.289691272,      -4.891161052,      -4.212263267,      -8.207636536
          0,           0,        1746,      -7.121361675,       -4.28988934,      -4.890909447,      -4.212537909,        -8.2060879
          0,           0,        1747,      -7.122222977,      -4.290090155,      -4.890662346,      -4.212806474,      -8.204537296
          0,           0,        1748,       -7.12308201,      -4.290293671,      -4.890419804,      -4.213067553,      -8.202984961
          0,           0,        1749,      -7.123927489,      -4.290499845,      -4.890181855,      -4.213319841,      -8.201430755
          0,           0,        1750,      -7.124748614,       -4.29070863,      -4.889948514,      -4.213562183,      -8.199874432
          0,           0,        1751,      -7.125535384,      -4.290919983,      -4.889719769,      -4.213793603,       -8.19831692
          0,           0,        1752,      -7.126278722,      -4.291133861,      -4.889495605,      -4.214013345,      -8.196771051
          0,           0,        1753,      -7.126970361,      -4.291350215,      -4.889275977,      -4.214220772,       -8.19522613
          0,           0,        1754,      -7.127603278,      -4.291568999,      -4.889060819,       -4.21441552,      -8.193682251
          0,           0,        1755,      -7.128171647,      -4.291790169,      -4.888850044,      -4.214597421,      -8.192136325
          0,           0,        1756,      -7.128670962,      -4.292013677,      -4.888643554,      -4.214766536,      -8.190585078
          0,           0,        1757,      -7.129097985,      -4.292239478,      -4.888441232,      -4.214923122,      -8.189034063
          0,           0,        1758,      -7.129450681,      -4.292467524,      -4.888242939,      -4.215067611,      -8.187480982
          0,           0,        1759,      -7.129728365,      -4.292697768,      -4.888048533,      -4.215200659,      -8.185925684
          0,           0,        1760,      -7.129931508,      -4.292930162,      -4.887857847,      -4.215323099,      -8.184368383
          0,           0,        1761,      -7.130061813,      -4.293164658,      -4.887670706,      -4.215435938,      -8.182809226
          0,           0,        1762,      -7.130122036,      -4.293401205,      -4.887486927,      -4.215540328,      -8.181247662
          0,           0,        1763,      -7.130115852,      -4.293639755,       -4.88730631,      -4.215637553,      -8.179684547
          0,           0,        1764,      -7.130047798,      -4.293880257,      -4.887128646,      -4.215729004,      -8.178118777
          0,           0,        1765,      -7.129923034,       -4.29412266,      -4.886953718,       -4.21581616,      -8.176551947
          0,           0,        1766,      -7.129747168,      -4.294366912,      -4.886781299,      -4.215900542,      -8.174981048
          0,           0,        1767,      -7.129526038,      -4.294612961,      -4.886611153,      -4.215983705,      -8.173408386
          0,           0,        1768,      -7.129265558,      -4.294860754,      -4.886443047,       -4.21606719,      -8.171835849
          0,           0,        1769,       -7.12897187,      -4.295110237,      -4.886276746,      -4.216152559,      -8.170278028
          0,           0,        1770,      -7.128651061,      -4.295361354,      -4.886112018,      -4.216241355,      -8.168719473
          0,           0,        1771,      -7.128308916,      -4.295614053,      -4.885948628,      -4.216335038,      -8.167158868
          0,           0,        1772,      -7.127950874,      -4.295868275,      -4.885786347,         -4.216435,      -8.165596347
          0,           0,        1773,      -7.127581642,      -4.296123962,      -4.885624947,       -4.21654249,      -8.164032055
          0,           0,        1774,      -7.127205208,      -4.296381056,      -4.885464203,      -4.216658619,      -8.162465447
          0,           0,        1775,      -7.126824871,      -4.296639497,      -4.885303883,       -4.21678437,      -8.160897034
          0,           0,        1776,      -7.126443291,      -4.296899225,      -4.885143761,      -4.216920609,      -8.159326864
          0,           0,        1777,      -7.126062433,      -4.297160179,      -4.884983619,      -4.217068059,      -8.157754714
          0,           0,        1778,      -7.125683456,      -4.297422297,      -4.884823244,      -4.217227267,      -8.156181596
          0,           0,        1779,      -7.125306822,      -4.297685514,      -4.884662424,      -4.217398628,      -8.154608159
          0,           0,        1780,      -7.124932397,      -4.297949766,      -4.884500958,      -4.217582414,      -8.153033475
          0,           0,        1781,      -7.124559274,      -4.298214987,      -4.884338653,      -4.217778719,      -8.151454606
          0,           0,        1782,      -7.124186029,       -4.29848111,      -4.884175315,      -4.217987503,      -8.149874942
          0,           0,        1783,       -7.12381091,      -4.298748067,      -4.884010766,      -4.218208619,      -8.148294775
          0,           0,        1784,      -7.123431747,      -4.299015787,      -4.883844831,      -4.218441796,      -8.146719594
          0,           0,        1785,      -7.123046181,      -4.299284199,      -4.883677346,      -4.218686678,      -8.145144834
          0,           0,        1786,      -7.122651635,      -4.299553229,      -4.883508158,      -4.218942798,      -8.143569313
          0,           0,        1787,      -7.122245433,      -4.299822805,      -4.883337116,      -4.219209617,      -8.141993263
          0,           0,        1788,       -7.12182509,       -4.30009285,      -4.883164079,      -4.219486554,       -8.14041632
          0,           0,        1789,       -7.12138819,      -4.300363287,      -4.882988908,      -4.219772968,      -8.138839621
          0,           0,        1790,      -7.120932788,      -4.300634037,      -4.882811467,      -4.220068239,       -8.13726155
          0,           0,        1791,      -7.120457304,       -4.30090502,      -4.882631639,      -4.220371727,      -8.135682229
          0,           0,        1792,      -7.119960473,      -4.301176154,      -4.882449308,       -4.22068278,      -8.134101224
          0,           0,        1793,      -7.119441633,      -4.301447356,      -4.882264362,      -4.221000773,      -8.132518507
          0,           0,        1794,      -7.118900638,       -4.30171854,      -4.882076688,      -4.221325094,      -8.130934736
          0,           0,        1795,       -7.11833832,      -4.301989621,      -4.881886185,      -4.221655252,      -8.129351398
          0,           0,        1796,      -7.117755994,      -4.302260511,      -4.881692761,      -4.221990784,      -8.127768994
          0,           0,        1797,      -7.117155391,      -4.302531118,       -4.88149632,      -4.222331238,      -8.126185312
          0,           0,        1798,      -7.116538826,      -4.302801355,      -4.881296758,      -4.222676194,      -8.124601317
          0,           0,        1799,       -7.11590941,      -4.303071129,      -4.881093983,      -4.223025344,      -8.123015187
          0,           0,        1800,      -7.115270567,      -4.303340347,      -4.880887907,      -4.223378397,       -8.12143043
          0,           0,        1801,      -7.114625901,      -4.303608914,      -4.880678436,      -4.223735071,      -8.119850681
          0,           0,        1802,       -7.11397966,      -4.303876737,       -4.88046548,      -4.224095176,      -8.118270297
          0,           0,        1803,      -7.113336263,      -4.304143718,      -4.880248955,      -4.224458536,       -8.11668899
          0,           0,        1804,      -7.112700112,      -4.304409763,      -4.880028775,      -4.224824955,      -8.115105978
          0,           0,        1805,      -7.112075876,      -4.304674773,       -4.87980486,      -4.225194292,      -8.113522252
          0,           0,        1806,      -7.111467937,       -4.30493865,      -4.879577132,      -4.225566359,      -8.111938067
          0,           0,        1807,      -7.110880513,      -4.305201297,      -4.879345514,      -4.225940938,      -8.110352456
          0,           0,        1808,       -7.11031752,      -4.305462615,      -4.879109935,      -4.226317786,      -8.108765464
          0,           0,        1809,      -7.109782365,      -4.305722505,      -4.878870313,      -4.226696587,      -8.107177925
          0,           0,        1810,      -7.109277901,      -4.305980869,      -4.878626587,       -4.22707696,      -8.105590491
          0,           0,        1811,      -7.108806668,      -4.306237608,      -4.878378694,      -4.227458483,      -8.104002427
          0,           0,        1812,      -7.108370329,      -4.306492624,      -4.878126577,       -4.22784061,      -8.102411332
          0,           0,        1813,      -7.107969814,      -4.306745818,      -4.877870186,      -4.228222707,      -8.100817342
          0,           0,        1814,      -7.107605147,      -4.306997092,      -4.877609467,      -4.228604004,      -8.099223832
          0,           0,        1815,      -7.107275336,       -4.30724635,      -4.877344372,      -4.228983588,      -8.097630793
          0,           0,        1816,      -7.106978714,      -4.307493496,      -4.877074862,      -4.229360476,      -8.096037354
          0,           0,        1817,      -7.106712597,      -4.307738434,      -4.876800888,      -4.229733554,      -8.094443856
          0,           0,        1818,      -7.106473325,      -4.307981071,      -4.876522417,      -4.230101563,      -8.092852634
          0,           0,        1819,      -7.106256069,      -4.308221317,      -4.876239402,      -4.230463084,      -8.091265806
          0,           0,        1820,      -7.106055186,      -4.308459078,      -4.875951807,      -4.230816615,      -8.089679972
          0,           0,        1821,      -7.105864221,      -4.308694265,      -4.875659602,      -4.231160522,      -8.088093805
          0,           0,        1822,      -7.105675951,      -4.308926788,      -4.875362749,      -4.231493105,       -8.08650762
          0,           0,        1823,      -7.105482213,      -4.309156561,      -4.875061205,      -4.231812535,      -8.084921141
          0,           0,        1824,      -7.105274323,      -4.309383501,      -4.874754919,      -4.232116946,      -8.083333573
          0,           0,        1825,      -7.105042936,      -4.309607524,      -4.874443863,      -4.232404409,      -8.081746417
          0,           0,        1826,      -7.104778059,      -4.309828551,      -4.874127982,      -4.232672902,      -8.080158753
          0,           0,        1827,      -7.104469601,      -4.310046505,      -4.873807218,      -4.232920441,      -8.078571015
          0,           0,        1828,      -7.104107559,      -4.310261312,      -4.873481526,       -4.23314511,      -8.076983166
          0,           0,        1829,      -7.103681233,      -4.310472899,      -4.873150835,      -4.233344891,       -8.07539523
          0,           0,        1830,      -7.103180726,      -4.310681199,      -4.872815078,       -4.23351796,      -8.073807779
          0,           0,        1831,      -7.102596358,      -4.310886145,       -4.87247418,      -4.233662544,      -8.072220765
          0,           0,        1832,      -7.101918849,      -4.311087673,      -4.872128057,      -4.233776979,      -8.070634427
          0,           0,        1833,      -7.101139483,      -4.311285723,      -4.871776638,      -4.233859728,       -8.06904823
          0,           0,        1834,      -7.100250164,      -4.311480238,      -4.871419829,      -4.233909372,      -8.067462265
          0,           0,        1835,      -7.099243687,      -4.311671165,       -4.87105752,      -4.233924662,       -8.06587816
          0,           0,        1836,      -7.098114348,      -4.311858455,      -4.870689603,      -4.233904643,      -8.064296501
          0,           0,        1837,       -7.09685761,       -4.31204206,      -4.870315953,      -4.233848577,      -8.062715187
          0,           0,        1838,      -7.095470001,      -4.312221936,      -4.869936473,      -4.233755932,      -8.061131501
          0,           0,        1839,      -7.093949246,      -4.312398045,      -4.869551038,      -4.233626354,      -8.059552678
          0,           0,        1840,      -7.092294175,      -4.312570351,      -4.869159504,      -4.233459711,      -8.057973784
          0,           0,        1841,      -7.090505414,      -4.312738822,      -4.868761734,      -4.233256221,      -8.056394607
          0,           0,        1842,      -7.088584845,       -4.31290343,      -4.868357597,      -4.233016328,      -8.054815367
          0,           0,        1843,      -7.086535528,       -4.31306415,      -4.867946954,      -4.232740685,      -8.053236332
          0,           0,        1844,      -7.084361619,      -4.313220962,      -4.867529653,      -4.232430156,      -8.051657584
          0,           0,        1845,      -7.082068547,      -4.313373848,       -4.86710553,      -4.232085879,      -8.050079139
          0,           0,        1846,      -7.079662862,      -4.313522794,      -4.866674433,      -4.231709211,      -8.048501537
          0,           0,        1847,      -7.077151895,      -4.313667788,      -4.866236237,       -4.23130167,      -8.046926065
          0,           0,        1848,      -7.074543341,      -4.313808825,      -4.865790793,      -4.230864867,      -8.045351602
          0,           0,        1849,       -7.07184586,        -4.3139459,      -4.865337944,      -4.230400647,      -8.043779682
          0,           0,        1850,       -7.06906868,      -4.314079014,      -4.864877548,      -4.229911009,      -8.042209209
          0,           0,        1851,      -7.066220874,       -4.31420817,      -4.864409461,      -4.229397952,      -8.040638298
          0,           0,        1852,      -7.063311889,      -4.314333376,      -4.863933544,      -4.228863618,      -8.039066009
          0,           0,        1853,      -7.060350988,      -4.314454643,      -4.863449658,       -4.22831015,      -8.037491287
          0,           0,        1854,      -7.057347519,      -4.314571986,      -4.862957684,      -4.227739744,      -8.035920424
          0,           0,        1855,      -7.054310813,       -4.31468542,      -4.862457516,      -4.227154653,      -8.034348854
          0,           0,        1856,      -7.051249677,      -4.314794967,       -4.86194903,      -4.226557042,       -8.03277808
          0,           0,        1857,      -7.048172667,       -4.31490065,      -4.861432137,      -4.225949108,      -8.031208463
          0,           0,        1858,      -7.045087679,      -4.315002495,      -4.860906733,      -4.225332913,      -8.029638662
          0,           0,        1859,      -7.042002125,      -4.315100532,      -4.860372748,      -4.224710462,      -8.028068592
          0,           0,        1860,      -7.038922981,      -4.315194793,      -4.859830114,       -4.22408371,      -8.026500277
          0,           0,        1861,      -7.035856708,      -4.315285314,      -4.859278762,      -4.223454506,      -8.024936942
          0,           0,        1862,       -7.03280923,      -4.315372132,      -4.858718636,      -4.222824618,      -8.023374433
          0,           0,        1863,      -7.029785564,      -4.315455289,      -4.858149723,      -4.222195638,       -8.02181033
          0,           0,        1864,      -7.026790192,      -4.315534829,      -4.857571977,       -4.22156901,      -8.020242736
          0,           0,        1865,      -7.023827279,      -4.315610799,      -4.856985389,      -4.220946127,      -8.018675141
          0,           0,        1866,      -7.020900479,      -4.315683248,      -4.856389959,      -4.220328258,      -8.017108079
          0,           0,        1867,      -7.018012996,      -4.315752227,      -4.855785687,      -4.219716543,      -8.015541666
          0,           0,        1868,       -7.01516723,      -4.315817788,      -4.855172601,      -4.219111931,      -8.013976414
          0,           0,        1869,      -7.012365085,      -4.315879986,      -4.854550739,      -4.218515228,      -8.012410775
          0,           0,        1870,      -7.009608245,      -4.315938879,      -4.853920146,      -4.217927163,      -8.010848055
          0,           0,        1871,      -7.006897829,      -4.315994526,      -4.853280874,      -4.217348293,      -8.009285971
          0,           0,        1872,      -7.004234644,      -4.316046989,      -4.852632977,      -4.216779079,      -8.007726525
          0,           0,        1873,      -7.001619505,      -4.316096331,      -4.851976511,      -4.216219955,      -8.006174195
          0,           0,        1874,      -6.999052894,      -4.316142617,      -4.851311579,      -4.215671242,      -8.004622331
          0,           0,        1875,      -6.996534855,      -4.316185915,      -4.850638254,      -4.215133075,      -8.003071214
          0,           0,        1876,       -6.99406544,      -4.316226292,      -4.849956648,      -4.214605601,      -8.001521407
          0,           0,        1877,      -6.991644565,      -4.316263821,      -4.849266859,      -4.214088871,      -7.999971258
          0,           0,        1878,      -6.989271985,      -4.316298571,      -4.848568991,      -4.213582871,       -7.99842144
          0,           0,        1879,      -6.986947288,      -4.316330618,       -4.84786317,       -4.21308754,      -7.996872688
          0,           0,        1880,       -6.98466983,      -4.316360035,      -4.847149537,      -4.212602681,      -7.995325953
          0,           0,        1881,      -6.982439101,      -4.316386899,      -4.846428221,      -4.212128121,      -7.993780287
          0,           0,        1882,      -6.980254554,      -4.316411291,      -4.845699353,      -4.211663668,      -7.992235769
          0,           0,        1883,      -6.978115519,      -4.316433289,      -4.844963046,      -4.211209062,      -7.990696771
          0,           0,        1884,      -6.976021321,      -4.316452976,       -4.84421949,      -4.210764073,       -7.98916044
          0,           0,        1885,      -6.973971054,      -4.316470434,       -4.84346882,      -4.210328312,      -7.987625774
          0,           0,        1886,      -6.971964032,      -4.316485751,      -4.842711171,      -4.209901475,      -7.986088033
          0,           0,        1887,       -6.96999966,      -4.316499014,      -4.841946706,      -4.209483297,      -7.984551129
          0,           0,        1888,      -6.968077328,       -4.31651031,      -4.841175608,      -4.209073491,      -7.983014117
          0,           0,        1889,      -6.966196117,      -4.316519728,      -4.840398024,      -4.208671645,       -7.98147711
          0,           0,        1890,      -6.964355094,      -4.316527361,      -4.839614122,      -4.208277344,      -7.979947742
          0,           0,        1891,       -6.96255314,        -4.3165333,       -4.83882411,      -4.207890173,      -7.978420007
          0,           0,        1892,      -6.960788974,      -4.316537638,      -4.838028172,      -4.207509604,      -7.976888181
          0,           0,        1893,      -6.959061329,      -4.316540474,      -4.837226445,       -4.20713517,      -7.975358037
          0,           0,        1894,      -6.957369179,      -4.316541904,      -4.836419157,      -4.206766492,      -7.973829102
          0,           0,        1895,      -6.955710932,      -4.316542028,      -4.835606505,      -4.206402979,      -7.972307533
          0,           0,        1896,      -6.954084985,      -4.316540949,      -4.834788666,      -4.206044079,      -7.970787158
          0,           0,        1897,      -6.952489729,       -4.31653877,      -4.833965786,      -4.205689248,       -7.96926636
          0,           0,        1898,      -6.950923578,      -4.316535599,      -4.833138071,      -4.205338003,      -7.967742519
          0,           0,        1899,      -6.949384704,      -4.316531542,      -4.832305737,      -4.204989728,      -7.966218235
          0,           0,        1900,      -6.947871017,      -4.316526709,       -4.83146896,      -4.204643735,      -7.964695357
          0,           0,        1901,      -6.946380324,      -4.316521211,      -4.830627943,      -4.204299354,      -7.963172931
          0,           0,        1902,      -6.944910396,      -4.316515163,      -4.829782877,      -4.203955907,      -7.961649109
          0,           0,        1903,      -6.943458958,      -4.316508679,      -4.828933912,      -4.203612718,      -7.960126695
          0,           0,        1904,      -6.942023917,      -4.316501876,      -4.828081307,      -4.203269205,      -7.958605435
          0,           0,        1905,      -6.940602699,      -4.316494872,      -4.827225267,      -4.202924589,      -7.957086922
          0,           0,        1906,      -6.939192686,      -4.316487788,      -4.826365975,      -4.202578104,      -7.955571137
          0,           0,        1907,      -6.937791217,      -4.316480747,      -4.825503641,      -4.202229023,      -7.954057087
          0,           0,        1908,      -6.936395639,       -4.31647395,      -4.824638551,      -4.201876697,      -7.952541224
          0,           0,        1909,      -6.935002885,       -4.31646744,       -4.82377084,      -4.201519918,       -7.95102569
          0,           0,        1910,      -6.933611968,      -4.316461347,      -4.822900673,        -4.2011589,      -7.949510413
          0,           0,        1911,      -6.932220866,      -4.316455807,      -4.822028197,      -4.200793175,      -7.947994746
          0,           0,        1912,      -6.930827082,      -4.316450954,      -4.821153547,      -4.200422028,      -7.946481987
          0,           0,        1913,      -6.929428747,      -4.316446919,      -4.820276941,      -4.200045035,      -7.944969445
          0,           0,        1914,      -6.928024391,      -4.316443836,      -4.819398629,      -4.199661906,      -7.943457824
          0,           0,        1915,      -6.926612523,      -4.316441845,      -4.818518757,      -4.199272368,      -7.941944882
          0,           0,        1916,      -6.925191916,      -4.316441084,        -4.8176375,      -4.198876266,      -7.940432958
          0,           0,        1917,      -6.923761673,      -4.316441686,      -4.816755023,      -4.198473546,      -7.938923073
          0,           0,        1918,      -6.922321093,      -4.316443791,      -4.815871517,      -4.198064263,      -7.937415305
          0,           0,        1919,      -6.920869677,       -4.31644754,      -4.814987141,      -4.197648511,      -7.935906588
          0,           0,        1920,      -6.919407313,      -4.316453075,       -4.81410204,      -4.197226551,      -7.934397326
          0,           0,        1921,       -6.91793432,      -4.316460538,      -4.813216321,      -4.196798815,      -7.932892295
          0,           0,        1922,      -6.916451344,      -4.316470073,      -4.812330138,      -4.196365875,      -7.931381549
          0,           0,        1923,      -6.914959322,      -4.316481821,      -4.811443657,      -4.195928391,      -7.929870989
          0,           0,        1924,      -6.913459552,      -4.316495928,       -4.81055699,       -4.19548712,      -7.928365995
          0,           0,        1925,      -6.911953597,      -4.316512535,      -4.809670267,       -4.19504296,      -7.926865123
          0,           0,        1926,      -6.910443425,      -4.316531794,      -4.808783636,         -4.194597,      -7.925363345
          0,           0,        1927,      -6.908931054,      -4.316553849,      -4.807897249,      -4.194150311,      -7.923860296
          0,           0,        1928,      -6.907418721,      -4.316578834,      -4.807011206,      -4.193704008,      -7.922357517
          0,           0,        1929,       -6.90590883,       -4.31660689,      -4.806125613,      -4.193259348,      -7.920853099
          0,           0,        1930,       -6.90440402,       -4.31663816,       -4.80524056,      -4.192817661,      -7.919346322
          0,           0,        1931,      -6.902906835,      -4.316672786,      -4.804356125,      -4.192380261,      -7.917841449
          0,           0,        1932,      -6.901419992,      -4.316710906,      -4.803472425,      -4.191948522,      -7.916338357
          0,           0,        1933,      -6.899946481,      -4.316752662,      -4.802589586,       -4.19152394,      -7.914832964
          0,           0,        1934,      -6.898489527,      -4.316798193,      -4.801707643,      -4.191108126,      -7.913329227
          0,           0,        1935,      -6.897052653,      -4.316847635,      -4.800826654,      -4.190702799,       -7.91182338
          0,           0,        1936,      -6.895639381,       -4.31690112,      -4.799946779,      -4.190309613,      -7.910315397
          0,           0,        1937,      -6.894252725,       -4.31695878,        -4.7990681,      -4.189930037,      -7.908807102
          0,           0,        1938,      -6.892895473,      -4.317020746,      -4.798190699,      -4.189565504,      -7.907299736
          0,           0,        1939,      -6.891570522,      -4.317087143,      -4.797314649,      -4.189217476,      -7.905791948
          0,           0,        1940,      -6.890280673,      -4.317158097,      -4.796440049,      -4.188887374,      -7.904283341
          0,           0,        1941,      -6.889028368,      -4.317233729,      -4.795566941,      -4.188576431,      -7.902771544
          0,           0,        1942,       -6.88781609,       -4.31731416,      -4.794695437,      -4.188285941,      -7.901256515
          0,           0,        1943,       -6.88664602,      -4.317399505,      -4.793825573,      -4.188017128,      -7.899740381
          0,           0,        1944,      -6.885520272,      -4.317489881,        -4.7929574,      -4.187771166,      -7.898224967
          0,           0,        1945,      -6.884440864,      -4.317585395,      -4.792091027,      -4.187549127,      -7.896707801
          0,           0,        1946,      -6.883409457,      -4.317686158,       -4.79122653,      -4.187351954,      -7.895185745
          0,           0,        1947,      -6.882427321,      -4.317792274,      -4.790363951,      -4.187180436,      -7.893663922
          0,           0,        1948,      -6.881495442,      -4.317903845,      -4.789503354,      -4.187035251,      -7.892143272
          0,           0,        1949,      -6.880614823,      -4.318020971,      -4.788644819,      -4.186917099,      -7.890620923
          0,           0,        1950,      -6.879786205,      -4.318143747,      -4.787788399,       -4.18682649,      -7.889094326
          0,           0,        1951,      -6.879009911,      -4.318272265,      -4.786934142,      -4.186763783,      -7.887564626
          0,           0,        1952,       -6.87828609,      -4.318406613,      -4.786082102,      -4.186729271,      -7.886029897
          0,           0,        1953,      -6.877614761,      -4.318546876,      -4.785232368,      -4.186723194,      -7.884492927
          0,           0,        1954,      -6.876995768,      -4.318693134,      -4.784385005,      -4.186745597,      -7.882951029
          0,           0,        1955,      -6.876428294,      -4.318845466,      -4.783540021,      -4.186796274,      -7.881402165
          0,           0,        1956,      -6.875911536,      -4.319003948,      -4.782697475,      -4.186875086,      -7.879853502
          0,           0,        1957,      -6.875444947,      -4.319168651,      -4.781857391,      -4.186982012,      -7.878301919
          0,           0,        1958,      -6.875027837,      -4.319339643,      -4.781019826,      -4.187116904,      -7.876741689
          0,           0,        1959,      -6.874659463,      -4.319516986,       -4.78018484,      -4.187279491,      -7.875182263
          0,           0,        1960,      -6.874338954,      -4.319700737,      -4.779352489,      -4.187469464,       -7.87362127
          0,           0,        1961,      -6.874065276,      -4.319890949,      -4.778522814,      -4.187686398,      -7.872056157
          0,           0,        1962,      -6.873837172,       -4.32008767,      -4.777695855,      -4.187929757,      -7.870488003
          0,           0,        1963,       -6.87365341,      -4.320290943,      -4.776871669,      -4.188198962,      -7.868915633
          0,           0,        1964,      -6.873512629,      -4.320500809,      -4.776050314,      -4.188493406,      -7.867334248
          0,           0,        1965,      -6.873413483,        -4.3207173,      -4.775231836,      -4.188812476,      -7.865752577
          0,           0,        1966,      -6.873354597,      -4.320940449,      -4.774416235,      -4.189155543,      -7.864166488
          0,           0,        1967,      -6.873334465,      -4.321170282,      -4.773603567,      -4.189521896,       -7.86257324
          0,           0,        1968,      -6.873351589,      -4.321406822,      -4.772793889,      -4.189910834,      -7.860974407
          0,           0,        1969,      -6.873404451,      -4.321650089,      -4.771987233,      -4.190321649,       -7.85937736
          0,           0,        1970,      -6.873491546,      -4.321900101,      -4.771183632,      -4.190753657,      -7.857776418
          0,           0,        1971,      -6.873611345,      -4.322156872,      -4.770383084,      -4.191206136,      -7.856168488
          0,           0,        1972,      -6.873762153,      -4.322420412,      -4.769585628,      -4.191678274,      -7.854558595
          0,           0,        1973,      -6.873942212,      -4.322690729,      -4.768791284,      -4.192169267,      -7.852947183
          0,           0,        1974,      -6.874149889,      -4.322967827,       -4.76800006,      -4.192678403,      -7.851334517
          0,           0,        1975,      -6.874383573,      -4.323251706,      -4.767211941,      -4.193204959,      -7.849713316
          0,           0,        1976,      -6.874641501,      -4.323542367,      -4.766426952,       -4.19374812,      -7.848083066
          0,           0,        1977,      -6.874921897,      -4.323839804,       -4.76564507,      -4.194307059,      -7.846444952
          0,           0,        1978,      -6.875223036,      -4.324144014,      -4.764866315,      -4.194881032,      -7.844807866
          0,           0,        1979,       -6.87554265,      -4.324454991,      -4.764090637,      -4.195469039,      -7.843163598
          0,           0,        1980,       -6.87587967,       -4.32477272,      -4.763318035,      -4.196070524,      -7.841511795
          0,           0,        1981,      -6.876233042,      -4.325097184,      -4.762548534,      -4.196685029,      -7.839853992
          0,           0,        1982,      -6.876601855,      -4.325428361,      -4.761782122,      -4.197312092,      -7.838196378
          0,           0,        1983,      -6.876985213,      -4.325766227,      -4.761018821,      -4.197951179,      -7.836532472
          0,           0,        1984,       -6.87738249,      -4.326110752,       -4.76025863,       -4.19860193,      -7.834861611
          0,           0,        1985,      -6.877792893,        -4.3264619,      -4.759501572,      -4.199263837,      -7.833181934
          0,           0,        1986,      -6.878215402,      -4.326819631,      -4.758747672,      -4.199936228,      -7.831497379
          0,           0,        1987,      -6.878648683,      -4.327183904,      -4.757996938,      -4.200618284,      -7.829805152
          0,           0,        1988,       -6.87909158,      -4.327554676,      -4.757249353,        -4.2013094,      -7.828103228
          0,           0,        1989,      -6.879543016,      -4.327931902,      -4.756504926,      -4.202009012,      -7.826399513
          0,           0,        1990,      -6.880001866,      -4.328315536,      -4.755763648,      -4.202716583,      -7.824684974
          0,           0,        1991,      -6.880467001,      -4.328705532,      -4.755025499,       -4.20343154,       -7.82296966
          0,           0,        1992,      -6.880937337,      -4.329101839,      -4.754290468,      -4.204153379,      -7.821244379
          0,           0,        1993,       -6.88141156,      -4.329504405,      -4.753558527,      -4.204881484,      -7.819511769
          0,           0,        1994,      -6.881888451,      -4.329913176,      -4.752829632,       -4.20561528,      -7.817773333
          0,           0,        1995,      -6.882367065,      -4.330328098,      -4.752103779,      -4.206354335,      -7.816028069
          0,           0,        1996,      -6.882846304,       -4.33074911,      -4.751380948,        -4.2070982,      -7.814277572
          0,           0,        1997,        -6.8833249,       -4.33117615,      -4.750661114,      -4.207846256,      -7.812517033
          0,           0,        1998,      -6.883802157,      -4.331609153,      -4.749944258,       -4.20859816,      -7.810747923
          0,           0,        1999,      -6.884277379,      -4.332048051,      -4.749230339,      -4.209353555,      -7.808980407
          0,           0,        2000,      -6.884749587,      -4.332492778,      -4.748519311,      -4.210111938,      -7.807201301
          0,           0,        2001,      -6.885218103,      -4.332943261,      -4.747811117,      -4.210872966,      -7.805407439
          0,           0,        2002,      -6.885682506,      -4.333399425,      -4.747105735,      -4.211636442,      -7.803605993
          0,           0,        2003,      -6.886142675,      -4.333861195,      -4.746403124,       -4.21240227,      -7.801797527
          0,           0,        2004,      -6.886598765,      -4.334328492,       -4.74570325,       -4.21317047,      -7.799979959
          0,           0,        2005,      -6.887051095,      -4.334801228,      -4.745006078,      -4.213941076,      -7.798154952
          0,           0,        2006,      -6.887500126,      -4.335279318,      -4.744311564,      -4.214714143,      -7.796318906
          0,           0,        2007,      -6.887946427,      -4.335762669,      -4.743619661,      -4.215489808,      -7.794477121
          0,           0,        2008,      -6.888390384,      -4.336251184,      -4.742930339,      -4.216268109,      -7.792628599
          0,           0,        2009,      -6.888832496,      -4.336744766,      -4.742243573,      -4.217049037,      -7.790770793
          0,           0,        2010,       -6.88927371,      -4.337243311,      -4.741559334,      -4.217832889,      -7.788905615
          0,           0,        2011,      -6.889714853,      -4.337746713,      -4.740877585,      -4.218619889,      -7.787040966
          0,           0,        2012,      -6.890156376,      -4.338254867,      -4.740198271,      -4.219409896,      -7.785167438
          0,           0,        2013,      -6.890598937,       -4.33876766,      -4.739521345,      -4.220203095,      -7.783289353
          0,           0,        2014,       -6.89104341,      -4.339284984,      -4.738846744,       -4.22099982,      -7.781400968
          0,           0,        2015,      -6.891490824,      -4.339806727,      -4.738174398,      -4.221800379,      -7.779500666
